person_id,zone_id,alternative,station_id,walking_time_min,price_eur,availability,bike_option,chosen
1,64,outside,0,0.0,0.0,0.0,0,1
1,64,station_8,8,88.473,1.25,0.35,1,0
1,64,station_19,19,113.427,1.25,0.9,1,0
1,64,station_25,25,60.627,0.9,0.666,1,0
1,64,station_28,28,4.372,0.9,0.755,1,0
2,72,outside,0,0.0,0.0,0.0,0,1
2,72,station_8,8,108.042,1.25,0.35,1,0
2,72,station_19,19,129.488,1.25,0.9,1,0
2,72,station_25,25,66.488,0.9,0.666,1,0
2,72,station_28,28,17.792,0.9,0.755,1,0
3,62,outside,0,0.0,0.0,0.0,0,0
3,62,station_8,8,101.631,1.25,0.35,1,0
3,62,station_19,19,125.187,1.25,0.9,1,0
3,62,station_25,25,66.178,0.9,0.666,1,0
3,62,station_28,28,10.43,0.9,0.755,1,1
4,68,outside,0,0.0,0.0,0.0,0,1
4,68,station_8,8,30.047,1.25,0.35,1,0
4,68,station_19,19,72.698,1.25,0.9,1,0
4,68,station_25,25,75.575,0.9,0.666,1,0
4,68,station_28,28,63.183,0.9,0.755,1,0
5,40,outside,0,0.0,0.0,0.0,0,1
5,40,station_8,8,50.28,1.25,0.35,1,0
5,40,station_19,19,63.179,1.25,0.9,1,0
5,40,station_25,25,39.841,0.9,0.666,1,0
5,40,station_28,28,54.545,0.9,0.755,1,0
6,9,outside,0,0.0,0.0,0.0,0,0
6,9,station_8,8,60.179,1.25,0.35,1,0
6,9,station_19,19,10.891,1.25,0.9,1,1
6,9,station_25,25,89.553,0.9,0.666,1,0
6,9,station_28,28,128.538,0.9,0.755,1,0
7,67,outside,0,0.0,0.0,0.0,0,1
7,67,station_8,8,75.235,1.25,0.35,1,0
7,67,station_19,19,63.443,1.25,0.9,1,0
7,67,station_25,25,16.514,0.9,0.666,1,0
7,67,station_28,28,71.834,0.9,0.755,1,0
8,17,outside,0,0.0,0.0,0.0,0,1
8,17,station_8,8,63.784,1.25,0.35,1,0
8,17,station_19,19,70.418,1.25,0.9,1,0
8,17,station_25,25,27.153,0.9,0.666,1,0
8,17,station_28,28,50.824,0.9,0.755,1,0
9,67,outside,0,0.0,0.0,0.0,0,1
9,67,station_8,8,75.235,1.25,0.35,1,0
9,67,station_19,19,63.443,1.25,0.9,1,0
9,67,station_25,25,16.514,0.9,0.666,1,0
9,67,station_28,28,71.834,0.9,0.755,1,0
10,67,outside,0,0.0,0.0,0.0,0,0
10,67,station_8,8,75.235,1.25,0.35,1,0
10,67,station_19,19,63.443,1.25,0.9,1,0
10,67,station_25,25,16.514,0.9,0.666,1,1
10,67,station_28,28,71.834,0.9,0.755,1,0
11,25,outside,0,0.0,0.0,0.0,0,1
11,25,station_8,8,71.642,1.25,0.35,1,0
11,25,station_19,19,19.049,1.25,0.9,1,0
11,25,station_25,25,85.268,0.9,0.666,1,0
11,25,station_28,28,130.958,0.9,0.755,1,0
12,71,outside,0,0.0,0.0,0.0,0,1
12,71,station_8,8,58.007,1.25,0.35,1,0
12,71,station_19,19,24.109,1.25,0.9,1,0
12,71,station_25,25,103.797,0.9,0.666,1,0
12,71,station_28,28,136.758,0.9,0.755,1,0
13,33,outside,0,0.0,0.0,0.0,0,1
13,33,station_8,8,102.404,1.25,0.35,1,0
13,33,station_19,19,53.528,1.25,0.9,1,0
13,33,station_25,25,79.257,0.9,0.666,1,0
13,33,station_28,28,138.237,0.9,0.755,1,0
14,39,outside,0,0.0,0.0,0.0,0,0
14,39,station_8,8,57.569,1.25,0.35,1,0
14,39,station_19,19,15.638,1.25,0.9,1,1
14,39,station_25,25,95.59,0.9,0.666,1,0
14,39,station_28,28,131.33,0.9,0.755,1,0
15,36,outside,0,0.0,0.0,0.0,0,1
15,36,station_8,8,49.761,1.25,0.35,1,0
15,36,station_19,19,23.538,1.25,0.9,1,0
15,36,station_25,25,101.025,0.9,0.666,1,0
15,36,station_28,28,130.581,0.9,0.755,1,0
16,63,outside,0,0.0,0.0,0.0,0,1
16,63,station_8,8,30.308,1.25,0.35,1,0
16,63,station_19,19,74.577,1.25,0.9,1,0
16,63,station_25,25,78.28,0.9,0.666,1,0
16,63,station_28,28,64.16,0.9,0.755,1,0
17,67,outside,0,0.0,0.0,0.0,0,1
17,67,station_8,8,75.235,1.25,0.35,1,0
17,67,station_19,19,63.443,1.25,0.9,1,0
17,67,station_25,25,16.514,0.9,0.666,1,0
17,67,station_28,28,71.834,0.9,0.755,1,0
18,1,outside,0,0.0,0.0,0.0,0,1
18,1,station_8,8,70.31,1.25,0.35,1,0
18,1,station_19,19,20.578,1.25,0.9,1,0
18,1,station_25,25,73.376,0.9,0.666,1,0
18,1,station_28,28,121.38,0.9,0.755,1,0
19,79,outside,0,0.0,0.0,0.0,0,0
19,79,station_8,8,99.13,1.25,0.35,1,0
19,79,station_19,19,126.347,1.25,0.9,1,0
19,79,station_25,25,72.25,0.9,0.666,1,0
19,79,station_28,28,8.805,0.9,0.755,1,1
20,27,outside,0,0.0,0.0,0.0,0,1
20,27,station_8,8,83.882,1.25,0.35,1,0
20,27,station_19,19,95.907,1.25,0.9,1,0
20,27,station_25,25,33.242,0.9,0.666,1,0
20,27,station_28,28,31.308,0.9,0.755,1,0
21,37,outside,0,0.0,0.0,0.0,0,1
21,37,station_8,8,68.494,1.25,0.35,1,0
21,37,station_19,19,27.417,1.25,0.9,1,0
21,37,station_25,25,59.272,0.9,0.666,1,0
21,37,station_28,28,109.137,0.9,0.755,1,0
22,79,outside,0,0.0,0.0,0.0,0,1
22,79,station_8,8,99.13,1.25,0.35,1,0
22,79,station_19,19,126.347,1.25,0.9,1,0
22,79,station_25,25,72.25,0.9,0.666,1,0
22,79,station_28,28,8.805,0.9,0.755,1,0
23,16,outside,0,0.0,0.0,0.0,0,1
23,16,station_8,8,76.931,1.25,0.35,1,0
23,16,station_19,19,80.887,1.25,0.9,1,0
23,16,station_25,25,18.805,0.9,0.666,1,0
23,16,station_28,28,47.707,0.9,0.755,1,0
24,13,outside,0,0.0,0.0,0.0,0,1
24,13,station_8,8,26.846,1.25,0.35,1,0
24,13,station_19,19,29.228,1.25,0.9,1,0
24,13,station_25,25,89.473,0.9,0.666,1,0
24,13,station_28,28,110.088,0.9,0.755,1,0
25,76,outside,0,0.0,0.0,0.0,0,1
25,76,station_8,8,84.21,1.25,0.35,1,0
25,76,station_19,19,124.474,1.25,0.9,1,0
25,76,station_25,25,93.218,0.9,0.666,1,0
25,76,station_28,28,36.679,0.9,0.755,1,0
26,29,outside,0,0.0,0.0,0.0,0,1
26,29,station_8,8,90.575,1.25,0.35,1,0
26,29,station_19,19,126.377,1.25,0.9,1,0
26,29,station_25,25,86.174,0.9,0.666,1,0
26,29,station_28,28,24.94,0.9,0.755,1,0
27,13,outside,0,0.0,0.0,0.0,0,1
27,13,station_8,8,26.846,1.25,0.35,1,0
27,13,station_19,19,29.228,1.25,0.9,1,0
27,13,station_25,25,89.473,0.9,0.666,1,0
27,13,station_28,28,110.088,0.9,0.755,1,0
28,78,outside,0,0.0,0.0,0.0,0,1
28,78,station_8,8,85.507,1.25,0.35,1,0
28,78,station_19,19,51.361,1.25,0.9,1,0
28,78,station_25,25,44.406,0.9,0.666,1,0
28,78,station_28,28,104.032,0.9,0.755,1,0
29,5,outside,0,0.0,0.0,0.0,0,1
29,5,station_8,8,100.125,1.25,0.35,1,0
29,5,station_19,19,116.708,1.25,0.9,1,0
29,5,station_25,25,51.061,0.9,0.666,1,0
29,5,station_28,28,20.857,0.9,0.755,1,0
30,31,outside,0,0.0,0.0,0.0,0,1
30,31,station_8,8,78.215,1.25,0.35,1,0
30,31,station_19,19,113.719,1.25,0.9,1,0
30,31,station_25,25,77.83,0.9,0.666,1,0
30,31,station_28,28,24.111,0.9,0.755,1,0
31,9,outside,0,0.0,0.0,0.0,0,1
31,9,station_8,8,60.179,1.25,0.35,1,0
31,9,station_19,19,10.891,1.25,0.9,1,0
31,9,station_25,25,89.553,0.9,0.666,1,0
31,9,station_28,28,128.538,0.9,0.755,1,0
32,46,outside,0,0.0,0.0,0.0,0,1
32,46,station_8,8,50.091,1.25,0.35,1,0
32,46,station_19,19,85.489,1.25,0.9,1,0
32,46,station_25,25,66.439,0.9,0.666,1,0
32,46,station_28,28,42.432,0.9,0.755,1,0
33,45,outside,0,0.0,0.0,0.0,0,1
33,45,station_8,8,106.32,1.25,0.35,1,0
33,45,station_19,19,130.298,1.25,0.9,1,0
33,45,station_25,25,70.449,0.9,0.666,1,0
33,45,station_28,28,14.633,0.9,0.755,1,0
34,6,outside,0,0.0,0.0,0.0,0,1
34,6,station_8,8,98.145,1.25,0.35,1,0
34,6,station_19,19,113.947,1.25,0.9,1,0
34,6,station_25,25,48.196,0.9,0.666,1,0
34,6,station_28,28,21.955,0.9,0.755,1,0
35,35,outside,0,0.0,0.0,0.0,0,0
35,35,station_8,8,5.157,1.25,0.35,1,1
35,35,station_19,19,56.506,1.25,0.9,1,0
35,35,station_25,25,92.499,0.9,0.666,1,0
35,35,station_28,28,94.18,0.9,0.755,1,0
36,28,outside,0,0.0,0.0,0.0,0,1
36,28,station_8,8,45.893,1.25,0.35,1,0
36,28,station_19,19,17.858,1.25,0.9,1,0
36,28,station_25,25,63.65,0.9,0.666,1,0
36,28,station_28,28,100.112,0.9,0.755,1,0
37,14,outside,0,0.0,0.0,0.0,0,1
37,14,station_8,8,69.896,1.25,0.35,1,0
37,14,station_19,19,67.32,1.25,0.9,1,0
37,14,station_25,25,17.838,0.9,0.666,1,0
37,14,station_28,28,60.29,0.9,0.755,1,0
38,80,outside,0,0.0,0.0,0.0,0,1
38,80,station_8,8,79.716,1.25,0.35,1,0
38,80,station_19,19,50.2,1.25,0.9,1,0
38,80,station_25,25,38.164,0.9,0.666,1,0
38,80,station_28,28,96.269,0.9,0.755,1,0
39,3,outside,0,0.0,0.0,0.0,0,1
39,3,station_8,8,66.181,1.25,0.35,1,0
39,3,station_19,19,106.175,1.25,0.9,1,0
39,3,station_25,25,81.895,0.9,0.666,1,0
39,3,station_28,28,37.637,0.9,0.755,1,0
40,14,outside,0,0.0,0.0,0.0,0,1
40,14,station_8,8,69.896,1.25,0.35,1,0
40,14,station_19,19,67.32,1.25,0.9,1,0
40,14,station_25,25,17.838,0.9,0.666,1,0
40,14,station_28,28,60.29,0.9,0.755,1,0
41,39,outside,0,0.0,0.0,0.0,0,1
41,39,station_8,8,57.569,1.25,0.35,1,0
41,39,station_19,19,15.638,1.25,0.9,1,0
41,39,station_25,25,95.59,0.9,0.666,1,0
41,39,station_28,28,131.33,0.9,0.755,1,0
42,62,outside,0,0.0,0.0,0.0,0,0
42,62,station_8,8,101.631,1.25,0.35,1,0
42,62,station_19,19,125.187,1.25,0.9,1,0
42,62,station_25,25,66.178,0.9,0.666,1,0
42,62,station_28,28,10.43,0.9,0.755,1,1
43,64,outside,0,0.0,0.0,0.0,0,0
43,64,station_8,8,88.473,1.25,0.35,1,0
43,64,station_19,19,113.427,1.25,0.9,1,0
43,64,station_25,25,60.627,0.9,0.666,1,0
43,64,station_28,28,4.372,0.9,0.755,1,1
44,8,outside,0,0.0,0.0,0.0,0,0
44,8,station_8,8,4.571,1.25,0.35,1,1
44,8,station_19,19,49.873,1.25,0.9,1,0
44,8,station_25,25,83.221,0.9,0.666,1,0
44,8,station_28,28,89.191,0.9,0.755,1,0
45,42,outside,0,0.0,0.0,0.0,0,0
45,42,station_8,8,67.43,1.25,0.35,1,0
45,42,station_19,19,14.888,1.25,0.9,1,1
45,42,station_25,25,85.138,0.9,0.666,1,0
45,42,station_28,28,128.906,0.9,0.755,1,0
46,14,outside,0,0.0,0.0,0.0,0,1
46,14,station_8,8,69.896,1.25,0.35,1,0
46,14,station_19,19,67.32,1.25,0.9,1,0
46,14,station_25,25,17.838,0.9,0.666,1,0
46,14,station_28,28,60.29,0.9,0.755,1,0
47,80,outside,0,0.0,0.0,0.0,0,1
47,80,station_8,8,79.716,1.25,0.35,1,0
47,80,station_19,19,50.2,1.25,0.9,1,0
47,80,station_25,25,38.164,0.9,0.666,1,0
47,80,station_28,28,96.269,0.9,0.755,1,0
48,53,outside,0,0.0,0.0,0.0,0,1
48,53,station_8,8,107.748,1.25,0.35,1,0
48,53,station_19,19,153.115,1.25,0.9,1,0
48,53,station_25,25,125.618,0.9,0.666,1,0
48,53,station_28,28,65.388,0.9,0.755,1,0
49,59,outside,0,0.0,0.0,0.0,0,1
49,59,station_8,8,101.758,1.25,0.35,1,0
49,59,station_19,19,111.107,1.25,0.9,1,0
49,59,station_25,25,38.654,0.9,0.666,1,0
49,59,station_28,28,35.203,0.9,0.755,1,0
50,63,outside,0,0.0,0.0,0.0,0,1
50,63,station_8,8,30.308,1.25,0.35,1,0
50,63,station_19,19,74.577,1.25,0.9,1,0
50,63,station_25,25,78.28,0.9,0.666,1,0
50,63,station_28,28,64.16,0.9,0.755,1,0
51,77,outside,0,0.0,0.0,0.0,0,0
51,77,station_8,8,15.566,1.25,0.35,1,1
51,77,station_19,19,38.912,1.25,0.9,1,0
51,77,station_25,25,76.359,0.9,0.666,1,0
51,77,station_28,28,90.868,0.9,0.755,1,0
52,9,outside,0,0.0,0.0,0.0,0,1
52,9,station_8,8,60.179,1.25,0.35,1,0
52,9,station_19,19,10.891,1.25,0.9,1,0
52,9,station_25,25,89.553,0.9,0.666,1,0
52,9,station_28,28,128.538,0.9,0.755,1,0
53,29,outside,0,0.0,0.0,0.0,0,1
53,29,station_8,8,90.575,1.25,0.35,1,0
53,29,station_19,19,126.377,1.25,0.9,1,0
53,29,station_25,25,86.174,0.9,0.666,1,0
53,29,station_28,28,24.94,0.9,0.755,1,0
54,14,outside,0,0.0,0.0,0.0,0,1
54,14,station_8,8,69.896,1.25,0.35,1,0
54,14,station_19,19,67.32,1.25,0.9,1,0
54,14,station_25,25,17.838,0.9,0.666,1,0
54,14,station_28,28,60.29,0.9,0.755,1,0
55,66,outside,0,0.0,0.0,0.0,0,1
55,66,station_8,8,130.066,1.25,0.35,1,0
55,66,station_19,19,166.347,1.25,0.9,1,0
55,66,station_25,25,117.664,0.9,0.666,1,0
55,66,station_28,28,53.6,0.9,0.755,1,0
56,18,outside,0,0.0,0.0,0.0,0,1
56,18,station_8,8,57.722,1.25,0.35,1,0
56,18,station_19,19,85.165,1.25,0.9,1,0
56,18,station_25,25,54.276,0.9,0.666,1,0
56,18,station_28,28,34.63,0.9,0.755,1,0
57,57,outside,0,0.0,0.0,0.0,0,1
57,57,station_8,8,83.823,1.25,0.35,1,0
57,57,station_19,19,81.369,1.25,0.9,1,0
57,57,station_25,25,8.476,0.9,0.666,1,0
57,57,station_28,28,56.282,0.9,0.755,1,0
58,4,outside,0,0.0,0.0,0.0,0,1
58,4,station_8,8,123.283,1.25,0.35,1,0
58,4,station_19,19,160.772,1.25,0.9,1,0
58,4,station_25,25,115.162,0.9,0.666,1,0
58,4,station_28,28,50.64,0.9,0.755,1,0
59,2,outside,0,0.0,0.0,0.0,0,0
59,2,station_8,8,4.679,1.25,0.35,1,1
59,2,station_19,19,57.165,1.25,0.9,1,0
59,2,station_25,25,90.696,0.9,0.666,1,0
59,2,station_28,28,91.632,0.9,0.755,1,0
60,31,outside,0,0.0,0.0,0.0,0,1
60,31,station_8,8,78.215,1.25,0.35,1,0
60,31,station_19,19,113.719,1.25,0.9,1,0
60,31,station_25,25,77.83,0.9,0.666,1,0
60,31,station_28,28,24.111,0.9,0.755,1,0
61,28,outside,0,0.0,0.0,0.0,0,1
61,28,station_8,8,45.893,1.25,0.35,1,0
61,28,station_19,19,17.858,1.25,0.9,1,0
61,28,station_25,25,63.65,0.9,0.666,1,0
61,28,station_28,28,100.112,0.9,0.755,1,0
62,37,outside,0,0.0,0.0,0.0,0,1
62,37,station_8,8,68.494,1.25,0.35,1,0
62,37,station_19,19,27.417,1.25,0.9,1,0
62,37,station_25,25,59.272,0.9,0.666,1,0
62,37,station_28,28,109.137,0.9,0.755,1,0
63,71,outside,0,0.0,0.0,0.0,0,1
63,71,station_8,8,58.007,1.25,0.35,1,0
63,71,station_19,19,24.109,1.25,0.9,1,0
63,71,station_25,25,103.797,0.9,0.666,1,0
63,71,station_28,28,136.758,0.9,0.755,1,0
64,40,outside,0,0.0,0.0,0.0,0,1
64,40,station_8,8,50.28,1.25,0.35,1,0
64,40,station_19,19,63.179,1.25,0.9,1,0
64,40,station_25,25,39.841,0.9,0.666,1,0
64,40,station_28,28,54.545,0.9,0.755,1,0
65,33,outside,0,0.0,0.0,0.0,0,1
65,33,station_8,8,102.404,1.25,0.35,1,0
65,33,station_19,19,53.528,1.25,0.9,1,0
65,33,station_25,25,79.257,0.9,0.666,1,0
65,33,station_28,28,138.237,0.9,0.755,1,0
66,55,outside,0,0.0,0.0,0.0,0,1
66,55,station_8,8,70.571,1.25,0.35,1,0
66,55,station_19,19,22.336,1.25,0.9,1,0
66,55,station_25,25,98.744,0.9,0.666,1,0
66,55,station_28,28,139.9,0.9,0.755,1,0
67,13,outside,0,0.0,0.0,0.0,0,1
67,13,station_8,8,26.846,1.25,0.35,1,0
67,13,station_19,19,29.228,1.25,0.9,1,0
67,13,station_25,25,89.473,0.9,0.666,1,0
67,13,station_28,28,110.088,0.9,0.755,1,0
68,27,outside,0,0.0,0.0,0.0,0,1
68,27,station_8,8,83.882,1.25,0.35,1,0
68,27,station_19,19,95.907,1.25,0.9,1,0
68,27,station_25,25,33.242,0.9,0.666,1,0
68,27,station_28,28,31.308,0.9,0.755,1,0
69,77,outside,0,0.0,0.0,0.0,0,1
69,77,station_8,8,15.566,1.25,0.35,1,0
69,77,station_19,19,38.912,1.25,0.9,1,0
69,77,station_25,25,76.359,0.9,0.666,1,0
69,77,station_28,28,90.868,0.9,0.755,1,0
70,5,outside,0,0.0,0.0,0.0,0,1
70,5,station_8,8,100.125,1.25,0.35,1,0
70,5,station_19,19,116.708,1.25,0.9,1,0
70,5,station_25,25,51.061,0.9,0.666,1,0
70,5,station_28,28,20.857,0.9,0.755,1,0
71,80,outside,0,0.0,0.0,0.0,0,1
71,80,station_8,8,79.716,1.25,0.35,1,0
71,80,station_19,19,50.2,1.25,0.9,1,0
71,80,station_25,25,38.164,0.9,0.666,1,0
71,80,station_28,28,96.269,0.9,0.755,1,0
72,79,outside,0,0.0,0.0,0.0,0,0
72,79,station_8,8,99.13,1.25,0.35,1,0
72,79,station_19,19,126.347,1.25,0.9,1,0
72,79,station_25,25,72.25,0.9,0.666,1,0
72,79,station_28,28,8.805,0.9,0.755,1,1
73,41,outside,0,0.0,0.0,0.0,0,1
73,41,station_8,8,84.6,1.25,0.35,1,0
73,41,station_19,19,44.709,1.25,0.9,1,0
73,41,station_25,25,54.471,0.9,0.666,1,0
73,41,station_28,28,112.197,0.9,0.755,1,0
74,67,outside,0,0.0,0.0,0.0,0,1
74,67,station_8,8,75.235,1.25,0.35,1,0
74,67,station_19,19,63.443,1.25,0.9,1,0
74,67,station_25,25,16.514,0.9,0.666,1,0
74,67,station_28,28,71.834,0.9,0.755,1,0
75,24,outside,0,0.0,0.0,0.0,0,1
75,24,station_8,8,59.502,1.25,0.35,1,0
75,24,station_19,19,71.183,1.25,0.9,1,0
75,24,station_25,25,33.7,0.9,0.666,1,0
75,24,station_28,28,47.589,0.9,0.755,1,0
76,29,outside,0,0.0,0.0,0.0,0,1
76,29,station_8,8,90.575,1.25,0.35,1,0
76,29,station_19,19,126.377,1.25,0.9,1,0
76,29,station_25,25,86.174,0.9,0.666,1,0
76,29,station_28,28,24.94,0.9,0.755,1,0
77,57,outside,0,0.0,0.0,0.0,0,0
77,57,station_8,8,83.823,1.25,0.35,1,0
77,57,station_19,19,81.369,1.25,0.9,1,0
77,57,station_25,25,8.476,0.9,0.666,1,1
77,57,station_28,28,56.282,0.9,0.755,1,0
78,58,outside,0,0.0,0.0,0.0,0,1
78,58,station_8,8,70.988,1.25,0.35,1,0
78,58,station_19,19,46.308,1.25,0.9,1,0
78,58,station_25,25,35.817,0.9,0.666,1,0
78,58,station_28,28,89.487,0.9,0.755,1,0
79,21,outside,0,0.0,0.0,0.0,0,1
79,21,station_8,8,129.476,1.25,0.35,1,0
79,21,station_19,19,167.479,1.25,0.9,1,0
79,21,station_25,25,121.663,0.9,0.666,1,0
79,21,station_28,28,57.205,0.9,0.755,1,0
80,3,outside,0,0.0,0.0,0.0,0,1
80,3,station_8,8,66.181,1.25,0.35,1,0
80,3,station_19,19,106.175,1.25,0.9,1,0
80,3,station_25,25,81.895,0.9,0.666,1,0
80,3,station_28,28,37.637,0.9,0.755,1,0
81,13,outside,0,0.0,0.0,0.0,0,1
81,13,station_8,8,26.846,1.25,0.35,1,0
81,13,station_19,19,29.228,1.25,0.9,1,0
81,13,station_25,25,89.473,0.9,0.666,1,0
81,13,station_28,28,110.088,0.9,0.755,1,0
82,22,outside,0,0.0,0.0,0.0,0,1
82,22,station_8,8,75.15,1.25,0.35,1,0
82,22,station_19,19,59.51,1.25,0.9,1,0
82,22,station_25,25,21.007,0.9,0.666,1,0
82,22,station_28,28,77.226,0.9,0.755,1,0
83,18,outside,0,0.0,0.0,0.0,0,1
83,18,station_8,8,57.722,1.25,0.35,1,0
83,18,station_19,19,85.165,1.25,0.9,1,0
83,18,station_25,25,54.276,0.9,0.666,1,0
83,18,station_28,28,34.63,0.9,0.755,1,0
84,7,outside,0,0.0,0.0,0.0,0,1
84,7,station_8,8,85.244,1.25,0.35,1,0
84,7,station_19,19,55.162,1.25,0.9,1,0
84,7,station_25,25,37.637,0.9,0.666,1,0
84,7,station_28,28,98.08,0.9,0.755,1,0
85,6,outside,0,0.0,0.0,0.0,0,1
85,6,station_8,8,98.145,1.25,0.35,1,0
85,6,station_19,19,113.947,1.25,0.9,1,0
85,6,station_25,25,48.196,0.9,0.666,1,0
85,6,station_28,28,21.955,0.9,0.755,1,0
86,19,outside,0,0.0,0.0,0.0,0,1
86,19,station_8,8,135.682,1.25,0.35,1,0
86,19,station_19,19,169.296,1.25,0.9,1,0
86,19,station_25,25,115.78,0.9,0.666,1,0
86,19,station_28,28,53.427,0.9,0.755,1,0
87,22,outside,0,0.0,0.0,0.0,0,1
87,22,station_8,8,75.15,1.25,0.35,1,0
87,22,station_19,19,59.51,1.25,0.9,1,0
87,22,station_25,25,21.007,0.9,0.666,1,0
87,22,station_28,28,77.226,0.9,0.755,1,0
88,8,outside,0,0.0,0.0,0.0,0,0
88,8,station_8,8,4.571,1.25,0.35,1,1
88,8,station_19,19,49.873,1.25,0.9,1,0
88,8,station_25,25,83.221,0.9,0.666,1,0
88,8,station_28,28,89.191,0.9,0.755,1,0
89,24,outside,0,0.0,0.0,0.0,0,1
89,24,station_8,8,59.502,1.25,0.35,1,0
89,24,station_19,19,71.183,1.25,0.9,1,0
89,24,station_25,25,33.7,0.9,0.666,1,0
89,24,station_28,28,47.589,0.9,0.755,1,0
90,2,outside,0,0.0,0.0,0.0,0,1
90,2,station_8,8,4.679,1.25,0.35,1,0
90,2,station_19,19,57.165,1.25,0.9,1,0
90,2,station_25,25,90.696,0.9,0.666,1,0
90,2,station_28,28,91.632,0.9,0.755,1,0
91,80,outside,0,0.0,0.0,0.0,0,1
91,80,station_8,8,79.716,1.25,0.35,1,0
91,80,station_19,19,50.2,1.25,0.9,1,0
91,80,station_25,25,38.164,0.9,0.666,1,0
91,80,station_28,28,96.269,0.9,0.755,1,0
92,17,outside,0,0.0,0.0,0.0,0,1
92,17,station_8,8,63.784,1.25,0.35,1,0
92,17,station_19,19,70.418,1.25,0.9,1,0
92,17,station_25,25,27.153,0.9,0.666,1,0
92,17,station_28,28,50.824,0.9,0.755,1,0
93,10,outside,0,0.0,0.0,0.0,0,1
93,10,station_8,8,39.742,1.25,0.35,1,0
93,10,station_19,19,76.751,1.25,0.9,1,0
93,10,station_25,25,67.733,0.9,0.666,1,0
93,10,station_28,28,52.375,0.9,0.755,1,0
94,76,outside,0,0.0,0.0,0.0,0,1
94,76,station_8,8,84.21,1.25,0.35,1,0
94,76,station_19,19,124.474,1.25,0.9,1,0
94,76,station_25,25,93.218,0.9,0.666,1,0
94,76,station_28,28,36.679,0.9,0.755,1,0
95,79,outside,0,0.0,0.0,0.0,0,0
95,79,station_8,8,99.13,1.25,0.35,1,0
95,79,station_19,19,126.347,1.25,0.9,1,0
95,79,station_25,25,72.25,0.9,0.666,1,0
95,79,station_28,28,8.805,0.9,0.755,1,1
96,58,outside,0,0.0,0.0,0.0,0,1
96,58,station_8,8,70.988,1.25,0.35,1,0
96,58,station_19,19,46.308,1.25,0.9,1,0
96,58,station_25,25,35.817,0.9,0.666,1,0
96,58,station_28,28,89.487,0.9,0.755,1,0
97,73,outside,0,0.0,0.0,0.0,0,1
97,73,station_8,8,135.206,1.25,0.35,1,0
97,73,station_19,19,154.215,1.25,0.9,1,0
97,73,station_25,25,84.187,0.9,0.666,1,0
97,73,station_28,28,44.458,0.9,0.755,1,0
98,67,outside,0,0.0,0.0,0.0,0,1
98,67,station_8,8,75.235,1.25,0.35,1,0
98,67,station_19,19,63.443,1.25,0.9,1,0
98,67,station_25,25,16.514,0.9,0.666,1,0
98,67,station_28,28,71.834,0.9,0.755,1,0
99,31,outside,0,0.0,0.0,0.0,0,1
99,31,station_8,8,78.215,1.25,0.35,1,0
99,31,station_19,19,113.719,1.25,0.9,1,0
99,31,station_25,25,77.83,0.9,0.666,1,0
99,31,station_28,28,24.111,0.9,0.755,1,0
100,47,outside,0,0.0,0.0,0.0,0,1
100,47,station_8,8,69.469,1.25,0.35,1,0
100,47,station_19,19,26.159,1.25,0.9,1,0
100,47,station_25,25,62.253,0.9,0.666,1,0
100,47,station_28,28,112.087,0.9,0.755,1,0
101,64,outside,0,0.0,0.0,0.0,0,0
101,64,station_8,8,88.473,1.25,0.35,1,0
101,64,station_19,19,113.427,1.25,0.9,1,0
101,64,station_25,25,60.627,0.9,0.666,1,0
101,64,station_28,28,4.372,0.9,0.755,1,1
102,41,outside,0,0.0,0.0,0.0,0,1
102,41,station_8,8,84.6,1.25,0.35,1,0
102,41,station_19,19,44.709,1.25,0.9,1,0
102,41,station_25,25,54.471,0.9,0.666,1,0
102,41,station_28,28,112.197,0.9,0.755,1,0
103,17,outside,0,0.0,0.0,0.0,0,1
103,17,station_8,8,63.784,1.25,0.35,1,0
103,17,station_19,19,70.418,1.25,0.9,1,0
103,17,station_25,25,27.153,0.9,0.666,1,0
103,17,station_28,28,50.824,0.9,0.755,1,0
104,14,outside,0,0.0,0.0,0.0,0,1
104,14,station_8,8,69.896,1.25,0.35,1,0
104,14,station_19,19,67.32,1.25,0.9,1,0
104,14,station_25,25,17.838,0.9,0.666,1,0
104,14,station_28,28,60.29,0.9,0.755,1,0
105,24,outside,0,0.0,0.0,0.0,0,1
105,24,station_8,8,59.502,1.25,0.35,1,0
105,24,station_19,19,71.183,1.25,0.9,1,0
105,24,station_25,25,33.7,0.9,0.666,1,0
105,24,station_28,28,47.589,0.9,0.755,1,0
106,54,outside,0,0.0,0.0,0.0,0,1
106,54,station_8,8,62.425,1.25,0.35,1,0
106,54,station_19,19,108.183,1.25,0.9,1,0
106,54,station_25,25,94.799,0.9,0.666,1,0
106,54,station_28,28,53.296,0.9,0.755,1,0
107,51,outside,0,0.0,0.0,0.0,0,1
107,51,station_8,8,46.117,1.25,0.35,1,0
107,51,station_19,19,95.044,1.25,0.9,1,0
107,51,station_25,25,95.245,0.9,0.666,1,0
107,51,station_28,28,65.741,0.9,0.755,1,0
108,76,outside,0,0.0,0.0,0.0,0,1
108,76,station_8,8,84.21,1.25,0.35,1,0
108,76,station_19,19,124.474,1.25,0.9,1,0
108,76,station_25,25,93.218,0.9,0.666,1,0
108,76,station_28,28,36.679,0.9,0.755,1,0
109,24,outside,0,0.0,0.0,0.0,0,0
109,24,station_8,8,59.502,1.25,0.35,1,0
109,24,station_19,19,71.183,1.25,0.9,1,0
109,24,station_25,25,33.7,0.9,0.666,1,1
109,24,station_28,28,47.589,0.9,0.755,1,0
110,74,outside,0,0.0,0.0,0.0,0,0
110,74,station_8,8,32.229,1.25,0.35,1,1
110,74,station_19,19,75.711,1.25,0.9,1,0
110,74,station_25,25,77.248,0.9,0.666,1,0
110,74,station_28,28,62.103,0.9,0.755,1,0
111,38,outside,0,0.0,0.0,0.0,0,1
111,38,station_8,8,122.799,1.25,0.35,1,0
111,38,station_19,19,142.992,1.25,0.9,1,0
111,38,station_25,25,75.759,0.9,0.666,1,0
111,38,station_28,28,32.057,0.9,0.755,1,0
112,57,outside,0,0.0,0.0,0.0,0,1
112,57,station_8,8,83.823,1.25,0.35,1,0
112,57,station_19,19,81.369,1.25,0.9,1,0
112,57,station_25,25,8.476,0.9,0.666,1,0
112,57,station_28,28,56.282,0.9,0.755,1,0
113,23,outside,0,0.0,0.0,0.0,0,1
113,23,station_8,8,90.334,1.25,0.35,1,0
113,23,station_19,19,112.064,1.25,0.9,1,0
113,23,station_25,25,55.093,0.9,0.666,1,0
113,23,station_28,28,9.747,0.9,0.755,1,0
114,3,outside,0,0.0,0.0,0.0,0,1
114,3,station_8,8,66.181,1.25,0.35,1,0
114,3,station_19,19,106.175,1.25,0.9,1,0
114,3,station_25,25,81.895,0.9,0.666,1,0
114,3,station_28,28,37.637,0.9,0.755,1,0
115,57,outside,0,0.0,0.0,0.0,0,1
115,57,station_8,8,83.823,1.25,0.35,1,0
115,57,station_19,19,81.369,1.25,0.9,1,0
115,57,station_25,25,8.476,0.9,0.666,1,0
115,57,station_28,28,56.282,0.9,0.755,1,0
116,46,outside,0,0.0,0.0,0.0,0,1
116,46,station_8,8,50.091,1.25,0.35,1,0
116,46,station_19,19,85.489,1.25,0.9,1,0
116,46,station_25,25,66.439,0.9,0.666,1,0
116,46,station_28,28,42.432,0.9,0.755,1,0
117,52,outside,0,0.0,0.0,0.0,0,1
117,52,station_8,8,87.473,1.25,0.35,1,0
117,52,station_19,19,129.185,1.25,0.9,1,0
117,52,station_25,25,99.326,0.9,0.666,1,0
117,52,station_28,28,42.06,0.9,0.755,1,0
118,67,outside,0,0.0,0.0,0.0,0,1
118,67,station_8,8,75.235,1.25,0.35,1,0
118,67,station_19,19,63.443,1.25,0.9,1,0
118,67,station_25,25,16.514,0.9,0.666,1,0
118,67,station_28,28,71.834,0.9,0.755,1,0
119,46,outside,0,0.0,0.0,0.0,0,1
119,46,station_8,8,50.091,1.25,0.35,1,0
119,46,station_19,19,85.489,1.25,0.9,1,0
119,46,station_25,25,66.439,0.9,0.666,1,0
119,46,station_28,28,42.432,0.9,0.755,1,0
120,70,outside,0,0.0,0.0,0.0,0,1
120,70,station_8,8,75.014,1.25,0.35,1,0
120,70,station_19,19,122.596,1.25,0.9,1,0
120,70,station_25,25,108.626,0.9,0.666,1,0
120,70,station_28,28,60.868,0.9,0.755,1,0
121,14,outside,0,0.0,0.0,0.0,0,1
121,14,station_8,8,69.896,1.25,0.35,1,0
121,14,station_19,19,67.32,1.25,0.9,1,0
121,14,station_25,25,17.838,0.9,0.666,1,0
121,14,station_28,28,60.29,0.9,0.755,1,0
122,68,outside,0,0.0,0.0,0.0,0,1
122,68,station_8,8,30.047,1.25,0.35,1,0
122,68,station_19,19,72.698,1.25,0.9,1,0
122,68,station_25,25,75.575,0.9,0.666,1,0
122,68,station_28,28,63.183,0.9,0.755,1,0
123,58,outside,0,0.0,0.0,0.0,0,1
123,58,station_8,8,70.988,1.25,0.35,1,0
123,58,station_19,19,46.308,1.25,0.9,1,0
123,58,station_25,25,35.817,0.9,0.666,1,0
123,58,station_28,28,89.487,0.9,0.755,1,0
124,15,outside,0,0.0,0.0,0.0,0,1
124,15,station_8,8,76.282,1.25,0.35,1,0
124,15,station_19,19,40.814,1.25,0.9,1,0
124,15,station_25,25,48.434,0.9,0.666,1,0
124,15,station_28,28,103.654,0.9,0.755,1,0
125,37,outside,0,0.0,0.0,0.0,0,0
125,37,station_8,8,68.494,1.25,0.35,1,0
125,37,station_19,19,27.417,1.25,0.9,1,1
125,37,station_25,25,59.272,0.9,0.666,1,0
125,37,station_28,28,109.137,0.9,0.755,1,0
126,46,outside,0,0.0,0.0,0.0,0,1
126,46,station_8,8,50.091,1.25,0.35,1,0
126,46,station_19,19,85.489,1.25,0.9,1,0
126,46,station_25,25,66.439,0.9,0.666,1,0
126,46,station_28,28,42.432,0.9,0.755,1,0
127,77,outside,0,0.0,0.0,0.0,0,1
127,77,station_8,8,15.566,1.25,0.35,1,0
127,77,station_19,19,38.912,1.25,0.9,1,0
127,77,station_25,25,76.359,0.9,0.666,1,0
127,77,station_28,28,90.868,0.9,0.755,1,0
128,62,outside,0,0.0,0.0,0.0,0,1
128,62,station_8,8,101.631,1.25,0.35,1,0
128,62,station_19,19,125.187,1.25,0.9,1,0
128,62,station_25,25,66.178,0.9,0.666,1,0
128,62,station_28,28,10.43,0.9,0.755,1,0
129,5,outside,0,0.0,0.0,0.0,0,1
129,5,station_8,8,100.125,1.25,0.35,1,0
129,5,station_19,19,116.708,1.25,0.9,1,0
129,5,station_25,25,51.061,0.9,0.666,1,0
129,5,station_28,28,20.857,0.9,0.755,1,0
130,17,outside,0,0.0,0.0,0.0,0,1
130,17,station_8,8,63.784,1.25,0.35,1,0
130,17,station_19,19,70.418,1.25,0.9,1,0
130,17,station_25,25,27.153,0.9,0.666,1,0
130,17,station_28,28,50.824,0.9,0.755,1,0
131,58,outside,0,0.0,0.0,0.0,0,1
131,58,station_8,8,70.988,1.25,0.35,1,0
131,58,station_19,19,46.308,1.25,0.9,1,0
131,58,station_25,25,35.817,0.9,0.666,1,0
131,58,station_28,28,89.487,0.9,0.755,1,0
132,22,outside,0,0.0,0.0,0.0,0,1
132,22,station_8,8,75.15,1.25,0.35,1,0
132,22,station_19,19,59.51,1.25,0.9,1,0
132,22,station_25,25,21.007,0.9,0.666,1,0
132,22,station_28,28,77.226,0.9,0.755,1,0
133,36,outside,0,0.0,0.0,0.0,0,0
133,36,station_8,8,49.761,1.25,0.35,1,0
133,36,station_19,19,23.538,1.25,0.9,1,1
133,36,station_25,25,101.025,0.9,0.666,1,0
133,36,station_28,28,130.581,0.9,0.755,1,0
134,42,outside,0,0.0,0.0,0.0,0,1
134,42,station_8,8,67.43,1.25,0.35,1,0
134,42,station_19,19,14.888,1.25,0.9,1,0
134,42,station_25,25,85.138,0.9,0.666,1,0
134,42,station_28,28,128.906,0.9,0.755,1,0
135,38,outside,0,0.0,0.0,0.0,0,1
135,38,station_8,8,122.799,1.25,0.35,1,0
135,38,station_19,19,142.992,1.25,0.9,1,0
135,38,station_25,25,75.759,0.9,0.666,1,0
135,38,station_28,28,32.057,0.9,0.755,1,0
136,17,outside,0,0.0,0.0,0.0,0,1
136,17,station_8,8,63.784,1.25,0.35,1,0
136,17,station_19,19,70.418,1.25,0.9,1,0
136,17,station_25,25,27.153,0.9,0.666,1,0
136,17,station_28,28,50.824,0.9,0.755,1,0
137,10,outside,0,0.0,0.0,0.0,0,1
137,10,station_8,8,39.742,1.25,0.35,1,0
137,10,station_19,19,76.751,1.25,0.9,1,0
137,10,station_25,25,67.733,0.9,0.666,1,0
137,10,station_28,28,52.375,0.9,0.755,1,0
138,40,outside,0,0.0,0.0,0.0,0,1
138,40,station_8,8,50.28,1.25,0.35,1,0
138,40,station_19,19,63.179,1.25,0.9,1,0
138,40,station_25,25,39.841,0.9,0.666,1,0
138,40,station_28,28,54.545,0.9,0.755,1,0
139,24,outside,0,0.0,0.0,0.0,0,1
139,24,station_8,8,59.502,1.25,0.35,1,0
139,24,station_19,19,71.183,1.25,0.9,1,0
139,24,station_25,25,33.7,0.9,0.666,1,0
139,24,station_28,28,47.589,0.9,0.755,1,0
140,50,outside,0,0.0,0.0,0.0,0,1
140,50,station_8,8,75.498,1.25,0.35,1,0
140,50,station_19,19,77.73,1.25,0.9,1,0
140,50,station_25,25,16.997,0.9,0.666,1,0
140,50,station_28,28,50.967,0.9,0.755,1,0
141,13,outside,0,0.0,0.0,0.0,0,1
141,13,station_8,8,26.846,1.25,0.35,1,0
141,13,station_19,19,29.228,1.25,0.9,1,0
141,13,station_25,25,89.473,0.9,0.666,1,0
141,13,station_28,28,110.088,0.9,0.755,1,0
142,77,outside,0,0.0,0.0,0.0,0,1
142,77,station_8,8,15.566,1.25,0.35,1,0
142,77,station_19,19,38.912,1.25,0.9,1,0
142,77,station_25,25,76.359,0.9,0.666,1,0
142,77,station_28,28,90.868,0.9,0.755,1,0
143,80,outside,0,0.0,0.0,0.0,0,1
143,80,station_8,8,79.716,1.25,0.35,1,0
143,80,station_19,19,50.2,1.25,0.9,1,0
143,80,station_25,25,38.164,0.9,0.666,1,0
143,80,station_28,28,96.269,0.9,0.755,1,0
144,77,outside,0,0.0,0.0,0.0,0,1
144,77,station_8,8,15.566,1.25,0.35,1,0
144,77,station_19,19,38.912,1.25,0.9,1,0
144,77,station_25,25,76.359,0.9,0.666,1,0
144,77,station_28,28,90.868,0.9,0.755,1,0
145,70,outside,0,0.0,0.0,0.0,0,1
145,70,station_8,8,75.014,1.25,0.35,1,0
145,70,station_19,19,122.596,1.25,0.9,1,0
145,70,station_25,25,108.626,0.9,0.666,1,0
145,70,station_28,28,60.868,0.9,0.755,1,0
146,67,outside,0,0.0,0.0,0.0,0,1
146,67,station_8,8,75.235,1.25,0.35,1,0
146,67,station_19,19,63.443,1.25,0.9,1,0
146,67,station_25,25,16.514,0.9,0.666,1,0
146,67,station_28,28,71.834,0.9,0.755,1,0
147,80,outside,0,0.0,0.0,0.0,0,1
147,80,station_8,8,79.716,1.25,0.35,1,0
147,80,station_19,19,50.2,1.25,0.9,1,0
147,80,station_25,25,38.164,0.9,0.666,1,0
147,80,station_28,28,96.269,0.9,0.755,1,0
148,68,outside,0,0.0,0.0,0.0,0,1
148,68,station_8,8,30.047,1.25,0.35,1,0
148,68,station_19,19,72.698,1.25,0.9,1,0
148,68,station_25,25,75.575,0.9,0.666,1,0
148,68,station_28,28,63.183,0.9,0.755,1,0
149,53,outside,0,0.0,0.0,0.0,0,1
149,53,station_8,8,107.748,1.25,0.35,1,0
149,53,station_19,19,153.115,1.25,0.9,1,0
149,53,station_25,25,125.618,0.9,0.666,1,0
149,53,station_28,28,65.388,0.9,0.755,1,0
150,12,outside,0,0.0,0.0,0.0,0,1
150,12,station_8,8,16.711,1.25,0.35,1,0
150,12,station_19,19,45.818,1.25,0.9,1,0
150,12,station_25,25,97.417,0.9,0.666,1,0
150,12,station_28,28,107.888,0.9,0.755,1,0
151,34,outside,0,0.0,0.0,0.0,0,1
151,34,station_8,8,35.693,1.25,0.35,1,0
151,34,station_19,19,36.459,1.25,0.9,1,0
151,34,station_25,25,104.209,0.9,0.666,1,0
151,34,station_28,28,123.909,0.9,0.755,1,0
152,36,outside,0,0.0,0.0,0.0,0,1
152,36,station_8,8,49.761,1.25,0.35,1,0
152,36,station_19,19,23.538,1.25,0.9,1,0
152,36,station_25,25,101.025,0.9,0.666,1,0
152,36,station_28,28,130.581,0.9,0.755,1,0
153,29,outside,0,0.0,0.0,0.0,0,1
153,29,station_8,8,90.575,1.25,0.35,1,0
153,29,station_19,19,126.377,1.25,0.9,1,0
153,29,station_25,25,86.174,0.9,0.666,1,0
153,29,station_28,28,24.94,0.9,0.755,1,0
154,27,outside,0,0.0,0.0,0.0,0,1
154,27,station_8,8,83.882,1.25,0.35,1,0
154,27,station_19,19,95.907,1.25,0.9,1,0
154,27,station_25,25,33.242,0.9,0.666,1,0
154,27,station_28,28,31.308,0.9,0.755,1,0
155,33,outside,0,0.0,0.0,0.0,0,1
155,33,station_8,8,102.404,1.25,0.35,1,0
155,33,station_19,19,53.528,1.25,0.9,1,0
155,33,station_25,25,79.257,0.9,0.666,1,0
155,33,station_28,28,138.237,0.9,0.755,1,0
156,57,outside,0,0.0,0.0,0.0,0,0
156,57,station_8,8,83.823,1.25,0.35,1,0
156,57,station_19,19,81.369,1.25,0.9,1,0
156,57,station_25,25,8.476,0.9,0.666,1,1
156,57,station_28,28,56.282,0.9,0.755,1,0
157,26,outside,0,0.0,0.0,0.0,0,1
157,26,station_8,8,81.733,1.25,0.35,1,0
157,26,station_19,19,123.747,1.25,0.9,1,0
157,26,station_25,25,96.277,0.9,0.666,1,0
157,26,station_28,28,41.766,0.9,0.755,1,0
158,53,outside,0,0.0,0.0,0.0,0,1
158,53,station_8,8,107.748,1.25,0.35,1,0
158,53,station_19,19,153.115,1.25,0.9,1,0
158,53,station_25,25,125.618,0.9,0.666,1,0
158,53,station_28,28,65.388,0.9,0.755,1,0
159,19,outside,0,0.0,0.0,0.0,0,1
159,19,station_8,8,135.682,1.25,0.35,1,0
159,19,station_19,19,169.296,1.25,0.9,1,0
159,19,station_25,25,115.78,0.9,0.666,1,0
159,19,station_28,28,53.427,0.9,0.755,1,0
160,68,outside,0,0.0,0.0,0.0,0,1
160,68,station_8,8,30.047,1.25,0.35,1,0
160,68,station_19,19,72.698,1.25,0.9,1,0
160,68,station_25,25,75.575,0.9,0.666,1,0
160,68,station_28,28,63.183,0.9,0.755,1,0
161,23,outside,0,0.0,0.0,0.0,0,1
161,23,station_8,8,90.334,1.25,0.35,1,0
161,23,station_19,19,112.064,1.25,0.9,1,0
161,23,station_25,25,55.093,0.9,0.666,1,0
161,23,station_28,28,9.747,0.9,0.755,1,0
162,15,outside,0,0.0,0.0,0.0,0,1
162,15,station_8,8,76.282,1.25,0.35,1,0
162,15,station_19,19,40.814,1.25,0.9,1,0
162,15,station_25,25,48.434,0.9,0.666,1,0
162,15,station_28,28,103.654,0.9,0.755,1,0
163,58,outside,0,0.0,0.0,0.0,0,1
163,58,station_8,8,70.988,1.25,0.35,1,0
163,58,station_19,19,46.308,1.25,0.9,1,0
163,58,station_25,25,35.817,0.9,0.666,1,0
163,58,station_28,28,89.487,0.9,0.755,1,0
164,15,outside,0,0.0,0.0,0.0,0,1
164,15,station_8,8,76.282,1.25,0.35,1,0
164,15,station_19,19,40.814,1.25,0.9,1,0
164,15,station_25,25,48.434,0.9,0.666,1,0
164,15,station_28,28,103.654,0.9,0.755,1,0
165,6,outside,0,0.0,0.0,0.0,0,1
165,6,station_8,8,98.145,1.25,0.35,1,0
165,6,station_19,19,113.947,1.25,0.9,1,0
165,6,station_25,25,48.196,0.9,0.666,1,0
165,6,station_28,28,21.955,0.9,0.755,1,0
166,59,outside,0,0.0,0.0,0.0,0,1
166,59,station_8,8,101.758,1.25,0.35,1,0
166,59,station_19,19,111.107,1.25,0.9,1,0
166,59,station_25,25,38.654,0.9,0.666,1,0
166,59,station_28,28,35.203,0.9,0.755,1,0
167,62,outside,0,0.0,0.0,0.0,0,1
167,62,station_8,8,101.631,1.25,0.35,1,0
167,62,station_19,19,125.187,1.25,0.9,1,0
167,62,station_25,25,66.178,0.9,0.666,1,0
167,62,station_28,28,10.43,0.9,0.755,1,0
168,8,outside,0,0.0,0.0,0.0,0,0
168,8,station_8,8,4.571,1.25,0.35,1,1
168,8,station_19,19,49.873,1.25,0.9,1,0
168,8,station_25,25,83.221,0.9,0.666,1,0
168,8,station_28,28,89.191,0.9,0.755,1,0
169,2,outside,0,0.0,0.0,0.0,0,1
169,2,station_8,8,4.679,1.25,0.35,1,0
169,2,station_19,19,57.165,1.25,0.9,1,0
169,2,station_25,25,90.696,0.9,0.666,1,0
169,2,station_28,28,91.632,0.9,0.755,1,0
170,40,outside,0,0.0,0.0,0.0,0,1
170,40,station_8,8,50.28,1.25,0.35,1,0
170,40,station_19,19,63.179,1.25,0.9,1,0
170,40,station_25,25,39.841,0.9,0.666,1,0
170,40,station_28,28,54.545,0.9,0.755,1,0
171,45,outside,0,0.0,0.0,0.0,0,1
171,45,station_8,8,106.32,1.25,0.35,1,0
171,45,station_19,19,130.298,1.25,0.9,1,0
171,45,station_25,25,70.449,0.9,0.666,1,0
171,45,station_28,28,14.633,0.9,0.755,1,0
172,17,outside,0,0.0,0.0,0.0,0,1
172,17,station_8,8,63.784,1.25,0.35,1,0
172,17,station_19,19,70.418,1.25,0.9,1,0
172,17,station_25,25,27.153,0.9,0.666,1,0
172,17,station_28,28,50.824,0.9,0.755,1,0
173,67,outside,0,0.0,0.0,0.0,0,0
173,67,station_8,8,75.235,1.25,0.35,1,0
173,67,station_19,19,63.443,1.25,0.9,1,0
173,67,station_25,25,16.514,0.9,0.666,1,1
173,67,station_28,28,71.834,0.9,0.755,1,0
174,31,outside,0,0.0,0.0,0.0,0,1
174,31,station_8,8,78.215,1.25,0.35,1,0
174,31,station_19,19,113.719,1.25,0.9,1,0
174,31,station_25,25,77.83,0.9,0.666,1,0
174,31,station_28,28,24.111,0.9,0.755,1,0
175,64,outside,0,0.0,0.0,0.0,0,1
175,64,station_8,8,88.473,1.25,0.35,1,0
175,64,station_19,19,113.427,1.25,0.9,1,0
175,64,station_25,25,60.627,0.9,0.666,1,0
175,64,station_28,28,4.372,0.9,0.755,1,0
176,57,outside,0,0.0,0.0,0.0,0,0
176,57,station_8,8,83.823,1.25,0.35,1,0
176,57,station_19,19,81.369,1.25,0.9,1,0
176,57,station_25,25,8.476,0.9,0.666,1,1
176,57,station_28,28,56.282,0.9,0.755,1,0
177,71,outside,0,0.0,0.0,0.0,0,1
177,71,station_8,8,58.007,1.25,0.35,1,0
177,71,station_19,19,24.109,1.25,0.9,1,0
177,71,station_25,25,103.797,0.9,0.666,1,0
177,71,station_28,28,136.758,0.9,0.755,1,0
178,22,outside,0,0.0,0.0,0.0,0,1
178,22,station_8,8,75.15,1.25,0.35,1,0
178,22,station_19,19,59.51,1.25,0.9,1,0
178,22,station_25,25,21.007,0.9,0.666,1,0
178,22,station_28,28,77.226,0.9,0.755,1,0
179,18,outside,0,0.0,0.0,0.0,0,1
179,18,station_8,8,57.722,1.25,0.35,1,0
179,18,station_19,19,85.165,1.25,0.9,1,0
179,18,station_25,25,54.276,0.9,0.666,1,0
179,18,station_28,28,34.63,0.9,0.755,1,0
180,8,outside,0,0.0,0.0,0.0,0,1
180,8,station_8,8,4.571,1.25,0.35,1,0
180,8,station_19,19,49.873,1.25,0.9,1,0
180,8,station_25,25,83.221,0.9,0.666,1,0
180,8,station_28,28,89.191,0.9,0.755,1,0
181,17,outside,0,0.0,0.0,0.0,0,1
181,17,station_8,8,63.784,1.25,0.35,1,0
181,17,station_19,19,70.418,1.25,0.9,1,0
181,17,station_25,25,27.153,0.9,0.666,1,0
181,17,station_28,28,50.824,0.9,0.755,1,0
182,64,outside,0,0.0,0.0,0.0,0,0
182,64,station_8,8,88.473,1.25,0.35,1,0
182,64,station_19,19,113.427,1.25,0.9,1,0
182,64,station_25,25,60.627,0.9,0.666,1,0
182,64,station_28,28,4.372,0.9,0.755,1,1
183,24,outside,0,0.0,0.0,0.0,0,1
183,24,station_8,8,59.502,1.25,0.35,1,0
183,24,station_19,19,71.183,1.25,0.9,1,0
183,24,station_25,25,33.7,0.9,0.666,1,0
183,24,station_28,28,47.589,0.9,0.755,1,0
184,58,outside,0,0.0,0.0,0.0,0,1
184,58,station_8,8,70.988,1.25,0.35,1,0
184,58,station_19,19,46.308,1.25,0.9,1,0
184,58,station_25,25,35.817,0.9,0.666,1,0
184,58,station_28,28,89.487,0.9,0.755,1,0
185,20,outside,0,0.0,0.0,0.0,0,0
185,20,station_8,8,125.682,1.25,0.35,1,0
185,20,station_19,19,154.077,1.25,0.9,1,0
185,20,station_25,25,95.28,0.9,0.666,1,0
185,20,station_28,28,36.427,0.9,0.755,1,1
186,58,outside,0,0.0,0.0,0.0,0,1
186,58,station_8,8,70.988,1.25,0.35,1,0
186,58,station_19,19,46.308,1.25,0.9,1,0
186,58,station_25,25,35.817,0.9,0.666,1,0
186,58,station_28,28,89.487,0.9,0.755,1,0
187,22,outside,0,0.0,0.0,0.0,0,1
187,22,station_8,8,75.15,1.25,0.35,1,0
187,22,station_19,19,59.51,1.25,0.9,1,0
187,22,station_25,25,21.007,0.9,0.666,1,0
187,22,station_28,28,77.226,0.9,0.755,1,0
188,1,outside,0,0.0,0.0,0.0,0,1
188,1,station_8,8,70.31,1.25,0.35,1,0
188,1,station_19,19,20.578,1.25,0.9,1,0
188,1,station_25,25,73.376,0.9,0.666,1,0
188,1,station_28,28,121.38,0.9,0.755,1,0
189,22,outside,0,0.0,0.0,0.0,0,1
189,22,station_8,8,75.15,1.25,0.35,1,0
189,22,station_19,19,59.51,1.25,0.9,1,0
189,22,station_25,25,21.007,0.9,0.666,1,0
189,22,station_28,28,77.226,0.9,0.755,1,0
190,51,outside,0,0.0,0.0,0.0,0,1
190,51,station_8,8,46.117,1.25,0.35,1,0
190,51,station_19,19,95.044,1.25,0.9,1,0
190,51,station_25,25,95.245,0.9,0.666,1,0
190,51,station_28,28,65.741,0.9,0.755,1,0
191,72,outside,0,0.0,0.0,0.0,0,0
191,72,station_8,8,108.042,1.25,0.35,1,0
191,72,station_19,19,129.488,1.25,0.9,1,0
191,72,station_25,25,66.488,0.9,0.666,1,0
191,72,station_28,28,17.792,0.9,0.755,1,1
192,14,outside,0,0.0,0.0,0.0,0,0
192,14,station_8,8,69.896,1.25,0.35,1,0
192,14,station_19,19,67.32,1.25,0.9,1,0
192,14,station_25,25,17.838,0.9,0.666,1,1
192,14,station_28,28,60.29,0.9,0.755,1,0
193,27,outside,0,0.0,0.0,0.0,0,1
193,27,station_8,8,83.882,1.25,0.35,1,0
193,27,station_19,19,95.907,1.25,0.9,1,0
193,27,station_25,25,33.242,0.9,0.666,1,0
193,27,station_28,28,31.308,0.9,0.755,1,0
194,80,outside,0,0.0,0.0,0.0,0,1
194,80,station_8,8,79.716,1.25,0.35,1,0
194,80,station_19,19,50.2,1.25,0.9,1,0
194,80,station_25,25,38.164,0.9,0.666,1,0
194,80,station_28,28,96.269,0.9,0.755,1,0
195,67,outside,0,0.0,0.0,0.0,0,1
195,67,station_8,8,75.235,1.25,0.35,1,0
195,67,station_19,19,63.443,1.25,0.9,1,0
195,67,station_25,25,16.514,0.9,0.666,1,0
195,67,station_28,28,71.834,0.9,0.755,1,0
196,7,outside,0,0.0,0.0,0.0,0,1
196,7,station_8,8,85.244,1.25,0.35,1,0
196,7,station_19,19,55.162,1.25,0.9,1,0
196,7,station_25,25,37.637,0.9,0.666,1,0
196,7,station_28,28,98.08,0.9,0.755,1,0
197,21,outside,0,0.0,0.0,0.0,0,1
197,21,station_8,8,129.476,1.25,0.35,1,0
197,21,station_19,19,167.479,1.25,0.9,1,0
197,21,station_25,25,121.663,0.9,0.666,1,0
197,21,station_28,28,57.205,0.9,0.755,1,0
198,74,outside,0,0.0,0.0,0.0,0,1
198,74,station_8,8,32.229,1.25,0.35,1,0
198,74,station_19,19,75.711,1.25,0.9,1,0
198,74,station_25,25,77.248,0.9,0.666,1,0
198,74,station_28,28,62.103,0.9,0.755,1,0
199,77,outside,0,0.0,0.0,0.0,0,0
199,77,station_8,8,15.566,1.25,0.35,1,1
199,77,station_19,19,38.912,1.25,0.9,1,0
199,77,station_25,25,76.359,0.9,0.666,1,0
199,77,station_28,28,90.868,0.9,0.755,1,0
200,50,outside,0,0.0,0.0,0.0,0,1
200,50,station_8,8,75.498,1.25,0.35,1,0
200,50,station_19,19,77.73,1.25,0.9,1,0
200,50,station_25,25,16.997,0.9,0.666,1,0
200,50,station_28,28,50.967,0.9,0.755,1,0
201,14,outside,0,0.0,0.0,0.0,0,1
201,14,station_8,8,69.896,1.25,0.35,1,0
201,14,station_19,19,67.32,1.25,0.9,1,0
201,14,station_25,25,17.838,0.9,0.666,1,0
201,14,station_28,28,60.29,0.9,0.755,1,0
202,45,outside,0,0.0,0.0,0.0,0,1
202,45,station_8,8,106.32,1.25,0.35,1,0
202,45,station_19,19,130.298,1.25,0.9,1,0
202,45,station_25,25,70.449,0.9,0.666,1,0
202,45,station_28,28,14.633,0.9,0.755,1,0
203,54,outside,0,0.0,0.0,0.0,0,1
203,54,station_8,8,62.425,1.25,0.35,1,0
203,54,station_19,19,108.183,1.25,0.9,1,0
203,54,station_25,25,94.799,0.9,0.666,1,0
203,54,station_28,28,53.296,0.9,0.755,1,0
204,16,outside,0,0.0,0.0,0.0,0,0
204,16,station_8,8,76.931,1.25,0.35,1,0
204,16,station_19,19,80.887,1.25,0.9,1,0
204,16,station_25,25,18.805,0.9,0.666,1,1
204,16,station_28,28,47.707,0.9,0.755,1,0
205,35,outside,0,0.0,0.0,0.0,0,1
205,35,station_8,8,5.157,1.25,0.35,1,0
205,35,station_19,19,56.506,1.25,0.9,1,0
205,35,station_25,25,92.499,0.9,0.666,1,0
205,35,station_28,28,94.18,0.9,0.755,1,0
206,12,outside,0,0.0,0.0,0.0,0,0
206,12,station_8,8,16.711,1.25,0.35,1,1
206,12,station_19,19,45.818,1.25,0.9,1,0
206,12,station_25,25,97.417,0.9,0.666,1,0
206,12,station_28,28,107.888,0.9,0.755,1,0
207,59,outside,0,0.0,0.0,0.0,0,1
207,59,station_8,8,101.758,1.25,0.35,1,0
207,59,station_19,19,111.107,1.25,0.9,1,0
207,59,station_25,25,38.654,0.9,0.666,1,0
207,59,station_28,28,35.203,0.9,0.755,1,0
208,26,outside,0,0.0,0.0,0.0,0,1
208,26,station_8,8,81.733,1.25,0.35,1,0
208,26,station_19,19,123.747,1.25,0.9,1,0
208,26,station_25,25,96.277,0.9,0.666,1,0
208,26,station_28,28,41.766,0.9,0.755,1,0
209,39,outside,0,0.0,0.0,0.0,0,1
209,39,station_8,8,57.569,1.25,0.35,1,0
209,39,station_19,19,15.638,1.25,0.9,1,0
209,39,station_25,25,95.59,0.9,0.666,1,0
209,39,station_28,28,131.33,0.9,0.755,1,0
210,32,outside,0,0.0,0.0,0.0,0,1
210,32,station_8,8,122.583,1.25,0.35,1,0
210,32,station_19,19,145.912,1.25,0.9,1,0
210,32,station_25,25,81.891,0.9,0.666,1,0
210,32,station_28,28,30.819,0.9,0.755,1,0
211,57,outside,0,0.0,0.0,0.0,0,1
211,57,station_8,8,83.823,1.25,0.35,1,0
211,57,station_19,19,81.369,1.25,0.9,1,0
211,57,station_25,25,8.476,0.9,0.666,1,0
211,57,station_28,28,56.282,0.9,0.755,1,0
212,1,outside,0,0.0,0.0,0.0,0,1
212,1,station_8,8,70.31,1.25,0.35,1,0
212,1,station_19,19,20.578,1.25,0.9,1,0
212,1,station_25,25,73.376,0.9,0.666,1,0
212,1,station_28,28,121.38,0.9,0.755,1,0
213,41,outside,0,0.0,0.0,0.0,0,1
213,41,station_8,8,84.6,1.25,0.35,1,0
213,41,station_19,19,44.709,1.25,0.9,1,0
213,41,station_25,25,54.471,0.9,0.666,1,0
213,41,station_28,28,112.197,0.9,0.755,1,0
214,58,outside,0,0.0,0.0,0.0,0,1
214,58,station_8,8,70.988,1.25,0.35,1,0
214,58,station_19,19,46.308,1.25,0.9,1,0
214,58,station_25,25,35.817,0.9,0.666,1,0
214,58,station_28,28,89.487,0.9,0.755,1,0
215,6,outside,0,0.0,0.0,0.0,0,1
215,6,station_8,8,98.145,1.25,0.35,1,0
215,6,station_19,19,113.947,1.25,0.9,1,0
215,6,station_25,25,48.196,0.9,0.666,1,0
215,6,station_28,28,21.955,0.9,0.755,1,0
216,41,outside,0,0.0,0.0,0.0,0,1
216,41,station_8,8,84.6,1.25,0.35,1,0
216,41,station_19,19,44.709,1.25,0.9,1,0
216,41,station_25,25,54.471,0.9,0.666,1,0
216,41,station_28,28,112.197,0.9,0.755,1,0
217,8,outside,0,0.0,0.0,0.0,0,1
217,8,station_8,8,4.571,1.25,0.35,1,0
217,8,station_19,19,49.873,1.25,0.9,1,0
217,8,station_25,25,83.221,0.9,0.666,1,0
217,8,station_28,28,89.191,0.9,0.755,1,0
218,29,outside,0,0.0,0.0,0.0,0,1
218,29,station_8,8,90.575,1.25,0.35,1,0
218,29,station_19,19,126.377,1.25,0.9,1,0
218,29,station_25,25,86.174,0.9,0.666,1,0
218,29,station_28,28,24.94,0.9,0.755,1,0
219,13,outside,0,0.0,0.0,0.0,0,1
219,13,station_8,8,26.846,1.25,0.35,1,0
219,13,station_19,19,29.228,1.25,0.9,1,0
219,13,station_25,25,89.473,0.9,0.666,1,0
219,13,station_28,28,110.088,0.9,0.755,1,0
220,63,outside,0,0.0,0.0,0.0,0,1
220,63,station_8,8,30.308,1.25,0.35,1,0
220,63,station_19,19,74.577,1.25,0.9,1,0
220,63,station_25,25,78.28,0.9,0.666,1,0
220,63,station_28,28,64.16,0.9,0.755,1,0
221,71,outside,0,0.0,0.0,0.0,0,0
221,71,station_8,8,58.007,1.25,0.35,1,0
221,71,station_19,19,24.109,1.25,0.9,1,1
221,71,station_25,25,103.797,0.9,0.666,1,0
221,71,station_28,28,136.758,0.9,0.755,1,0
222,51,outside,0,0.0,0.0,0.0,0,1
222,51,station_8,8,46.117,1.25,0.35,1,0
222,51,station_19,19,95.044,1.25,0.9,1,0
222,51,station_25,25,95.245,0.9,0.666,1,0
222,51,station_28,28,65.741,0.9,0.755,1,0
223,12,outside,0,0.0,0.0,0.0,0,1
223,12,station_8,8,16.711,1.25,0.35,1,0
223,12,station_19,19,45.818,1.25,0.9,1,0
223,12,station_25,25,97.417,0.9,0.666,1,0
223,12,station_28,28,107.888,0.9,0.755,1,0
224,65,outside,0,0.0,0.0,0.0,0,0
224,65,station_8,8,95.69,1.25,0.35,1,0
224,65,station_19,19,118.286,1.25,0.9,1,0
224,65,station_25,25,60.162,0.9,0.666,1,0
224,65,station_28,28,7.765,0.9,0.755,1,1
225,46,outside,0,0.0,0.0,0.0,0,1
225,46,station_8,8,50.091,1.25,0.35,1,0
225,46,station_19,19,85.489,1.25,0.9,1,0
225,46,station_25,25,66.439,0.9,0.666,1,0
225,46,station_28,28,42.432,0.9,0.755,1,0
226,45,outside,0,0.0,0.0,0.0,0,0
226,45,station_8,8,106.32,1.25,0.35,1,0
226,45,station_19,19,130.298,1.25,0.9,1,0
226,45,station_25,25,70.449,0.9,0.666,1,0
226,45,station_28,28,14.633,0.9,0.755,1,1
227,13,outside,0,0.0,0.0,0.0,0,1
227,13,station_8,8,26.846,1.25,0.35,1,0
227,13,station_19,19,29.228,1.25,0.9,1,0
227,13,station_25,25,89.473,0.9,0.666,1,0
227,13,station_28,28,110.088,0.9,0.755,1,0
228,40,outside,0,0.0,0.0,0.0,0,1
228,40,station_8,8,50.28,1.25,0.35,1,0
228,40,station_19,19,63.179,1.25,0.9,1,0
228,40,station_25,25,39.841,0.9,0.666,1,0
228,40,station_28,28,54.545,0.9,0.755,1,0
229,42,outside,0,0.0,0.0,0.0,0,0
229,42,station_8,8,67.43,1.25,0.35,1,0
229,42,station_19,19,14.888,1.25,0.9,1,1
229,42,station_25,25,85.138,0.9,0.666,1,0
229,42,station_28,28,128.906,0.9,0.755,1,0
230,71,outside,0,0.0,0.0,0.0,0,1
230,71,station_8,8,58.007,1.25,0.35,1,0
230,71,station_19,19,24.109,1.25,0.9,1,0
230,71,station_25,25,103.797,0.9,0.666,1,0
230,71,station_28,28,136.758,0.9,0.755,1,0
231,12,outside,0,0.0,0.0,0.0,0,1
231,12,station_8,8,16.711,1.25,0.35,1,0
231,12,station_19,19,45.818,1.25,0.9,1,0
231,12,station_25,25,97.417,0.9,0.666,1,0
231,12,station_28,28,107.888,0.9,0.755,1,0
232,47,outside,0,0.0,0.0,0.0,0,1
232,47,station_8,8,69.469,1.25,0.35,1,0
232,47,station_19,19,26.159,1.25,0.9,1,0
232,47,station_25,25,62.253,0.9,0.666,1,0
232,47,station_28,28,112.087,0.9,0.755,1,0
233,14,outside,0,0.0,0.0,0.0,0,1
233,14,station_8,8,69.896,1.25,0.35,1,0
233,14,station_19,19,67.32,1.25,0.9,1,0
233,14,station_25,25,17.838,0.9,0.666,1,0
233,14,station_28,28,60.29,0.9,0.755,1,0
234,46,outside,0,0.0,0.0,0.0,0,1
234,46,station_8,8,50.091,1.25,0.35,1,0
234,46,station_19,19,85.489,1.25,0.9,1,0
234,46,station_25,25,66.439,0.9,0.666,1,0
234,46,station_28,28,42.432,0.9,0.755,1,0
235,8,outside,0,0.0,0.0,0.0,0,0
235,8,station_8,8,4.571,1.25,0.35,1,1
235,8,station_19,19,49.873,1.25,0.9,1,0
235,8,station_25,25,83.221,0.9,0.666,1,0
235,8,station_28,28,89.191,0.9,0.755,1,0
236,23,outside,0,0.0,0.0,0.0,0,1
236,23,station_8,8,90.334,1.25,0.35,1,0
236,23,station_19,19,112.064,1.25,0.9,1,0
236,23,station_25,25,55.093,0.9,0.666,1,0
236,23,station_28,28,9.747,0.9,0.755,1,0
237,57,outside,0,0.0,0.0,0.0,0,0
237,57,station_8,8,83.823,1.25,0.35,1,0
237,57,station_19,19,81.369,1.25,0.9,1,0
237,57,station_25,25,8.476,0.9,0.666,1,1
237,57,station_28,28,56.282,0.9,0.755,1,0
238,1,outside,0,0.0,0.0,0.0,0,1
238,1,station_8,8,70.31,1.25,0.35,1,0
238,1,station_19,19,20.578,1.25,0.9,1,0
238,1,station_25,25,73.376,0.9,0.666,1,0
238,1,station_28,28,121.38,0.9,0.755,1,0
239,59,outside,0,0.0,0.0,0.0,0,1
239,59,station_8,8,101.758,1.25,0.35,1,0
239,59,station_19,19,111.107,1.25,0.9,1,0
239,59,station_25,25,38.654,0.9,0.666,1,0
239,59,station_28,28,35.203,0.9,0.755,1,0
240,20,outside,0,0.0,0.0,0.0,0,1
240,20,station_8,8,125.682,1.25,0.35,1,0
240,20,station_19,19,154.077,1.25,0.9,1,0
240,20,station_25,25,95.28,0.9,0.666,1,0
240,20,station_28,28,36.427,0.9,0.755,1,0
241,54,outside,0,0.0,0.0,0.0,0,1
241,54,station_8,8,62.425,1.25,0.35,1,0
241,54,station_19,19,108.183,1.25,0.9,1,0
241,54,station_25,25,94.799,0.9,0.666,1,0
241,54,station_28,28,53.296,0.9,0.755,1,0
242,52,outside,0,0.0,0.0,0.0,0,1
242,52,station_8,8,87.473,1.25,0.35,1,0
242,52,station_19,19,129.185,1.25,0.9,1,0
242,52,station_25,25,99.326,0.9,0.666,1,0
242,52,station_28,28,42.06,0.9,0.755,1,0
243,40,outside,0,0.0,0.0,0.0,0,1
243,40,station_8,8,50.28,1.25,0.35,1,0
243,40,station_19,19,63.179,1.25,0.9,1,0
243,40,station_25,25,39.841,0.9,0.666,1,0
243,40,station_28,28,54.545,0.9,0.755,1,0
244,22,outside,0,0.0,0.0,0.0,0,1
244,22,station_8,8,75.15,1.25,0.35,1,0
244,22,station_19,19,59.51,1.25,0.9,1,0
244,22,station_25,25,21.007,0.9,0.666,1,0
244,22,station_28,28,77.226,0.9,0.755,1,0
245,10,outside,0,0.0,0.0,0.0,0,1
245,10,station_8,8,39.742,1.25,0.35,1,0
245,10,station_19,19,76.751,1.25,0.9,1,0
245,10,station_25,25,67.733,0.9,0.666,1,0
245,10,station_28,28,52.375,0.9,0.755,1,0
246,35,outside,0,0.0,0.0,0.0,0,0
246,35,station_8,8,5.157,1.25,0.35,1,1
246,35,station_19,19,56.506,1.25,0.9,1,0
246,35,station_25,25,92.499,0.9,0.666,1,0
246,35,station_28,28,94.18,0.9,0.755,1,0
247,22,outside,0,0.0,0.0,0.0,0,0
247,22,station_8,8,75.15,1.25,0.35,1,0
247,22,station_19,19,59.51,1.25,0.9,1,0
247,22,station_25,25,21.007,0.9,0.666,1,1
247,22,station_28,28,77.226,0.9,0.755,1,0
248,26,outside,0,0.0,0.0,0.0,0,1
248,26,station_8,8,81.733,1.25,0.35,1,0
248,26,station_19,19,123.747,1.25,0.9,1,0
248,26,station_25,25,96.277,0.9,0.666,1,0
248,26,station_28,28,41.766,0.9,0.755,1,0
249,28,outside,0,0.0,0.0,0.0,0,0
249,28,station_8,8,45.893,1.25,0.35,1,0
249,28,station_19,19,17.858,1.25,0.9,1,1
249,28,station_25,25,63.65,0.9,0.666,1,0
249,28,station_28,28,100.112,0.9,0.755,1,0
250,60,outside,0,0.0,0.0,0.0,0,1
250,60,station_8,8,90.016,1.25,0.35,1,0
250,60,station_19,19,37.449,1.25,0.9,1,0
250,60,station_25,25,92.489,0.9,0.666,1,0
250,60,station_28,28,144.031,0.9,0.755,1,0
251,55,outside,0,0.0,0.0,0.0,0,0
251,55,station_8,8,70.571,1.25,0.35,1,0
251,55,station_19,19,22.336,1.25,0.9,1,1
251,55,station_25,25,98.744,0.9,0.666,1,0
251,55,station_28,28,139.9,0.9,0.755,1,0
252,54,outside,0,0.0,0.0,0.0,0,1
252,54,station_8,8,62.425,1.25,0.35,1,0
252,54,station_19,19,108.183,1.25,0.9,1,0
252,54,station_25,25,94.799,0.9,0.666,1,0
252,54,station_28,28,53.296,0.9,0.755,1,0
253,14,outside,0,0.0,0.0,0.0,0,0
253,14,station_8,8,69.896,1.25,0.35,1,0
253,14,station_19,19,67.32,1.25,0.9,1,0
253,14,station_25,25,17.838,0.9,0.666,1,1
253,14,station_28,28,60.29,0.9,0.755,1,0
254,58,outside,0,0.0,0.0,0.0,0,1
254,58,station_8,8,70.988,1.25,0.35,1,0
254,58,station_19,19,46.308,1.25,0.9,1,0
254,58,station_25,25,35.817,0.9,0.666,1,0
254,58,station_28,28,89.487,0.9,0.755,1,0
255,62,outside,0,0.0,0.0,0.0,0,1
255,62,station_8,8,101.631,1.25,0.35,1,0
255,62,station_19,19,125.187,1.25,0.9,1,0
255,62,station_25,25,66.178,0.9,0.666,1,0
255,62,station_28,28,10.43,0.9,0.755,1,0
256,4,outside,0,0.0,0.0,0.0,0,1
256,4,station_8,8,123.283,1.25,0.35,1,0
256,4,station_19,19,160.772,1.25,0.9,1,0
256,4,station_25,25,115.162,0.9,0.666,1,0
256,4,station_28,28,50.64,0.9,0.755,1,0
257,74,outside,0,0.0,0.0,0.0,0,1
257,74,station_8,8,32.229,1.25,0.35,1,0
257,74,station_19,19,75.711,1.25,0.9,1,0
257,74,station_25,25,77.248,0.9,0.666,1,0
257,74,station_28,28,62.103,0.9,0.755,1,0
258,6,outside,0,0.0,0.0,0.0,0,1
258,6,station_8,8,98.145,1.25,0.35,1,0
258,6,station_19,19,113.947,1.25,0.9,1,0
258,6,station_25,25,48.196,0.9,0.666,1,0
258,6,station_28,28,21.955,0.9,0.755,1,0
259,80,outside,0,0.0,0.0,0.0,0,1
259,80,station_8,8,79.716,1.25,0.35,1,0
259,80,station_19,19,50.2,1.25,0.9,1,0
259,80,station_25,25,38.164,0.9,0.666,1,0
259,80,station_28,28,96.269,0.9,0.755,1,0
260,12,outside,0,0.0,0.0,0.0,0,1
260,12,station_8,8,16.711,1.25,0.35,1,0
260,12,station_19,19,45.818,1.25,0.9,1,0
260,12,station_25,25,97.417,0.9,0.666,1,0
260,12,station_28,28,107.888,0.9,0.755,1,0
261,14,outside,0,0.0,0.0,0.0,0,1
261,14,station_8,8,69.896,1.25,0.35,1,0
261,14,station_19,19,67.32,1.25,0.9,1,0
261,14,station_25,25,17.838,0.9,0.666,1,0
261,14,station_28,28,60.29,0.9,0.755,1,0
262,34,outside,0,0.0,0.0,0.0,0,1
262,34,station_8,8,35.693,1.25,0.35,1,0
262,34,station_19,19,36.459,1.25,0.9,1,0
262,34,station_25,25,104.209,0.9,0.666,1,0
262,34,station_28,28,123.909,0.9,0.755,1,0
263,22,outside,0,0.0,0.0,0.0,0,1
263,22,station_8,8,75.15,1.25,0.35,1,0
263,22,station_19,19,59.51,1.25,0.9,1,0
263,22,station_25,25,21.007,0.9,0.666,1,0
263,22,station_28,28,77.226,0.9,0.755,1,0
264,31,outside,0,0.0,0.0,0.0,0,1
264,31,station_8,8,78.215,1.25,0.35,1,0
264,31,station_19,19,113.719,1.25,0.9,1,0
264,31,station_25,25,77.83,0.9,0.666,1,0
264,31,station_28,28,24.111,0.9,0.755,1,0
265,80,outside,0,0.0,0.0,0.0,0,1
265,80,station_8,8,79.716,1.25,0.35,1,0
265,80,station_19,19,50.2,1.25,0.9,1,0
265,80,station_25,25,38.164,0.9,0.666,1,0
265,80,station_28,28,96.269,0.9,0.755,1,0
266,18,outside,0,0.0,0.0,0.0,0,1
266,18,station_8,8,57.722,1.25,0.35,1,0
266,18,station_19,19,85.165,1.25,0.9,1,0
266,18,station_25,25,54.276,0.9,0.666,1,0
266,18,station_28,28,34.63,0.9,0.755,1,0
267,79,outside,0,0.0,0.0,0.0,0,0
267,79,station_8,8,99.13,1.25,0.35,1,0
267,79,station_19,19,126.347,1.25,0.9,1,0
267,79,station_25,25,72.25,0.9,0.666,1,0
267,79,station_28,28,8.805,0.9,0.755,1,1
268,38,outside,0,0.0,0.0,0.0,0,1
268,38,station_8,8,122.799,1.25,0.35,1,0
268,38,station_19,19,142.992,1.25,0.9,1,0
268,38,station_25,25,75.759,0.9,0.666,1,0
268,38,station_28,28,32.057,0.9,0.755,1,0
269,76,outside,0,0.0,0.0,0.0,0,1
269,76,station_8,8,84.21,1.25,0.35,1,0
269,76,station_19,19,124.474,1.25,0.9,1,0
269,76,station_25,25,93.218,0.9,0.666,1,0
269,76,station_28,28,36.679,0.9,0.755,1,0
270,13,outside,0,0.0,0.0,0.0,0,1
270,13,station_8,8,26.846,1.25,0.35,1,0
270,13,station_19,19,29.228,1.25,0.9,1,0
270,13,station_25,25,89.473,0.9,0.666,1,0
270,13,station_28,28,110.088,0.9,0.755,1,0
271,16,outside,0,0.0,0.0,0.0,0,1
271,16,station_8,8,76.931,1.25,0.35,1,0
271,16,station_19,19,80.887,1.25,0.9,1,0
271,16,station_25,25,18.805,0.9,0.666,1,0
271,16,station_28,28,47.707,0.9,0.755,1,0
272,75,outside,0,0.0,0.0,0.0,0,1
272,75,station_8,8,75.194,1.25,0.35,1,0
272,75,station_19,19,33.56,1.25,0.9,1,0
272,75,station_25,25,112.096,0.9,0.666,1,0
272,75,station_28,28,150.687,0.9,0.755,1,0
273,79,outside,0,0.0,0.0,0.0,0,0
273,79,station_8,8,99.13,1.25,0.35,1,0
273,79,station_19,19,126.347,1.25,0.9,1,0
273,79,station_25,25,72.25,0.9,0.666,1,0
273,79,station_28,28,8.805,0.9,0.755,1,1
274,41,outside,0,0.0,0.0,0.0,0,1
274,41,station_8,8,84.6,1.25,0.35,1,0
274,41,station_19,19,44.709,1.25,0.9,1,0
274,41,station_25,25,54.471,0.9,0.666,1,0
274,41,station_28,28,112.197,0.9,0.755,1,0
275,30,outside,0,0.0,0.0,0.0,0,1
275,30,station_8,8,143.851,1.25,0.35,1,0
275,30,station_19,19,166.198,1.25,0.9,1,0
275,30,station_25,25,98.299,0.9,0.666,1,0
275,30,station_28,28,52.084,0.9,0.755,1,0
276,1,outside,0,0.0,0.0,0.0,0,1
276,1,station_8,8,70.31,1.25,0.35,1,0
276,1,station_19,19,20.578,1.25,0.9,1,0
276,1,station_25,25,73.376,0.9,0.666,1,0
276,1,station_28,28,121.38,0.9,0.755,1,0
277,35,outside,0,0.0,0.0,0.0,0,1
277,35,station_8,8,5.157,1.25,0.35,1,0
277,35,station_19,19,56.506,1.25,0.9,1,0
277,35,station_25,25,92.499,0.9,0.666,1,0
277,35,station_28,28,94.18,0.9,0.755,1,0
278,68,outside,0,0.0,0.0,0.0,0,1
278,68,station_8,8,30.047,1.25,0.35,1,0
278,68,station_19,19,72.698,1.25,0.9,1,0
278,68,station_25,25,75.575,0.9,0.666,1,0
278,68,station_28,28,63.183,0.9,0.755,1,0
279,13,outside,0,0.0,0.0,0.0,0,1
279,13,station_8,8,26.846,1.25,0.35,1,0
279,13,station_19,19,29.228,1.25,0.9,1,0
279,13,station_25,25,89.473,0.9,0.666,1,0
279,13,station_28,28,110.088,0.9,0.755,1,0
280,67,outside,0,0.0,0.0,0.0,0,1
280,67,station_8,8,75.235,1.25,0.35,1,0
280,67,station_19,19,63.443,1.25,0.9,1,0
280,67,station_25,25,16.514,0.9,0.666,1,0
280,67,station_28,28,71.834,0.9,0.755,1,0
281,80,outside,0,0.0,0.0,0.0,0,1
281,80,station_8,8,79.716,1.25,0.35,1,0
281,80,station_19,19,50.2,1.25,0.9,1,0
281,80,station_25,25,38.164,0.9,0.666,1,0
281,80,station_28,28,96.269,0.9,0.755,1,0
282,18,outside,0,0.0,0.0,0.0,0,1
282,18,station_8,8,57.722,1.25,0.35,1,0
282,18,station_19,19,85.165,1.25,0.9,1,0
282,18,station_25,25,54.276,0.9,0.666,1,0
282,18,station_28,28,34.63,0.9,0.755,1,0
283,64,outside,0,0.0,0.0,0.0,0,1
283,64,station_8,8,88.473,1.25,0.35,1,0
283,64,station_19,19,113.427,1.25,0.9,1,0
283,64,station_25,25,60.627,0.9,0.666,1,0
283,64,station_28,28,4.372,0.9,0.755,1,0
284,67,outside,0,0.0,0.0,0.0,0,1
284,67,station_8,8,75.235,1.25,0.35,1,0
284,67,station_19,19,63.443,1.25,0.9,1,0
284,67,station_25,25,16.514,0.9,0.666,1,0
284,67,station_28,28,71.834,0.9,0.755,1,0
285,35,outside,0,0.0,0.0,0.0,0,0
285,35,station_8,8,5.157,1.25,0.35,1,1
285,35,station_19,19,56.506,1.25,0.9,1,0
285,35,station_25,25,92.499,0.9,0.666,1,0
285,35,station_28,28,94.18,0.9,0.755,1,0
286,20,outside,0,0.0,0.0,0.0,0,1
286,20,station_8,8,125.682,1.25,0.35,1,0
286,20,station_19,19,154.077,1.25,0.9,1,0
286,20,station_25,25,95.28,0.9,0.666,1,0
286,20,station_28,28,36.427,0.9,0.755,1,0
287,3,outside,0,0.0,0.0,0.0,0,1
287,3,station_8,8,66.181,1.25,0.35,1,0
287,3,station_19,19,106.175,1.25,0.9,1,0
287,3,station_25,25,81.895,0.9,0.666,1,0
287,3,station_28,28,37.637,0.9,0.755,1,0
288,12,outside,0,0.0,0.0,0.0,0,1
288,12,station_8,8,16.711,1.25,0.35,1,0
288,12,station_19,19,45.818,1.25,0.9,1,0
288,12,station_25,25,97.417,0.9,0.666,1,0
288,12,station_28,28,107.888,0.9,0.755,1,0
289,40,outside,0,0.0,0.0,0.0,0,1
289,40,station_8,8,50.28,1.25,0.35,1,0
289,40,station_19,19,63.179,1.25,0.9,1,0
289,40,station_25,25,39.841,0.9,0.666,1,0
289,40,station_28,28,54.545,0.9,0.755,1,0
290,23,outside,0,0.0,0.0,0.0,0,0
290,23,station_8,8,90.334,1.25,0.35,1,0
290,23,station_19,19,112.064,1.25,0.9,1,0
290,23,station_25,25,55.093,0.9,0.666,1,0
290,23,station_28,28,9.747,0.9,0.755,1,1
291,65,outside,0,0.0,0.0,0.0,0,1
291,65,station_8,8,95.69,1.25,0.35,1,0
291,65,station_19,19,118.286,1.25,0.9,1,0
291,65,station_25,25,60.162,0.9,0.666,1,0
291,65,station_28,28,7.765,0.9,0.755,1,0
292,77,outside,0,0.0,0.0,0.0,0,1
292,77,station_8,8,15.566,1.25,0.35,1,0
292,77,station_19,19,38.912,1.25,0.9,1,0
292,77,station_25,25,76.359,0.9,0.666,1,0
292,77,station_28,28,90.868,0.9,0.755,1,0
293,3,outside,0,0.0,0.0,0.0,0,1
293,3,station_8,8,66.181,1.25,0.35,1,0
293,3,station_19,19,106.175,1.25,0.9,1,0
293,3,station_25,25,81.895,0.9,0.666,1,0
293,3,station_28,28,37.637,0.9,0.755,1,0
294,72,outside,0,0.0,0.0,0.0,0,1
294,72,station_8,8,108.042,1.25,0.35,1,0
294,72,station_19,19,129.488,1.25,0.9,1,0
294,72,station_25,25,66.488,0.9,0.666,1,0
294,72,station_28,28,17.792,0.9,0.755,1,0
295,13,outside,0,0.0,0.0,0.0,0,0
295,13,station_8,8,26.846,1.25,0.35,1,0
295,13,station_19,19,29.228,1.25,0.9,1,1
295,13,station_25,25,89.473,0.9,0.666,1,0
295,13,station_28,28,110.088,0.9,0.755,1,0
296,43,outside,0,0.0,0.0,0.0,0,1
296,43,station_8,8,108.193,1.25,0.35,1,0
296,43,station_19,19,120.051,1.25,0.9,1,0
296,43,station_25,25,48.125,0.9,0.666,1,0
296,43,station_28,28,32.62,0.9,0.755,1,0
297,18,outside,0,0.0,0.0,0.0,0,1
297,18,station_8,8,57.722,1.25,0.35,1,0
297,18,station_19,19,85.165,1.25,0.9,1,0
297,18,station_25,25,54.276,0.9,0.666,1,0
297,18,station_28,28,34.63,0.9,0.755,1,0
298,67,outside,0,0.0,0.0,0.0,0,1
298,67,station_8,8,75.235,1.25,0.35,1,0
298,67,station_19,19,63.443,1.25,0.9,1,0
298,67,station_25,25,16.514,0.9,0.666,1,0
298,67,station_28,28,71.834,0.9,0.755,1,0
299,47,outside,0,0.0,0.0,0.0,0,1
299,47,station_8,8,69.469,1.25,0.35,1,0
299,47,station_19,19,26.159,1.25,0.9,1,0
299,47,station_25,25,62.253,0.9,0.666,1,0
299,47,station_28,28,112.087,0.9,0.755,1,0
300,50,outside,0,0.0,0.0,0.0,0,0
300,50,station_8,8,75.498,1.25,0.35,1,0
300,50,station_19,19,77.73,1.25,0.9,1,0
300,50,station_25,25,16.997,0.9,0.666,1,0
300,50,station_28,28,50.967,0.9,0.755,1,1
301,29,outside,0,0.0,0.0,0.0,0,1
301,29,station_8,8,90.575,1.25,0.35,1,0
301,29,station_19,19,126.377,1.25,0.9,1,0
301,29,station_25,25,86.174,0.9,0.666,1,0
301,29,station_28,28,24.94,0.9,0.755,1,0
302,10,outside,0,0.0,0.0,0.0,0,1
302,10,station_8,8,39.742,1.25,0.35,1,0
302,10,station_19,19,76.751,1.25,0.9,1,0
302,10,station_25,25,67.733,0.9,0.666,1,0
302,10,station_28,28,52.375,0.9,0.755,1,0
303,16,outside,0,0.0,0.0,0.0,0,0
303,16,station_8,8,76.931,1.25,0.35,1,0
303,16,station_19,19,80.887,1.25,0.9,1,0
303,16,station_25,25,18.805,0.9,0.666,1,1
303,16,station_28,28,47.707,0.9,0.755,1,0
304,13,outside,0,0.0,0.0,0.0,0,1
304,13,station_8,8,26.846,1.25,0.35,1,0
304,13,station_19,19,29.228,1.25,0.9,1,0
304,13,station_25,25,89.473,0.9,0.666,1,0
304,13,station_28,28,110.088,0.9,0.755,1,0
305,63,outside,0,0.0,0.0,0.0,0,1
305,63,station_8,8,30.308,1.25,0.35,1,0
305,63,station_19,19,74.577,1.25,0.9,1,0
305,63,station_25,25,78.28,0.9,0.666,1,0
305,63,station_28,28,64.16,0.9,0.755,1,0
306,22,outside,0,0.0,0.0,0.0,0,0
306,22,station_8,8,75.15,1.25,0.35,1,0
306,22,station_19,19,59.51,1.25,0.9,1,0
306,22,station_25,25,21.007,0.9,0.666,1,1
306,22,station_28,28,77.226,0.9,0.755,1,0
307,43,outside,0,0.0,0.0,0.0,0,1
307,43,station_8,8,108.193,1.25,0.35,1,0
307,43,station_19,19,120.051,1.25,0.9,1,0
307,43,station_25,25,48.125,0.9,0.666,1,0
307,43,station_28,28,32.62,0.9,0.755,1,0
308,24,outside,0,0.0,0.0,0.0,0,1
308,24,station_8,8,59.502,1.25,0.35,1,0
308,24,station_19,19,71.183,1.25,0.9,1,0
308,24,station_25,25,33.7,0.9,0.666,1,0
308,24,station_28,28,47.589,0.9,0.755,1,0
309,71,outside,0,0.0,0.0,0.0,0,1
309,71,station_8,8,58.007,1.25,0.35,1,0
309,71,station_19,19,24.109,1.25,0.9,1,0
309,71,station_25,25,103.797,0.9,0.666,1,0
309,71,station_28,28,136.758,0.9,0.755,1,0
310,78,outside,0,0.0,0.0,0.0,0,1
310,78,station_8,8,85.507,1.25,0.35,1,0
310,78,station_19,19,51.361,1.25,0.9,1,0
310,78,station_25,25,44.406,0.9,0.666,1,0
310,78,station_28,28,104.032,0.9,0.755,1,0
311,28,outside,0,0.0,0.0,0.0,0,1
311,28,station_8,8,45.893,1.25,0.35,1,0
311,28,station_19,19,17.858,1.25,0.9,1,0
311,28,station_25,25,63.65,0.9,0.666,1,0
311,28,station_28,28,100.112,0.9,0.755,1,0
312,47,outside,0,0.0,0.0,0.0,0,1
312,47,station_8,8,69.469,1.25,0.35,1,0
312,47,station_19,19,26.159,1.25,0.9,1,0
312,47,station_25,25,62.253,0.9,0.666,1,0
312,47,station_28,28,112.087,0.9,0.755,1,0
313,54,outside,0,0.0,0.0,0.0,0,1
313,54,station_8,8,62.425,1.25,0.35,1,0
313,54,station_19,19,108.183,1.25,0.9,1,0
313,54,station_25,25,94.799,0.9,0.666,1,0
313,54,station_28,28,53.296,0.9,0.755,1,0
314,5,outside,0,0.0,0.0,0.0,0,1
314,5,station_8,8,100.125,1.25,0.35,1,0
314,5,station_19,19,116.708,1.25,0.9,1,0
314,5,station_25,25,51.061,0.9,0.666,1,0
314,5,station_28,28,20.857,0.9,0.755,1,0
315,73,outside,0,0.0,0.0,0.0,0,1
315,73,station_8,8,135.206,1.25,0.35,1,0
315,73,station_19,19,154.215,1.25,0.9,1,0
315,73,station_25,25,84.187,0.9,0.666,1,0
315,73,station_28,28,44.458,0.9,0.755,1,0
316,67,outside,0,0.0,0.0,0.0,0,1
316,67,station_8,8,75.235,1.25,0.35,1,0
316,67,station_19,19,63.443,1.25,0.9,1,0
316,67,station_25,25,16.514,0.9,0.666,1,0
316,67,station_28,28,71.834,0.9,0.755,1,0
317,14,outside,0,0.0,0.0,0.0,0,1
317,14,station_8,8,69.896,1.25,0.35,1,0
317,14,station_19,19,67.32,1.25,0.9,1,0
317,14,station_25,25,17.838,0.9,0.666,1,0
317,14,station_28,28,60.29,0.9,0.755,1,0
318,1,outside,0,0.0,0.0,0.0,0,1
318,1,station_8,8,70.31,1.25,0.35,1,0
318,1,station_19,19,20.578,1.25,0.9,1,0
318,1,station_25,25,73.376,0.9,0.666,1,0
318,1,station_28,28,121.38,0.9,0.755,1,0
319,45,outside,0,0.0,0.0,0.0,0,0
319,45,station_8,8,106.32,1.25,0.35,1,0
319,45,station_19,19,130.298,1.25,0.9,1,0
319,45,station_25,25,70.449,0.9,0.666,1,0
319,45,station_28,28,14.633,0.9,0.755,1,1
320,37,outside,0,0.0,0.0,0.0,0,1
320,37,station_8,8,68.494,1.25,0.35,1,0
320,37,station_19,19,27.417,1.25,0.9,1,0
320,37,station_25,25,59.272,0.9,0.666,1,0
320,37,station_28,28,109.137,0.9,0.755,1,0
321,60,outside,0,0.0,0.0,0.0,0,1
321,60,station_8,8,90.016,1.25,0.35,1,0
321,60,station_19,19,37.449,1.25,0.9,1,0
321,60,station_25,25,92.489,0.9,0.666,1,0
321,60,station_28,28,144.031,0.9,0.755,1,0
322,29,outside,0,0.0,0.0,0.0,0,1
322,29,station_8,8,90.575,1.25,0.35,1,0
322,29,station_19,19,126.377,1.25,0.9,1,0
322,29,station_25,25,86.174,0.9,0.666,1,0
322,29,station_28,28,24.94,0.9,0.755,1,0
323,79,outside,0,0.0,0.0,0.0,0,0
323,79,station_8,8,99.13,1.25,0.35,1,0
323,79,station_19,19,126.347,1.25,0.9,1,0
323,79,station_25,25,72.25,0.9,0.666,1,0
323,79,station_28,28,8.805,0.9,0.755,1,1
324,51,outside,0,0.0,0.0,0.0,0,1
324,51,station_8,8,46.117,1.25,0.35,1,0
324,51,station_19,19,95.044,1.25,0.9,1,0
324,51,station_25,25,95.245,0.9,0.666,1,0
324,51,station_28,28,65.741,0.9,0.755,1,0
325,7,outside,0,0.0,0.0,0.0,0,1
325,7,station_8,8,85.244,1.25,0.35,1,0
325,7,station_19,19,55.162,1.25,0.9,1,0
325,7,station_25,25,37.637,0.9,0.666,1,0
325,7,station_28,28,98.08,0.9,0.755,1,0
326,12,outside,0,0.0,0.0,0.0,0,1
326,12,station_8,8,16.711,1.25,0.35,1,0
326,12,station_19,19,45.818,1.25,0.9,1,0
326,12,station_25,25,97.417,0.9,0.666,1,0
326,12,station_28,28,107.888,0.9,0.755,1,0
327,9,outside,0,0.0,0.0,0.0,0,0
327,9,station_8,8,60.179,1.25,0.35,1,0
327,9,station_19,19,10.891,1.25,0.9,1,1
327,9,station_25,25,89.553,0.9,0.666,1,0
327,9,station_28,28,128.538,0.9,0.755,1,0
328,1,outside,0,0.0,0.0,0.0,0,1
328,1,station_8,8,70.31,1.25,0.35,1,0
328,1,station_19,19,20.578,1.25,0.9,1,0
328,1,station_25,25,73.376,0.9,0.666,1,0
328,1,station_28,28,121.38,0.9,0.755,1,0
329,6,outside,0,0.0,0.0,0.0,0,1
329,6,station_8,8,98.145,1.25,0.35,1,0
329,6,station_19,19,113.947,1.25,0.9,1,0
329,6,station_25,25,48.196,0.9,0.666,1,0
329,6,station_28,28,21.955,0.9,0.755,1,0
330,14,outside,0,0.0,0.0,0.0,0,1
330,14,station_8,8,69.896,1.25,0.35,1,0
330,14,station_19,19,67.32,1.25,0.9,1,0
330,14,station_25,25,17.838,0.9,0.666,1,0
330,14,station_28,28,60.29,0.9,0.755,1,0
331,15,outside,0,0.0,0.0,0.0,0,1
331,15,station_8,8,76.282,1.25,0.35,1,0
331,15,station_19,19,40.814,1.25,0.9,1,0
331,15,station_25,25,48.434,0.9,0.666,1,0
331,15,station_28,28,103.654,0.9,0.755,1,0
332,58,outside,0,0.0,0.0,0.0,0,1
332,58,station_8,8,70.988,1.25,0.35,1,0
332,58,station_19,19,46.308,1.25,0.9,1,0
332,58,station_25,25,35.817,0.9,0.666,1,0
332,58,station_28,28,89.487,0.9,0.755,1,0
333,37,outside,0,0.0,0.0,0.0,0,1
333,37,station_8,8,68.494,1.25,0.35,1,0
333,37,station_19,19,27.417,1.25,0.9,1,0
333,37,station_25,25,59.272,0.9,0.666,1,0
333,37,station_28,28,109.137,0.9,0.755,1,0
334,70,outside,0,0.0,0.0,0.0,0,1
334,70,station_8,8,75.014,1.25,0.35,1,0
334,70,station_19,19,122.596,1.25,0.9,1,0
334,70,station_25,25,108.626,0.9,0.666,1,0
334,70,station_28,28,60.868,0.9,0.755,1,0
335,62,outside,0,0.0,0.0,0.0,0,1
335,62,station_8,8,101.631,1.25,0.35,1,0
335,62,station_19,19,125.187,1.25,0.9,1,0
335,62,station_25,25,66.178,0.9,0.666,1,0
335,62,station_28,28,10.43,0.9,0.755,1,0
336,22,outside,0,0.0,0.0,0.0,0,1
336,22,station_8,8,75.15,1.25,0.35,1,0
336,22,station_19,19,59.51,1.25,0.9,1,0
336,22,station_25,25,21.007,0.9,0.666,1,0
336,22,station_28,28,77.226,0.9,0.755,1,0
337,24,outside,0,0.0,0.0,0.0,0,1
337,24,station_8,8,59.502,1.25,0.35,1,0
337,24,station_19,19,71.183,1.25,0.9,1,0
337,24,station_25,25,33.7,0.9,0.666,1,0
337,24,station_28,28,47.589,0.9,0.755,1,0
338,5,outside,0,0.0,0.0,0.0,0,1
338,5,station_8,8,100.125,1.25,0.35,1,0
338,5,station_19,19,116.708,1.25,0.9,1,0
338,5,station_25,25,51.061,0.9,0.666,1,0
338,5,station_28,28,20.857,0.9,0.755,1,0
339,10,outside,0,0.0,0.0,0.0,0,1
339,10,station_8,8,39.742,1.25,0.35,1,0
339,10,station_19,19,76.751,1.25,0.9,1,0
339,10,station_25,25,67.733,0.9,0.666,1,0
339,10,station_28,28,52.375,0.9,0.755,1,0
340,13,outside,0,0.0,0.0,0.0,0,1
340,13,station_8,8,26.846,1.25,0.35,1,0
340,13,station_19,19,29.228,1.25,0.9,1,0
340,13,station_25,25,89.473,0.9,0.666,1,0
340,13,station_28,28,110.088,0.9,0.755,1,0
341,9,outside,0,0.0,0.0,0.0,0,1
341,9,station_8,8,60.179,1.25,0.35,1,0
341,9,station_19,19,10.891,1.25,0.9,1,0
341,9,station_25,25,89.553,0.9,0.666,1,0
341,9,station_28,28,128.538,0.9,0.755,1,0
342,43,outside,0,0.0,0.0,0.0,0,1
342,43,station_8,8,108.193,1.25,0.35,1,0
342,43,station_19,19,120.051,1.25,0.9,1,0
342,43,station_25,25,48.125,0.9,0.666,1,0
342,43,station_28,28,32.62,0.9,0.755,1,0
343,36,outside,0,0.0,0.0,0.0,0,1
343,36,station_8,8,49.761,1.25,0.35,1,0
343,36,station_19,19,23.538,1.25,0.9,1,0
343,36,station_25,25,101.025,0.9,0.666,1,0
343,36,station_28,28,130.581,0.9,0.755,1,0
344,45,outside,0,0.0,0.0,0.0,0,1
344,45,station_8,8,106.32,1.25,0.35,1,0
344,45,station_19,19,130.298,1.25,0.9,1,0
344,45,station_25,25,70.449,0.9,0.666,1,0
344,45,station_28,28,14.633,0.9,0.755,1,0
345,64,outside,0,0.0,0.0,0.0,0,0
345,64,station_8,8,88.473,1.25,0.35,1,0
345,64,station_19,19,113.427,1.25,0.9,1,0
345,64,station_25,25,60.627,0.9,0.666,1,0
345,64,station_28,28,4.372,0.9,0.755,1,1
346,22,outside,0,0.0,0.0,0.0,0,1
346,22,station_8,8,75.15,1.25,0.35,1,0
346,22,station_19,19,59.51,1.25,0.9,1,0
346,22,station_25,25,21.007,0.9,0.666,1,0
346,22,station_28,28,77.226,0.9,0.755,1,0
347,58,outside,0,0.0,0.0,0.0,0,1
347,58,station_8,8,70.988,1.25,0.35,1,0
347,58,station_19,19,46.308,1.25,0.9,1,0
347,58,station_25,25,35.817,0.9,0.666,1,0
347,58,station_28,28,89.487,0.9,0.755,1,0
348,17,outside,0,0.0,0.0,0.0,0,0
348,17,station_8,8,63.784,1.25,0.35,1,0
348,17,station_19,19,70.418,1.25,0.9,1,0
348,17,station_25,25,27.153,0.9,0.666,1,1
348,17,station_28,28,50.824,0.9,0.755,1,0
349,40,outside,0,0.0,0.0,0.0,0,1
349,40,station_8,8,50.28,1.25,0.35,1,0
349,40,station_19,19,63.179,1.25,0.9,1,0
349,40,station_25,25,39.841,0.9,0.666,1,0
349,40,station_28,28,54.545,0.9,0.755,1,0
350,80,outside,0,0.0,0.0,0.0,0,1
350,80,station_8,8,79.716,1.25,0.35,1,0
350,80,station_19,19,50.2,1.25,0.9,1,0
350,80,station_25,25,38.164,0.9,0.666,1,0
350,80,station_28,28,96.269,0.9,0.755,1,0
351,6,outside,0,0.0,0.0,0.0,0,1
351,6,station_8,8,98.145,1.25,0.35,1,0
351,6,station_19,19,113.947,1.25,0.9,1,0
351,6,station_25,25,48.196,0.9,0.666,1,0
351,6,station_28,28,21.955,0.9,0.755,1,0
352,4,outside,0,0.0,0.0,0.0,0,1
352,4,station_8,8,123.283,1.25,0.35,1,0
352,4,station_19,19,160.772,1.25,0.9,1,0
352,4,station_25,25,115.162,0.9,0.666,1,0
352,4,station_28,28,50.64,0.9,0.755,1,0
353,58,outside,0,0.0,0.0,0.0,0,1
353,58,station_8,8,70.988,1.25,0.35,1,0
353,58,station_19,19,46.308,1.25,0.9,1,0
353,58,station_25,25,35.817,0.9,0.666,1,0
353,58,station_28,28,89.487,0.9,0.755,1,0
354,56,outside,0,0.0,0.0,0.0,0,1
354,56,station_8,8,65.404,1.25,0.35,1,0
354,56,station_19,19,111.818,1.25,0.9,1,0
354,56,station_25,25,98.529,0.9,0.666,1,0
354,56,station_28,28,55.292,0.9,0.755,1,0
355,10,outside,0,0.0,0.0,0.0,0,1
355,10,station_8,8,39.742,1.25,0.35,1,0
355,10,station_19,19,76.751,1.25,0.9,1,0
355,10,station_25,25,67.733,0.9,0.666,1,0
355,10,station_28,28,52.375,0.9,0.755,1,0
356,13,outside,0,0.0,0.0,0.0,0,1
356,13,station_8,8,26.846,1.25,0.35,1,0
356,13,station_19,19,29.228,1.25,0.9,1,0
356,13,station_25,25,89.473,0.9,0.666,1,0
356,13,station_28,28,110.088,0.9,0.755,1,0
357,39,outside,0,0.0,0.0,0.0,0,1
357,39,station_8,8,57.569,1.25,0.35,1,0
357,39,station_19,19,15.638,1.25,0.9,1,0
357,39,station_25,25,95.59,0.9,0.666,1,0
357,39,station_28,28,131.33,0.9,0.755,1,0
358,41,outside,0,0.0,0.0,0.0,0,1
358,41,station_8,8,84.6,1.25,0.35,1,0
358,41,station_19,19,44.709,1.25,0.9,1,0
358,41,station_25,25,54.471,0.9,0.666,1,0
358,41,station_28,28,112.197,0.9,0.755,1,0
359,64,outside,0,0.0,0.0,0.0,0,0
359,64,station_8,8,88.473,1.25,0.35,1,0
359,64,station_19,19,113.427,1.25,0.9,1,0
359,64,station_25,25,60.627,0.9,0.666,1,0
359,64,station_28,28,4.372,0.9,0.755,1,1
360,3,outside,0,0.0,0.0,0.0,0,1
360,3,station_8,8,66.181,1.25,0.35,1,0
360,3,station_19,19,106.175,1.25,0.9,1,0
360,3,station_25,25,81.895,0.9,0.666,1,0
360,3,station_28,28,37.637,0.9,0.755,1,0
361,43,outside,0,0.0,0.0,0.0,0,1
361,43,station_8,8,108.193,1.25,0.35,1,0
361,43,station_19,19,120.051,1.25,0.9,1,0
361,43,station_25,25,48.125,0.9,0.666,1,0
361,43,station_28,28,32.62,0.9,0.755,1,0
362,74,outside,0,0.0,0.0,0.0,0,1
362,74,station_8,8,32.229,1.25,0.35,1,0
362,74,station_19,19,75.711,1.25,0.9,1,0
362,74,station_25,25,77.248,0.9,0.666,1,0
362,74,station_28,28,62.103,0.9,0.755,1,0
363,37,outside,0,0.0,0.0,0.0,0,1
363,37,station_8,8,68.494,1.25,0.35,1,0
363,37,station_19,19,27.417,1.25,0.9,1,0
363,37,station_25,25,59.272,0.9,0.666,1,0
363,37,station_28,28,109.137,0.9,0.755,1,0
364,5,outside,0,0.0,0.0,0.0,0,1
364,5,station_8,8,100.125,1.25,0.35,1,0
364,5,station_19,19,116.708,1.25,0.9,1,0
364,5,station_25,25,51.061,0.9,0.666,1,0
364,5,station_28,28,20.857,0.9,0.755,1,0
365,24,outside,0,0.0,0.0,0.0,0,1
365,24,station_8,8,59.502,1.25,0.35,1,0
365,24,station_19,19,71.183,1.25,0.9,1,0
365,24,station_25,25,33.7,0.9,0.666,1,0
365,24,station_28,28,47.589,0.9,0.755,1,0
366,27,outside,0,0.0,0.0,0.0,0,1
366,27,station_8,8,83.882,1.25,0.35,1,0
366,27,station_19,19,95.907,1.25,0.9,1,0
366,27,station_25,25,33.242,0.9,0.666,1,0
366,27,station_28,28,31.308,0.9,0.755,1,0
367,41,outside,0,0.0,0.0,0.0,0,1
367,41,station_8,8,84.6,1.25,0.35,1,0
367,41,station_19,19,44.709,1.25,0.9,1,0
367,41,station_25,25,54.471,0.9,0.666,1,0
367,41,station_28,28,112.197,0.9,0.755,1,0
368,13,outside,0,0.0,0.0,0.0,0,1
368,13,station_8,8,26.846,1.25,0.35,1,0
368,13,station_19,19,29.228,1.25,0.9,1,0
368,13,station_25,25,89.473,0.9,0.666,1,0
368,13,station_28,28,110.088,0.9,0.755,1,0
369,39,outside,0,0.0,0.0,0.0,0,0
369,39,station_8,8,57.569,1.25,0.35,1,0
369,39,station_19,19,15.638,1.25,0.9,1,1
369,39,station_25,25,95.59,0.9,0.666,1,0
369,39,station_28,28,131.33,0.9,0.755,1,0
370,58,outside,0,0.0,0.0,0.0,0,1
370,58,station_8,8,70.988,1.25,0.35,1,0
370,58,station_19,19,46.308,1.25,0.9,1,0
370,58,station_25,25,35.817,0.9,0.666,1,0
370,58,station_28,28,89.487,0.9,0.755,1,0
371,31,outside,0,0.0,0.0,0.0,0,1
371,31,station_8,8,78.215,1.25,0.35,1,0
371,31,station_19,19,113.719,1.25,0.9,1,0
371,31,station_25,25,77.83,0.9,0.666,1,0
371,31,station_28,28,24.111,0.9,0.755,1,0
372,27,outside,0,0.0,0.0,0.0,0,1
372,27,station_8,8,83.882,1.25,0.35,1,0
372,27,station_19,19,95.907,1.25,0.9,1,0
372,27,station_25,25,33.242,0.9,0.666,1,0
372,27,station_28,28,31.308,0.9,0.755,1,0
373,36,outside,0,0.0,0.0,0.0,0,0
373,36,station_8,8,49.761,1.25,0.35,1,0
373,36,station_19,19,23.538,1.25,0.9,1,1
373,36,station_25,25,101.025,0.9,0.666,1,0
373,36,station_28,28,130.581,0.9,0.755,1,0
374,1,outside,0,0.0,0.0,0.0,0,1
374,1,station_8,8,70.31,1.25,0.35,1,0
374,1,station_19,19,20.578,1.25,0.9,1,0
374,1,station_25,25,73.376,0.9,0.666,1,0
374,1,station_28,28,121.38,0.9,0.755,1,0
375,78,outside,0,0.0,0.0,0.0,0,1
375,78,station_8,8,85.507,1.25,0.35,1,0
375,78,station_19,19,51.361,1.25,0.9,1,0
375,78,station_25,25,44.406,0.9,0.666,1,0
375,78,station_28,28,104.032,0.9,0.755,1,0
376,17,outside,0,0.0,0.0,0.0,0,1
376,17,station_8,8,63.784,1.25,0.35,1,0
376,17,station_19,19,70.418,1.25,0.9,1,0
376,17,station_25,25,27.153,0.9,0.666,1,0
376,17,station_28,28,50.824,0.9,0.755,1,0
377,13,outside,0,0.0,0.0,0.0,0,1
377,13,station_8,8,26.846,1.25,0.35,1,0
377,13,station_19,19,29.228,1.25,0.9,1,0
377,13,station_25,25,89.473,0.9,0.666,1,0
377,13,station_28,28,110.088,0.9,0.755,1,0
378,58,outside,0,0.0,0.0,0.0,0,1
378,58,station_8,8,70.988,1.25,0.35,1,0
378,58,station_19,19,46.308,1.25,0.9,1,0
378,58,station_25,25,35.817,0.9,0.666,1,0
378,58,station_28,28,89.487,0.9,0.755,1,0
379,68,outside,0,0.0,0.0,0.0,0,1
379,68,station_8,8,30.047,1.25,0.35,1,0
379,68,station_19,19,72.698,1.25,0.9,1,0
379,68,station_25,25,75.575,0.9,0.666,1,0
379,68,station_28,28,63.183,0.9,0.755,1,0
380,47,outside,0,0.0,0.0,0.0,0,1
380,47,station_8,8,69.469,1.25,0.35,1,0
380,47,station_19,19,26.159,1.25,0.9,1,0
380,47,station_25,25,62.253,0.9,0.666,1,0
380,47,station_28,28,112.087,0.9,0.755,1,0
381,14,outside,0,0.0,0.0,0.0,0,1
381,14,station_8,8,69.896,1.25,0.35,1,0
381,14,station_19,19,67.32,1.25,0.9,1,0
381,14,station_25,25,17.838,0.9,0.666,1,0
381,14,station_28,28,60.29,0.9,0.755,1,0
382,19,outside,0,0.0,0.0,0.0,0,1
382,19,station_8,8,135.682,1.25,0.35,1,0
382,19,station_19,19,169.296,1.25,0.9,1,0
382,19,station_25,25,115.78,0.9,0.666,1,0
382,19,station_28,28,53.427,0.9,0.755,1,0
383,24,outside,0,0.0,0.0,0.0,0,1
383,24,station_8,8,59.502,1.25,0.35,1,0
383,24,station_19,19,71.183,1.25,0.9,1,0
383,24,station_25,25,33.7,0.9,0.666,1,0
383,24,station_28,28,47.589,0.9,0.755,1,0
384,75,outside,0,0.0,0.0,0.0,0,1
384,75,station_8,8,75.194,1.25,0.35,1,0
384,75,station_19,19,33.56,1.25,0.9,1,0
384,75,station_25,25,112.096,0.9,0.666,1,0
384,75,station_28,28,150.687,0.9,0.755,1,0
385,77,outside,0,0.0,0.0,0.0,0,1
385,77,station_8,8,15.566,1.25,0.35,1,0
385,77,station_19,19,38.912,1.25,0.9,1,0
385,77,station_25,25,76.359,0.9,0.666,1,0
385,77,station_28,28,90.868,0.9,0.755,1,0
386,18,outside,0,0.0,0.0,0.0,0,1
386,18,station_8,8,57.722,1.25,0.35,1,0
386,18,station_19,19,85.165,1.25,0.9,1,0
386,18,station_25,25,54.276,0.9,0.666,1,0
386,18,station_28,28,34.63,0.9,0.755,1,0
387,77,outside,0,0.0,0.0,0.0,0,0
387,77,station_8,8,15.566,1.25,0.35,1,1
387,77,station_19,19,38.912,1.25,0.9,1,0
387,77,station_25,25,76.359,0.9,0.666,1,0
387,77,station_28,28,90.868,0.9,0.755,1,0
388,35,outside,0,0.0,0.0,0.0,0,1
388,35,station_8,8,5.157,1.25,0.35,1,0
388,35,station_19,19,56.506,1.25,0.9,1,0
388,35,station_25,25,92.499,0.9,0.666,1,0
388,35,station_28,28,94.18,0.9,0.755,1,0
389,10,outside,0,0.0,0.0,0.0,0,1
389,10,station_8,8,39.742,1.25,0.35,1,0
389,10,station_19,19,76.751,1.25,0.9,1,0
389,10,station_25,25,67.733,0.9,0.666,1,0
389,10,station_28,28,52.375,0.9,0.755,1,0
390,44,outside,0,0.0,0.0,0.0,0,1
390,44,station_8,8,109.761,1.25,0.35,1,0
390,44,station_19,19,154.467,1.25,0.9,1,0
390,44,station_25,25,125.06,0.9,0.666,1,0
390,44,station_28,28,63.989,0.9,0.755,1,0
391,3,outside,0,0.0,0.0,0.0,0,1
391,3,station_8,8,66.181,1.25,0.35,1,0
391,3,station_19,19,106.175,1.25,0.9,1,0
391,3,station_25,25,81.895,0.9,0.666,1,0
391,3,station_28,28,37.637,0.9,0.755,1,0
392,23,outside,0,0.0,0.0,0.0,0,0
392,23,station_8,8,90.334,1.25,0.35,1,0
392,23,station_19,19,112.064,1.25,0.9,1,0
392,23,station_25,25,55.093,0.9,0.666,1,0
392,23,station_28,28,9.747,0.9,0.755,1,1
393,38,outside,0,0.0,0.0,0.0,0,1
393,38,station_8,8,122.799,1.25,0.35,1,0
393,38,station_19,19,142.992,1.25,0.9,1,0
393,38,station_25,25,75.759,0.9,0.666,1,0
393,38,station_28,28,32.057,0.9,0.755,1,0
394,12,outside,0,0.0,0.0,0.0,0,0
394,12,station_8,8,16.711,1.25,0.35,1,1
394,12,station_19,19,45.818,1.25,0.9,1,0
394,12,station_25,25,97.417,0.9,0.666,1,0
394,12,station_28,28,107.888,0.9,0.755,1,0
395,59,outside,0,0.0,0.0,0.0,0,1
395,59,station_8,8,101.758,1.25,0.35,1,0
395,59,station_19,19,111.107,1.25,0.9,1,0
395,59,station_25,25,38.654,0.9,0.666,1,0
395,59,station_28,28,35.203,0.9,0.755,1,0
396,80,outside,0,0.0,0.0,0.0,0,1
396,80,station_8,8,79.716,1.25,0.35,1,0
396,80,station_19,19,50.2,1.25,0.9,1,0
396,80,station_25,25,38.164,0.9,0.666,1,0
396,80,station_28,28,96.269,0.9,0.755,1,0
397,77,outside,0,0.0,0.0,0.0,0,0
397,77,station_8,8,15.566,1.25,0.35,1,1
397,77,station_19,19,38.912,1.25,0.9,1,0
397,77,station_25,25,76.359,0.9,0.666,1,0
397,77,station_28,28,90.868,0.9,0.755,1,0
398,5,outside,0,0.0,0.0,0.0,0,1
398,5,station_8,8,100.125,1.25,0.35,1,0
398,5,station_19,19,116.708,1.25,0.9,1,0
398,5,station_25,25,51.061,0.9,0.666,1,0
398,5,station_28,28,20.857,0.9,0.755,1,0
399,3,outside,0,0.0,0.0,0.0,0,1
399,3,station_8,8,66.181,1.25,0.35,1,0
399,3,station_19,19,106.175,1.25,0.9,1,0
399,3,station_25,25,81.895,0.9,0.666,1,0
399,3,station_28,28,37.637,0.9,0.755,1,0
400,45,outside,0,0.0,0.0,0.0,0,1
400,45,station_8,8,106.32,1.25,0.35,1,0
400,45,station_19,19,130.298,1.25,0.9,1,0
400,45,station_25,25,70.449,0.9,0.666,1,0
400,45,station_28,28,14.633,0.9,0.755,1,0
401,40,outside,0,0.0,0.0,0.0,0,1
401,40,station_8,8,50.28,1.25,0.35,1,0
401,40,station_19,19,63.179,1.25,0.9,1,0
401,40,station_25,25,39.841,0.9,0.666,1,0
401,40,station_28,28,54.545,0.9,0.755,1,0
402,76,outside,0,0.0,0.0,0.0,0,1
402,76,station_8,8,84.21,1.25,0.35,1,0
402,76,station_19,19,124.474,1.25,0.9,1,0
402,76,station_25,25,93.218,0.9,0.666,1,0
402,76,station_28,28,36.679,0.9,0.755,1,0
403,77,outside,0,0.0,0.0,0.0,0,1
403,77,station_8,8,15.566,1.25,0.35,1,0
403,77,station_19,19,38.912,1.25,0.9,1,0
403,77,station_25,25,76.359,0.9,0.666,1,0
403,77,station_28,28,90.868,0.9,0.755,1,0
404,6,outside,0,0.0,0.0,0.0,0,1
404,6,station_8,8,98.145,1.25,0.35,1,0
404,6,station_19,19,113.947,1.25,0.9,1,0
404,6,station_25,25,48.196,0.9,0.666,1,0
404,6,station_28,28,21.955,0.9,0.755,1,0
405,67,outside,0,0.0,0.0,0.0,0,1
405,67,station_8,8,75.235,1.25,0.35,1,0
405,67,station_19,19,63.443,1.25,0.9,1,0
405,67,station_25,25,16.514,0.9,0.666,1,0
405,67,station_28,28,71.834,0.9,0.755,1,0
406,8,outside,0,0.0,0.0,0.0,0,0
406,8,station_8,8,4.571,1.25,0.35,1,1
406,8,station_19,19,49.873,1.25,0.9,1,0
406,8,station_25,25,83.221,0.9,0.666,1,0
406,8,station_28,28,89.191,0.9,0.755,1,0
407,63,outside,0,0.0,0.0,0.0,0,1
407,63,station_8,8,30.308,1.25,0.35,1,0
407,63,station_19,19,74.577,1.25,0.9,1,0
407,63,station_25,25,78.28,0.9,0.666,1,0
407,63,station_28,28,64.16,0.9,0.755,1,0
408,62,outside,0,0.0,0.0,0.0,0,0
408,62,station_8,8,101.631,1.25,0.35,1,0
408,62,station_19,19,125.187,1.25,0.9,1,0
408,62,station_25,25,66.178,0.9,0.666,1,0
408,62,station_28,28,10.43,0.9,0.755,1,1
409,43,outside,0,0.0,0.0,0.0,0,0
409,43,station_8,8,108.193,1.25,0.35,1,0
409,43,station_19,19,120.051,1.25,0.9,1,0
409,43,station_25,25,48.125,0.9,0.666,1,0
409,43,station_28,28,32.62,0.9,0.755,1,1
410,22,outside,0,0.0,0.0,0.0,0,1
410,22,station_8,8,75.15,1.25,0.35,1,0
410,22,station_19,19,59.51,1.25,0.9,1,0
410,22,station_25,25,21.007,0.9,0.666,1,0
410,22,station_28,28,77.226,0.9,0.755,1,0
411,34,outside,0,0.0,0.0,0.0,0,1
411,34,station_8,8,35.693,1.25,0.35,1,0
411,34,station_19,19,36.459,1.25,0.9,1,0
411,34,station_25,25,104.209,0.9,0.666,1,0
411,34,station_28,28,123.909,0.9,0.755,1,0
412,77,outside,0,0.0,0.0,0.0,0,1
412,77,station_8,8,15.566,1.25,0.35,1,0
412,77,station_19,19,38.912,1.25,0.9,1,0
412,77,station_25,25,76.359,0.9,0.666,1,0
412,77,station_28,28,90.868,0.9,0.755,1,0
413,10,outside,0,0.0,0.0,0.0,0,1
413,10,station_8,8,39.742,1.25,0.35,1,0
413,10,station_19,19,76.751,1.25,0.9,1,0
413,10,station_25,25,67.733,0.9,0.666,1,0
413,10,station_28,28,52.375,0.9,0.755,1,0
414,58,outside,0,0.0,0.0,0.0,0,1
414,58,station_8,8,70.988,1.25,0.35,1,0
414,58,station_19,19,46.308,1.25,0.9,1,0
414,58,station_25,25,35.817,0.9,0.666,1,0
414,58,station_28,28,89.487,0.9,0.755,1,0
415,15,outside,0,0.0,0.0,0.0,0,1
415,15,station_8,8,76.282,1.25,0.35,1,0
415,15,station_19,19,40.814,1.25,0.9,1,0
415,15,station_25,25,48.434,0.9,0.666,1,0
415,15,station_28,28,103.654,0.9,0.755,1,0
416,17,outside,0,0.0,0.0,0.0,0,1
416,17,station_8,8,63.784,1.25,0.35,1,0
416,17,station_19,19,70.418,1.25,0.9,1,0
416,17,station_25,25,27.153,0.9,0.666,1,0
416,17,station_28,28,50.824,0.9,0.755,1,0
417,38,outside,0,0.0,0.0,0.0,0,1
417,38,station_8,8,122.799,1.25,0.35,1,0
417,38,station_19,19,142.992,1.25,0.9,1,0
417,38,station_25,25,75.759,0.9,0.666,1,0
417,38,station_28,28,32.057,0.9,0.755,1,0
418,18,outside,0,0.0,0.0,0.0,0,1
418,18,station_8,8,57.722,1.25,0.35,1,0
418,18,station_19,19,85.165,1.25,0.9,1,0
418,18,station_25,25,54.276,0.9,0.666,1,0
418,18,station_28,28,34.63,0.9,0.755,1,0
419,22,outside,0,0.0,0.0,0.0,0,1
419,22,station_8,8,75.15,1.25,0.35,1,0
419,22,station_19,19,59.51,1.25,0.9,1,0
419,22,station_25,25,21.007,0.9,0.666,1,0
419,22,station_28,28,77.226,0.9,0.755,1,0
420,1,outside,0,0.0,0.0,0.0,0,1
420,1,station_8,8,70.31,1.25,0.35,1,0
420,1,station_19,19,20.578,1.25,0.9,1,0
420,1,station_25,25,73.376,0.9,0.666,1,0
420,1,station_28,28,121.38,0.9,0.755,1,0
421,77,outside,0,0.0,0.0,0.0,0,1
421,77,station_8,8,15.566,1.25,0.35,1,0
421,77,station_19,19,38.912,1.25,0.9,1,0
421,77,station_25,25,76.359,0.9,0.666,1,0
421,77,station_28,28,90.868,0.9,0.755,1,0
422,17,outside,0,0.0,0.0,0.0,0,1
422,17,station_8,8,63.784,1.25,0.35,1,0
422,17,station_19,19,70.418,1.25,0.9,1,0
422,17,station_25,25,27.153,0.9,0.666,1,0
422,17,station_28,28,50.824,0.9,0.755,1,0
423,6,outside,0,0.0,0.0,0.0,0,1
423,6,station_8,8,98.145,1.25,0.35,1,0
423,6,station_19,19,113.947,1.25,0.9,1,0
423,6,station_25,25,48.196,0.9,0.666,1,0
423,6,station_28,28,21.955,0.9,0.755,1,0
424,47,outside,0,0.0,0.0,0.0,0,1
424,47,station_8,8,69.469,1.25,0.35,1,0
424,47,station_19,19,26.159,1.25,0.9,1,0
424,47,station_25,25,62.253,0.9,0.666,1,0
424,47,station_28,28,112.087,0.9,0.755,1,0
425,18,outside,0,0.0,0.0,0.0,0,1
425,18,station_8,8,57.722,1.25,0.35,1,0
425,18,station_19,19,85.165,1.25,0.9,1,0
425,18,station_25,25,54.276,0.9,0.666,1,0
425,18,station_28,28,34.63,0.9,0.755,1,0
426,24,outside,0,0.0,0.0,0.0,0,1
426,24,station_8,8,59.502,1.25,0.35,1,0
426,24,station_19,19,71.183,1.25,0.9,1,0
426,24,station_25,25,33.7,0.9,0.666,1,0
426,24,station_28,28,47.589,0.9,0.755,1,0
427,80,outside,0,0.0,0.0,0.0,0,1
427,80,station_8,8,79.716,1.25,0.35,1,0
427,80,station_19,19,50.2,1.25,0.9,1,0
427,80,station_25,25,38.164,0.9,0.666,1,0
427,80,station_28,28,96.269,0.9,0.755,1,0
428,23,outside,0,0.0,0.0,0.0,0,1
428,23,station_8,8,90.334,1.25,0.35,1,0
428,23,station_19,19,112.064,1.25,0.9,1,0
428,23,station_25,25,55.093,0.9,0.666,1,0
428,23,station_28,28,9.747,0.9,0.755,1,0
429,57,outside,0,0.0,0.0,0.0,0,0
429,57,station_8,8,83.823,1.25,0.35,1,0
429,57,station_19,19,81.369,1.25,0.9,1,0
429,57,station_25,25,8.476,0.9,0.666,1,1
429,57,station_28,28,56.282,0.9,0.755,1,0
430,6,outside,0,0.0,0.0,0.0,0,1
430,6,station_8,8,98.145,1.25,0.35,1,0
430,6,station_19,19,113.947,1.25,0.9,1,0
430,6,station_25,25,48.196,0.9,0.666,1,0
430,6,station_28,28,21.955,0.9,0.755,1,0
431,57,outside,0,0.0,0.0,0.0,0,0
431,57,station_8,8,83.823,1.25,0.35,1,0
431,57,station_19,19,81.369,1.25,0.9,1,0
431,57,station_25,25,8.476,0.9,0.666,1,1
431,57,station_28,28,56.282,0.9,0.755,1,0
432,67,outside,0,0.0,0.0,0.0,0,1
432,67,station_8,8,75.235,1.25,0.35,1,0
432,67,station_19,19,63.443,1.25,0.9,1,0
432,67,station_25,25,16.514,0.9,0.666,1,0
432,67,station_28,28,71.834,0.9,0.755,1,0
433,1,outside,0,0.0,0.0,0.0,0,1
433,1,station_8,8,70.31,1.25,0.35,1,0
433,1,station_19,19,20.578,1.25,0.9,1,0
433,1,station_25,25,73.376,0.9,0.666,1,0
433,1,station_28,28,121.38,0.9,0.755,1,0
434,16,outside,0,0.0,0.0,0.0,0,1
434,16,station_8,8,76.931,1.25,0.35,1,0
434,16,station_19,19,80.887,1.25,0.9,1,0
434,16,station_25,25,18.805,0.9,0.666,1,0
434,16,station_28,28,47.707,0.9,0.755,1,0
435,68,outside,0,0.0,0.0,0.0,0,1
435,68,station_8,8,30.047,1.25,0.35,1,0
435,68,station_19,19,72.698,1.25,0.9,1,0
435,68,station_25,25,75.575,0.9,0.666,1,0
435,68,station_28,28,63.183,0.9,0.755,1,0
436,25,outside,0,0.0,0.0,0.0,0,1
436,25,station_8,8,71.642,1.25,0.35,1,0
436,25,station_19,19,19.049,1.25,0.9,1,0
436,25,station_25,25,85.268,0.9,0.666,1,0
436,25,station_28,28,130.958,0.9,0.755,1,0
437,6,outside,0,0.0,0.0,0.0,0,0
437,6,station_8,8,98.145,1.25,0.35,1,0
437,6,station_19,19,113.947,1.25,0.9,1,0
437,6,station_25,25,48.196,0.9,0.666,1,0
437,6,station_28,28,21.955,0.9,0.755,1,1
438,22,outside,0,0.0,0.0,0.0,0,1
438,22,station_8,8,75.15,1.25,0.35,1,0
438,22,station_19,19,59.51,1.25,0.9,1,0
438,22,station_25,25,21.007,0.9,0.666,1,0
438,22,station_28,28,77.226,0.9,0.755,1,0
439,79,outside,0,0.0,0.0,0.0,0,1
439,79,station_8,8,99.13,1.25,0.35,1,0
439,79,station_19,19,126.347,1.25,0.9,1,0
439,79,station_25,25,72.25,0.9,0.666,1,0
439,79,station_28,28,8.805,0.9,0.755,1,0
440,18,outside,0,0.0,0.0,0.0,0,1
440,18,station_8,8,57.722,1.25,0.35,1,0
440,18,station_19,19,85.165,1.25,0.9,1,0
440,18,station_25,25,54.276,0.9,0.666,1,0
440,18,station_28,28,34.63,0.9,0.755,1,0
441,22,outside,0,0.0,0.0,0.0,0,0
441,22,station_8,8,75.15,1.25,0.35,1,0
441,22,station_19,19,59.51,1.25,0.9,1,0
441,22,station_25,25,21.007,0.9,0.666,1,1
441,22,station_28,28,77.226,0.9,0.755,1,0
442,30,outside,0,0.0,0.0,0.0,0,1
442,30,station_8,8,143.851,1.25,0.35,1,0
442,30,station_19,19,166.198,1.25,0.9,1,0
442,30,station_25,25,98.299,0.9,0.666,1,0
442,30,station_28,28,52.084,0.9,0.755,1,0
443,34,outside,0,0.0,0.0,0.0,0,1
443,34,station_8,8,35.693,1.25,0.35,1,0
443,34,station_19,19,36.459,1.25,0.9,1,0
443,34,station_25,25,104.209,0.9,0.666,1,0
443,34,station_28,28,123.909,0.9,0.755,1,0
444,27,outside,0,0.0,0.0,0.0,0,1
444,27,station_8,8,83.882,1.25,0.35,1,0
444,27,station_19,19,95.907,1.25,0.9,1,0
444,27,station_25,25,33.242,0.9,0.666,1,0
444,27,station_28,28,31.308,0.9,0.755,1,0
445,67,outside,0,0.0,0.0,0.0,0,1
445,67,station_8,8,75.235,1.25,0.35,1,0
445,67,station_19,19,63.443,1.25,0.9,1,0
445,67,station_25,25,16.514,0.9,0.666,1,0
445,67,station_28,28,71.834,0.9,0.755,1,0
446,6,outside,0,0.0,0.0,0.0,0,0
446,6,station_8,8,98.145,1.25,0.35,1,0
446,6,station_19,19,113.947,1.25,0.9,1,0
446,6,station_25,25,48.196,0.9,0.666,1,0
446,6,station_28,28,21.955,0.9,0.755,1,1
447,5,outside,0,0.0,0.0,0.0,0,1
447,5,station_8,8,100.125,1.25,0.35,1,0
447,5,station_19,19,116.708,1.25,0.9,1,0
447,5,station_25,25,51.061,0.9,0.666,1,0
447,5,station_28,28,20.857,0.9,0.755,1,0
448,10,outside,0,0.0,0.0,0.0,0,1
448,10,station_8,8,39.742,1.25,0.35,1,0
448,10,station_19,19,76.751,1.25,0.9,1,0
448,10,station_25,25,67.733,0.9,0.666,1,0
448,10,station_28,28,52.375,0.9,0.755,1,0
449,26,outside,0,0.0,0.0,0.0,0,1
449,26,station_8,8,81.733,1.25,0.35,1,0
449,26,station_19,19,123.747,1.25,0.9,1,0
449,26,station_25,25,96.277,0.9,0.666,1,0
449,26,station_28,28,41.766,0.9,0.755,1,0
450,71,outside,0,0.0,0.0,0.0,0,1
450,71,station_8,8,58.007,1.25,0.35,1,0
450,71,station_19,19,24.109,1.25,0.9,1,0
450,71,station_25,25,103.797,0.9,0.666,1,0
450,71,station_28,28,136.758,0.9,0.755,1,0
451,70,outside,0,0.0,0.0,0.0,0,1
451,70,station_8,8,75.014,1.25,0.35,1,0
451,70,station_19,19,122.596,1.25,0.9,1,0
451,70,station_25,25,108.626,0.9,0.666,1,0
451,70,station_28,28,60.868,0.9,0.755,1,0
452,75,outside,0,0.0,0.0,0.0,0,1
452,75,station_8,8,75.194,1.25,0.35,1,0
452,75,station_19,19,33.56,1.25,0.9,1,0
452,75,station_25,25,112.096,0.9,0.666,1,0
452,75,station_28,28,150.687,0.9,0.755,1,0
453,47,outside,0,0.0,0.0,0.0,0,1
453,47,station_8,8,69.469,1.25,0.35,1,0
453,47,station_19,19,26.159,1.25,0.9,1,0
453,47,station_25,25,62.253,0.9,0.666,1,0
453,47,station_28,28,112.087,0.9,0.755,1,0
454,17,outside,0,0.0,0.0,0.0,0,1
454,17,station_8,8,63.784,1.25,0.35,1,0
454,17,station_19,19,70.418,1.25,0.9,1,0
454,17,station_25,25,27.153,0.9,0.666,1,0
454,17,station_28,28,50.824,0.9,0.755,1,0
455,56,outside,0,0.0,0.0,0.0,0,1
455,56,station_8,8,65.404,1.25,0.35,1,0
455,56,station_19,19,111.818,1.25,0.9,1,0
455,56,station_25,25,98.529,0.9,0.666,1,0
455,56,station_28,28,55.292,0.9,0.755,1,0
456,3,outside,0,0.0,0.0,0.0,0,1
456,3,station_8,8,66.181,1.25,0.35,1,0
456,3,station_19,19,106.175,1.25,0.9,1,0
456,3,station_25,25,81.895,0.9,0.666,1,0
456,3,station_28,28,37.637,0.9,0.755,1,0
457,13,outside,0,0.0,0.0,0.0,0,0
457,13,station_8,8,26.846,1.25,0.35,1,0
457,13,station_19,19,29.228,1.25,0.9,1,1
457,13,station_25,25,89.473,0.9,0.666,1,0
457,13,station_28,28,110.088,0.9,0.755,1,0
458,10,outside,0,0.0,0.0,0.0,0,1
458,10,station_8,8,39.742,1.25,0.35,1,0
458,10,station_19,19,76.751,1.25,0.9,1,0
458,10,station_25,25,67.733,0.9,0.666,1,0
458,10,station_28,28,52.375,0.9,0.755,1,0
459,13,outside,0,0.0,0.0,0.0,0,1
459,13,station_8,8,26.846,1.25,0.35,1,0
459,13,station_19,19,29.228,1.25,0.9,1,0
459,13,station_25,25,89.473,0.9,0.666,1,0
459,13,station_28,28,110.088,0.9,0.755,1,0
460,80,outside,0,0.0,0.0,0.0,0,1
460,80,station_8,8,79.716,1.25,0.35,1,0
460,80,station_19,19,50.2,1.25,0.9,1,0
460,80,station_25,25,38.164,0.9,0.666,1,0
460,80,station_28,28,96.269,0.9,0.755,1,0
461,20,outside,0,0.0,0.0,0.0,0,1
461,20,station_8,8,125.682,1.25,0.35,1,0
461,20,station_19,19,154.077,1.25,0.9,1,0
461,20,station_25,25,95.28,0.9,0.666,1,0
461,20,station_28,28,36.427,0.9,0.755,1,0
462,2,outside,0,0.0,0.0,0.0,0,0
462,2,station_8,8,4.679,1.25,0.35,1,1
462,2,station_19,19,57.165,1.25,0.9,1,0
462,2,station_25,25,90.696,0.9,0.666,1,0
462,2,station_28,28,91.632,0.9,0.755,1,0
463,12,outside,0,0.0,0.0,0.0,0,1
463,12,station_8,8,16.711,1.25,0.35,1,0
463,12,station_19,19,45.818,1.25,0.9,1,0
463,12,station_25,25,97.417,0.9,0.666,1,0
463,12,station_28,28,107.888,0.9,0.755,1,0
464,56,outside,0,0.0,0.0,0.0,0,1
464,56,station_8,8,65.404,1.25,0.35,1,0
464,56,station_19,19,111.818,1.25,0.9,1,0
464,56,station_25,25,98.529,0.9,0.666,1,0
464,56,station_28,28,55.292,0.9,0.755,1,0
465,62,outside,0,0.0,0.0,0.0,0,0
465,62,station_8,8,101.631,1.25,0.35,1,0
465,62,station_19,19,125.187,1.25,0.9,1,0
465,62,station_25,25,66.178,0.9,0.666,1,0
465,62,station_28,28,10.43,0.9,0.755,1,1
466,9,outside,0,0.0,0.0,0.0,0,0
466,9,station_8,8,60.179,1.25,0.35,1,0
466,9,station_19,19,10.891,1.25,0.9,1,1
466,9,station_25,25,89.553,0.9,0.666,1,0
466,9,station_28,28,128.538,0.9,0.755,1,0
467,13,outside,0,0.0,0.0,0.0,0,0
467,13,station_8,8,26.846,1.25,0.35,1,1
467,13,station_19,19,29.228,1.25,0.9,1,0
467,13,station_25,25,89.473,0.9,0.666,1,0
467,13,station_28,28,110.088,0.9,0.755,1,0
468,15,outside,0,0.0,0.0,0.0,0,1
468,15,station_8,8,76.282,1.25,0.35,1,0
468,15,station_19,19,40.814,1.25,0.9,1,0
468,15,station_25,25,48.434,0.9,0.666,1,0
468,15,station_28,28,103.654,0.9,0.755,1,0
469,24,outside,0,0.0,0.0,0.0,0,1
469,24,station_8,8,59.502,1.25,0.35,1,0
469,24,station_19,19,71.183,1.25,0.9,1,0
469,24,station_25,25,33.7,0.9,0.666,1,0
469,24,station_28,28,47.589,0.9,0.755,1,0
470,76,outside,0,0.0,0.0,0.0,0,1
470,76,station_8,8,84.21,1.25,0.35,1,0
470,76,station_19,19,124.474,1.25,0.9,1,0
470,76,station_25,25,93.218,0.9,0.666,1,0
470,76,station_28,28,36.679,0.9,0.755,1,0
471,24,outside,0,0.0,0.0,0.0,0,1
471,24,station_8,8,59.502,1.25,0.35,1,0
471,24,station_19,19,71.183,1.25,0.9,1,0
471,24,station_25,25,33.7,0.9,0.666,1,0
471,24,station_28,28,47.589,0.9,0.755,1,0
472,63,outside,0,0.0,0.0,0.0,0,1
472,63,station_8,8,30.308,1.25,0.35,1,0
472,63,station_19,19,74.577,1.25,0.9,1,0
472,63,station_25,25,78.28,0.9,0.666,1,0
472,63,station_28,28,64.16,0.9,0.755,1,0
473,80,outside,0,0.0,0.0,0.0,0,1
473,80,station_8,8,79.716,1.25,0.35,1,0
473,80,station_19,19,50.2,1.25,0.9,1,0
473,80,station_25,25,38.164,0.9,0.666,1,0
473,80,station_28,28,96.269,0.9,0.755,1,0
474,18,outside,0,0.0,0.0,0.0,0,1
474,18,station_8,8,57.722,1.25,0.35,1,0
474,18,station_19,19,85.165,1.25,0.9,1,0
474,18,station_25,25,54.276,0.9,0.666,1,0
474,18,station_28,28,34.63,0.9,0.755,1,0
475,78,outside,0,0.0,0.0,0.0,0,1
475,78,station_8,8,85.507,1.25,0.35,1,0
475,78,station_19,19,51.361,1.25,0.9,1,0
475,78,station_25,25,44.406,0.9,0.666,1,0
475,78,station_28,28,104.032,0.9,0.755,1,0
476,27,outside,0,0.0,0.0,0.0,0,1
476,27,station_8,8,83.882,1.25,0.35,1,0
476,27,station_19,19,95.907,1.25,0.9,1,0
476,27,station_25,25,33.242,0.9,0.666,1,0
476,27,station_28,28,31.308,0.9,0.755,1,0
477,8,outside,0,0.0,0.0,0.0,0,1
477,8,station_8,8,4.571,1.25,0.35,1,0
477,8,station_19,19,49.873,1.25,0.9,1,0
477,8,station_25,25,83.221,0.9,0.666,1,0
477,8,station_28,28,89.191,0.9,0.755,1,0
478,24,outside,0,0.0,0.0,0.0,0,1
478,24,station_8,8,59.502,1.25,0.35,1,0
478,24,station_19,19,71.183,1.25,0.9,1,0
478,24,station_25,25,33.7,0.9,0.666,1,0
478,24,station_28,28,47.589,0.9,0.755,1,0
479,10,outside,0,0.0,0.0,0.0,0,1
479,10,station_8,8,39.742,1.25,0.35,1,0
479,10,station_19,19,76.751,1.25,0.9,1,0
479,10,station_25,25,67.733,0.9,0.666,1,0
479,10,station_28,28,52.375,0.9,0.755,1,0
480,28,outside,0,0.0,0.0,0.0,0,0
480,28,station_8,8,45.893,1.25,0.35,1,0
480,28,station_19,19,17.858,1.25,0.9,1,1
480,28,station_25,25,63.65,0.9,0.666,1,0
480,28,station_28,28,100.112,0.9,0.755,1,0
481,16,outside,0,0.0,0.0,0.0,0,1
481,16,station_8,8,76.931,1.25,0.35,1,0
481,16,station_19,19,80.887,1.25,0.9,1,0
481,16,station_25,25,18.805,0.9,0.666,1,0
481,16,station_28,28,47.707,0.9,0.755,1,0
482,14,outside,0,0.0,0.0,0.0,0,1
482,14,station_8,8,69.896,1.25,0.35,1,0
482,14,station_19,19,67.32,1.25,0.9,1,0
482,14,station_25,25,17.838,0.9,0.666,1,0
482,14,station_28,28,60.29,0.9,0.755,1,0
483,62,outside,0,0.0,0.0,0.0,0,1
483,62,station_8,8,101.631,1.25,0.35,1,0
483,62,station_19,19,125.187,1.25,0.9,1,0
483,62,station_25,25,66.178,0.9,0.666,1,0
483,62,station_28,28,10.43,0.9,0.755,1,0
484,39,outside,0,0.0,0.0,0.0,0,1
484,39,station_8,8,57.569,1.25,0.35,1,0
484,39,station_19,19,15.638,1.25,0.9,1,0
484,39,station_25,25,95.59,0.9,0.666,1,0
484,39,station_28,28,131.33,0.9,0.755,1,0
485,63,outside,0,0.0,0.0,0.0,0,1
485,63,station_8,8,30.308,1.25,0.35,1,0
485,63,station_19,19,74.577,1.25,0.9,1,0
485,63,station_25,25,78.28,0.9,0.666,1,0
485,63,station_28,28,64.16,0.9,0.755,1,0
486,2,outside,0,0.0,0.0,0.0,0,1
486,2,station_8,8,4.679,1.25,0.35,1,0
486,2,station_19,19,57.165,1.25,0.9,1,0
486,2,station_25,25,90.696,0.9,0.666,1,0
486,2,station_28,28,91.632,0.9,0.755,1,0
487,2,outside,0,0.0,0.0,0.0,0,1
487,2,station_8,8,4.679,1.25,0.35,1,0
487,2,station_19,19,57.165,1.25,0.9,1,0
487,2,station_25,25,90.696,0.9,0.666,1,0
487,2,station_28,28,91.632,0.9,0.755,1,0
488,50,outside,0,0.0,0.0,0.0,0,0
488,50,station_8,8,75.498,1.25,0.35,1,0
488,50,station_19,19,77.73,1.25,0.9,1,0
488,50,station_25,25,16.997,0.9,0.666,1,1
488,50,station_28,28,50.967,0.9,0.755,1,0
489,58,outside,0,0.0,0.0,0.0,0,1
489,58,station_8,8,70.988,1.25,0.35,1,0
489,58,station_19,19,46.308,1.25,0.9,1,0
489,58,station_25,25,35.817,0.9,0.666,1,0
489,58,station_28,28,89.487,0.9,0.755,1,0
490,30,outside,0,0.0,0.0,0.0,0,1
490,30,station_8,8,143.851,1.25,0.35,1,0
490,30,station_19,19,166.198,1.25,0.9,1,0
490,30,station_25,25,98.299,0.9,0.666,1,0
490,30,station_28,28,52.084,0.9,0.755,1,0
491,65,outside,0,0.0,0.0,0.0,0,0
491,65,station_8,8,95.69,1.25,0.35,1,0
491,65,station_19,19,118.286,1.25,0.9,1,0
491,65,station_25,25,60.162,0.9,0.666,1,0
491,65,station_28,28,7.765,0.9,0.755,1,1
492,73,outside,0,0.0,0.0,0.0,0,1
492,73,station_8,8,135.206,1.25,0.35,1,0
492,73,station_19,19,154.215,1.25,0.9,1,0
492,73,station_25,25,84.187,0.9,0.666,1,0
492,73,station_28,28,44.458,0.9,0.755,1,0
493,45,outside,0,0.0,0.0,0.0,0,0
493,45,station_8,8,106.32,1.25,0.35,1,0
493,45,station_19,19,130.298,1.25,0.9,1,0
493,45,station_25,25,70.449,0.9,0.666,1,0
493,45,station_28,28,14.633,0.9,0.755,1,1
494,43,outside,0,0.0,0.0,0.0,0,1
494,43,station_8,8,108.193,1.25,0.35,1,0
494,43,station_19,19,120.051,1.25,0.9,1,0
494,43,station_25,25,48.125,0.9,0.666,1,0
494,43,station_28,28,32.62,0.9,0.755,1,0
495,57,outside,0,0.0,0.0,0.0,0,0
495,57,station_8,8,83.823,1.25,0.35,1,0
495,57,station_19,19,81.369,1.25,0.9,1,0
495,57,station_25,25,8.476,0.9,0.666,1,1
495,57,station_28,28,56.282,0.9,0.755,1,0
496,46,outside,0,0.0,0.0,0.0,0,1
496,46,station_8,8,50.091,1.25,0.35,1,0
496,46,station_19,19,85.489,1.25,0.9,1,0
496,46,station_25,25,66.439,0.9,0.666,1,0
496,46,station_28,28,42.432,0.9,0.755,1,0
497,18,outside,0,0.0,0.0,0.0,0,1
497,18,station_8,8,57.722,1.25,0.35,1,0
497,18,station_19,19,85.165,1.25,0.9,1,0
497,18,station_25,25,54.276,0.9,0.666,1,0
497,18,station_28,28,34.63,0.9,0.755,1,0
498,56,outside,0,0.0,0.0,0.0,0,1
498,56,station_8,8,65.404,1.25,0.35,1,0
498,56,station_19,19,111.818,1.25,0.9,1,0
498,56,station_25,25,98.529,0.9,0.666,1,0
498,56,station_28,28,55.292,0.9,0.755,1,0
499,28,outside,0,0.0,0.0,0.0,0,1
499,28,station_8,8,45.893,1.25,0.35,1,0
499,28,station_19,19,17.858,1.25,0.9,1,0
499,28,station_25,25,63.65,0.9,0.666,1,0
499,28,station_28,28,100.112,0.9,0.755,1,0
500,24,outside,0,0.0,0.0,0.0,0,1
500,24,station_8,8,59.502,1.25,0.35,1,0
500,24,station_19,19,71.183,1.25,0.9,1,0
500,24,station_25,25,33.7,0.9,0.666,1,0
500,24,station_28,28,47.589,0.9,0.755,1,0
501,70,outside,0,0.0,0.0,0.0,0,1
501,70,station_8,8,75.014,1.25,0.35,1,0
501,70,station_19,19,122.596,1.25,0.9,1,0
501,70,station_25,25,108.626,0.9,0.666,1,0
501,70,station_28,28,60.868,0.9,0.755,1,0
502,5,outside,0,0.0,0.0,0.0,0,1
502,5,station_8,8,100.125,1.25,0.35,1,0
502,5,station_19,19,116.708,1.25,0.9,1,0
502,5,station_25,25,51.061,0.9,0.666,1,0
502,5,station_28,28,20.857,0.9,0.755,1,0
503,58,outside,0,0.0,0.0,0.0,0,1
503,58,station_8,8,70.988,1.25,0.35,1,0
503,58,station_19,19,46.308,1.25,0.9,1,0
503,58,station_25,25,35.817,0.9,0.666,1,0
503,58,station_28,28,89.487,0.9,0.755,1,0
504,70,outside,0,0.0,0.0,0.0,0,1
504,70,station_8,8,75.014,1.25,0.35,1,0
504,70,station_19,19,122.596,1.25,0.9,1,0
504,70,station_25,25,108.626,0.9,0.666,1,0
504,70,station_28,28,60.868,0.9,0.755,1,0
505,2,outside,0,0.0,0.0,0.0,0,0
505,2,station_8,8,4.679,1.25,0.35,1,1
505,2,station_19,19,57.165,1.25,0.9,1,0
505,2,station_25,25,90.696,0.9,0.666,1,0
505,2,station_28,28,91.632,0.9,0.755,1,0
506,12,outside,0,0.0,0.0,0.0,0,1
506,12,station_8,8,16.711,1.25,0.35,1,0
506,12,station_19,19,45.818,1.25,0.9,1,0
506,12,station_25,25,97.417,0.9,0.666,1,0
506,12,station_28,28,107.888,0.9,0.755,1,0
507,78,outside,0,0.0,0.0,0.0,0,1
507,78,station_8,8,85.507,1.25,0.35,1,0
507,78,station_19,19,51.361,1.25,0.9,1,0
507,78,station_25,25,44.406,0.9,0.666,1,0
507,78,station_28,28,104.032,0.9,0.755,1,0
508,77,outside,0,0.0,0.0,0.0,0,0
508,77,station_8,8,15.566,1.25,0.35,1,1
508,77,station_19,19,38.912,1.25,0.9,1,0
508,77,station_25,25,76.359,0.9,0.666,1,0
508,77,station_28,28,90.868,0.9,0.755,1,0
509,40,outside,0,0.0,0.0,0.0,0,1
509,40,station_8,8,50.28,1.25,0.35,1,0
509,40,station_19,19,63.179,1.25,0.9,1,0
509,40,station_25,25,39.841,0.9,0.666,1,0
509,40,station_28,28,54.545,0.9,0.755,1,0
510,20,outside,0,0.0,0.0,0.0,0,1
510,20,station_8,8,125.682,1.25,0.35,1,0
510,20,station_19,19,154.077,1.25,0.9,1,0
510,20,station_25,25,95.28,0.9,0.666,1,0
510,20,station_28,28,36.427,0.9,0.755,1,0
511,40,outside,0,0.0,0.0,0.0,0,1
511,40,station_8,8,50.28,1.25,0.35,1,0
511,40,station_19,19,63.179,1.25,0.9,1,0
511,40,station_25,25,39.841,0.9,0.666,1,0
511,40,station_28,28,54.545,0.9,0.755,1,0
512,46,outside,0,0.0,0.0,0.0,0,1
512,46,station_8,8,50.091,1.25,0.35,1,0
512,46,station_19,19,85.489,1.25,0.9,1,0
512,46,station_25,25,66.439,0.9,0.666,1,0
512,46,station_28,28,42.432,0.9,0.755,1,0
513,80,outside,0,0.0,0.0,0.0,0,1
513,80,station_8,8,79.716,1.25,0.35,1,0
513,80,station_19,19,50.2,1.25,0.9,1,0
513,80,station_25,25,38.164,0.9,0.666,1,0
513,80,station_28,28,96.269,0.9,0.755,1,0
514,67,outside,0,0.0,0.0,0.0,0,0
514,67,station_8,8,75.235,1.25,0.35,1,0
514,67,station_19,19,63.443,1.25,0.9,1,0
514,67,station_25,25,16.514,0.9,0.666,1,1
514,67,station_28,28,71.834,0.9,0.755,1,0
515,18,outside,0,0.0,0.0,0.0,0,1
515,18,station_8,8,57.722,1.25,0.35,1,0
515,18,station_19,19,85.165,1.25,0.9,1,0
515,18,station_25,25,54.276,0.9,0.666,1,0
515,18,station_28,28,34.63,0.9,0.755,1,0
516,45,outside,0,0.0,0.0,0.0,0,1
516,45,station_8,8,106.32,1.25,0.35,1,0
516,45,station_19,19,130.298,1.25,0.9,1,0
516,45,station_25,25,70.449,0.9,0.666,1,0
516,45,station_28,28,14.633,0.9,0.755,1,0
517,6,outside,0,0.0,0.0,0.0,0,0
517,6,station_8,8,98.145,1.25,0.35,1,0
517,6,station_19,19,113.947,1.25,0.9,1,0
517,6,station_25,25,48.196,0.9,0.666,1,0
517,6,station_28,28,21.955,0.9,0.755,1,1
518,59,outside,0,0.0,0.0,0.0,0,1
518,59,station_8,8,101.758,1.25,0.35,1,0
518,59,station_19,19,111.107,1.25,0.9,1,0
518,59,station_25,25,38.654,0.9,0.666,1,0
518,59,station_28,28,35.203,0.9,0.755,1,0
519,14,outside,0,0.0,0.0,0.0,0,1
519,14,station_8,8,69.896,1.25,0.35,1,0
519,14,station_19,19,67.32,1.25,0.9,1,0
519,14,station_25,25,17.838,0.9,0.666,1,0
519,14,station_28,28,60.29,0.9,0.755,1,0
520,8,outside,0,0.0,0.0,0.0,0,0
520,8,station_8,8,4.571,1.25,0.35,1,1
520,8,station_19,19,49.873,1.25,0.9,1,0
520,8,station_25,25,83.221,0.9,0.666,1,0
520,8,station_28,28,89.191,0.9,0.755,1,0
521,75,outside,0,0.0,0.0,0.0,0,1
521,75,station_8,8,75.194,1.25,0.35,1,0
521,75,station_19,19,33.56,1.25,0.9,1,0
521,75,station_25,25,112.096,0.9,0.666,1,0
521,75,station_28,28,150.687,0.9,0.755,1,0
522,7,outside,0,0.0,0.0,0.0,0,1
522,7,station_8,8,85.244,1.25,0.35,1,0
522,7,station_19,19,55.162,1.25,0.9,1,0
522,7,station_25,25,37.637,0.9,0.666,1,0
522,7,station_28,28,98.08,0.9,0.755,1,0
523,13,outside,0,0.0,0.0,0.0,0,0
523,13,station_8,8,26.846,1.25,0.35,1,1
523,13,station_19,19,29.228,1.25,0.9,1,0
523,13,station_25,25,89.473,0.9,0.666,1,0
523,13,station_28,28,110.088,0.9,0.755,1,0
524,10,outside,0,0.0,0.0,0.0,0,1
524,10,station_8,8,39.742,1.25,0.35,1,0
524,10,station_19,19,76.751,1.25,0.9,1,0
524,10,station_25,25,67.733,0.9,0.666,1,0
524,10,station_28,28,52.375,0.9,0.755,1,0
525,46,outside,0,0.0,0.0,0.0,0,1
525,46,station_8,8,50.091,1.25,0.35,1,0
525,46,station_19,19,85.489,1.25,0.9,1,0
525,46,station_25,25,66.439,0.9,0.666,1,0
525,46,station_28,28,42.432,0.9,0.755,1,0
526,42,outside,0,0.0,0.0,0.0,0,1
526,42,station_8,8,67.43,1.25,0.35,1,0
526,42,station_19,19,14.888,1.25,0.9,1,0
526,42,station_25,25,85.138,0.9,0.666,1,0
526,42,station_28,28,128.906,0.9,0.755,1,0
527,14,outside,0,0.0,0.0,0.0,0,0
527,14,station_8,8,69.896,1.25,0.35,1,0
527,14,station_19,19,67.32,1.25,0.9,1,0
527,14,station_25,25,17.838,0.9,0.666,1,1
527,14,station_28,28,60.29,0.9,0.755,1,0
528,26,outside,0,0.0,0.0,0.0,0,1
528,26,station_8,8,81.733,1.25,0.35,1,0
528,26,station_19,19,123.747,1.25,0.9,1,0
528,26,station_25,25,96.277,0.9,0.666,1,0
528,26,station_28,28,41.766,0.9,0.755,1,0
529,15,outside,0,0.0,0.0,0.0,0,1
529,15,station_8,8,76.282,1.25,0.35,1,0
529,15,station_19,19,40.814,1.25,0.9,1,0
529,15,station_25,25,48.434,0.9,0.666,1,0
529,15,station_28,28,103.654,0.9,0.755,1,0
530,24,outside,0,0.0,0.0,0.0,0,1
530,24,station_8,8,59.502,1.25,0.35,1,0
530,24,station_19,19,71.183,1.25,0.9,1,0
530,24,station_25,25,33.7,0.9,0.666,1,0
530,24,station_28,28,47.589,0.9,0.755,1,0
531,8,outside,0,0.0,0.0,0.0,0,0
531,8,station_8,8,4.571,1.25,0.35,1,1
531,8,station_19,19,49.873,1.25,0.9,1,0
531,8,station_25,25,83.221,0.9,0.666,1,0
531,8,station_28,28,89.191,0.9,0.755,1,0
532,43,outside,0,0.0,0.0,0.0,0,0
532,43,station_8,8,108.193,1.25,0.35,1,0
532,43,station_19,19,120.051,1.25,0.9,1,0
532,43,station_25,25,48.125,0.9,0.666,1,0
532,43,station_28,28,32.62,0.9,0.755,1,1
533,48,outside,0,0.0,0.0,0.0,0,0
533,48,station_8,8,60.151,1.25,0.35,1,0
533,48,station_19,19,7.649,1.25,0.9,1,1
533,48,station_25,25,80.4,0.9,0.666,1,0
533,48,station_28,28,121.872,0.9,0.755,1,0
534,80,outside,0,0.0,0.0,0.0,0,1
534,80,station_8,8,79.716,1.25,0.35,1,0
534,80,station_19,19,50.2,1.25,0.9,1,0
534,80,station_25,25,38.164,0.9,0.666,1,0
534,80,station_28,28,96.269,0.9,0.755,1,0
535,72,outside,0,0.0,0.0,0.0,0,0
535,72,station_8,8,108.042,1.25,0.35,1,0
535,72,station_19,19,129.488,1.25,0.9,1,0
535,72,station_25,25,66.488,0.9,0.666,1,0
535,72,station_28,28,17.792,0.9,0.755,1,1
536,2,outside,0,0.0,0.0,0.0,0,0
536,2,station_8,8,4.679,1.25,0.35,1,1
536,2,station_19,19,57.165,1.25,0.9,1,0
536,2,station_25,25,90.696,0.9,0.666,1,0
536,2,station_28,28,91.632,0.9,0.755,1,0
537,27,outside,0,0.0,0.0,0.0,0,1
537,27,station_8,8,83.882,1.25,0.35,1,0
537,27,station_19,19,95.907,1.25,0.9,1,0
537,27,station_25,25,33.242,0.9,0.666,1,0
537,27,station_28,28,31.308,0.9,0.755,1,0
538,23,outside,0,0.0,0.0,0.0,0,1
538,23,station_8,8,90.334,1.25,0.35,1,0
538,23,station_19,19,112.064,1.25,0.9,1,0
538,23,station_25,25,55.093,0.9,0.666,1,0
538,23,station_28,28,9.747,0.9,0.755,1,0
539,16,outside,0,0.0,0.0,0.0,0,0
539,16,station_8,8,76.931,1.25,0.35,1,0
539,16,station_19,19,80.887,1.25,0.9,1,0
539,16,station_25,25,18.805,0.9,0.666,1,1
539,16,station_28,28,47.707,0.9,0.755,1,0
540,36,outside,0,0.0,0.0,0.0,0,0
540,36,station_8,8,49.761,1.25,0.35,1,0
540,36,station_19,19,23.538,1.25,0.9,1,1
540,36,station_25,25,101.025,0.9,0.666,1,0
540,36,station_28,28,130.581,0.9,0.755,1,0
541,46,outside,0,0.0,0.0,0.0,0,1
541,46,station_8,8,50.091,1.25,0.35,1,0
541,46,station_19,19,85.489,1.25,0.9,1,0
541,46,station_25,25,66.439,0.9,0.666,1,0
541,46,station_28,28,42.432,0.9,0.755,1,0
542,61,outside,0,0.0,0.0,0.0,0,1
542,61,station_8,8,84.684,1.25,0.35,1,0
542,61,station_19,19,32.123,1.25,0.9,1,0
542,61,station_25,25,92.771,0.9,0.666,1,0
542,61,station_28,28,142.075,0.9,0.755,1,0
543,67,outside,0,0.0,0.0,0.0,0,1
543,67,station_8,8,75.235,1.25,0.35,1,0
543,67,station_19,19,63.443,1.25,0.9,1,0
543,67,station_25,25,16.514,0.9,0.666,1,0
543,67,station_28,28,71.834,0.9,0.755,1,0
544,16,outside,0,0.0,0.0,0.0,0,0
544,16,station_8,8,76.931,1.25,0.35,1,0
544,16,station_19,19,80.887,1.25,0.9,1,0
544,16,station_25,25,18.805,0.9,0.666,1,1
544,16,station_28,28,47.707,0.9,0.755,1,0
545,13,outside,0,0.0,0.0,0.0,0,1
545,13,station_8,8,26.846,1.25,0.35,1,0
545,13,station_19,19,29.228,1.25,0.9,1,0
545,13,station_25,25,89.473,0.9,0.666,1,0
545,13,station_28,28,110.088,0.9,0.755,1,0
546,79,outside,0,0.0,0.0,0.0,0,0
546,79,station_8,8,99.13,1.25,0.35,1,0
546,79,station_19,19,126.347,1.25,0.9,1,0
546,79,station_25,25,72.25,0.9,0.666,1,0
546,79,station_28,28,8.805,0.9,0.755,1,1
547,43,outside,0,0.0,0.0,0.0,0,1
547,43,station_8,8,108.193,1.25,0.35,1,0
547,43,station_19,19,120.051,1.25,0.9,1,0
547,43,station_25,25,48.125,0.9,0.666,1,0
547,43,station_28,28,32.62,0.9,0.755,1,0
548,22,outside,0,0.0,0.0,0.0,0,1
548,22,station_8,8,75.15,1.25,0.35,1,0
548,22,station_19,19,59.51,1.25,0.9,1,0
548,22,station_25,25,21.007,0.9,0.666,1,0
548,22,station_28,28,77.226,0.9,0.755,1,0
549,24,outside,0,0.0,0.0,0.0,0,1
549,24,station_8,8,59.502,1.25,0.35,1,0
549,24,station_19,19,71.183,1.25,0.9,1,0
549,24,station_25,25,33.7,0.9,0.666,1,0
549,24,station_28,28,47.589,0.9,0.755,1,0
550,2,outside,0,0.0,0.0,0.0,0,0
550,2,station_8,8,4.679,1.25,0.35,1,1
550,2,station_19,19,57.165,1.25,0.9,1,0
550,2,station_25,25,90.696,0.9,0.666,1,0
550,2,station_28,28,91.632,0.9,0.755,1,0
551,22,outside,0,0.0,0.0,0.0,0,1
551,22,station_8,8,75.15,1.25,0.35,1,0
551,22,station_19,19,59.51,1.25,0.9,1,0
551,22,station_25,25,21.007,0.9,0.666,1,0
551,22,station_28,28,77.226,0.9,0.755,1,0
552,6,outside,0,0.0,0.0,0.0,0,1
552,6,station_8,8,98.145,1.25,0.35,1,0
552,6,station_19,19,113.947,1.25,0.9,1,0
552,6,station_25,25,48.196,0.9,0.666,1,0
552,6,station_28,28,21.955,0.9,0.755,1,0
553,18,outside,0,0.0,0.0,0.0,0,1
553,18,station_8,8,57.722,1.25,0.35,1,0
553,18,station_19,19,85.165,1.25,0.9,1,0
553,18,station_25,25,54.276,0.9,0.666,1,0
553,18,station_28,28,34.63,0.9,0.755,1,0
554,28,outside,0,0.0,0.0,0.0,0,1
554,28,station_8,8,45.893,1.25,0.35,1,0
554,28,station_19,19,17.858,1.25,0.9,1,0
554,28,station_25,25,63.65,0.9,0.666,1,0
554,28,station_28,28,100.112,0.9,0.755,1,0
555,29,outside,0,0.0,0.0,0.0,0,0
555,29,station_8,8,90.575,1.25,0.35,1,0
555,29,station_19,19,126.377,1.25,0.9,1,0
555,29,station_25,25,86.174,0.9,0.666,1,0
555,29,station_28,28,24.94,0.9,0.755,1,1
556,31,outside,0,0.0,0.0,0.0,0,1
556,31,station_8,8,78.215,1.25,0.35,1,0
556,31,station_19,19,113.719,1.25,0.9,1,0
556,31,station_25,25,77.83,0.9,0.666,1,0
556,31,station_28,28,24.111,0.9,0.755,1,0
557,35,outside,0,0.0,0.0,0.0,0,1
557,35,station_8,8,5.157,1.25,0.35,1,0
557,35,station_19,19,56.506,1.25,0.9,1,0
557,35,station_25,25,92.499,0.9,0.666,1,0
557,35,station_28,28,94.18,0.9,0.755,1,0
558,54,outside,0,0.0,0.0,0.0,0,1
558,54,station_8,8,62.425,1.25,0.35,1,0
558,54,station_19,19,108.183,1.25,0.9,1,0
558,54,station_25,25,94.799,0.9,0.666,1,0
558,54,station_28,28,53.296,0.9,0.755,1,0
559,15,outside,0,0.0,0.0,0.0,0,1
559,15,station_8,8,76.282,1.25,0.35,1,0
559,15,station_19,19,40.814,1.25,0.9,1,0
559,15,station_25,25,48.434,0.9,0.666,1,0
559,15,station_28,28,103.654,0.9,0.755,1,0
560,23,outside,0,0.0,0.0,0.0,0,0
560,23,station_8,8,90.334,1.25,0.35,1,0
560,23,station_19,19,112.064,1.25,0.9,1,0
560,23,station_25,25,55.093,0.9,0.666,1,0
560,23,station_28,28,9.747,0.9,0.755,1,1
561,28,outside,0,0.0,0.0,0.0,0,1
561,28,station_8,8,45.893,1.25,0.35,1,0
561,28,station_19,19,17.858,1.25,0.9,1,0
561,28,station_25,25,63.65,0.9,0.666,1,0
561,28,station_28,28,100.112,0.9,0.755,1,0
562,42,outside,0,0.0,0.0,0.0,0,0
562,42,station_8,8,67.43,1.25,0.35,1,0
562,42,station_19,19,14.888,1.25,0.9,1,1
562,42,station_25,25,85.138,0.9,0.666,1,0
562,42,station_28,28,128.906,0.9,0.755,1,0
563,13,outside,0,0.0,0.0,0.0,0,0
563,13,station_8,8,26.846,1.25,0.35,1,1
563,13,station_19,19,29.228,1.25,0.9,1,0
563,13,station_25,25,89.473,0.9,0.666,1,0
563,13,station_28,28,110.088,0.9,0.755,1,0
564,26,outside,0,0.0,0.0,0.0,0,1
564,26,station_8,8,81.733,1.25,0.35,1,0
564,26,station_19,19,123.747,1.25,0.9,1,0
564,26,station_25,25,96.277,0.9,0.666,1,0
564,26,station_28,28,41.766,0.9,0.755,1,0
565,51,outside,0,0.0,0.0,0.0,0,1
565,51,station_8,8,46.117,1.25,0.35,1,0
565,51,station_19,19,95.044,1.25,0.9,1,0
565,51,station_25,25,95.245,0.9,0.666,1,0
565,51,station_28,28,65.741,0.9,0.755,1,0
566,56,outside,0,0.0,0.0,0.0,0,1
566,56,station_8,8,65.404,1.25,0.35,1,0
566,56,station_19,19,111.818,1.25,0.9,1,0
566,56,station_25,25,98.529,0.9,0.666,1,0
566,56,station_28,28,55.292,0.9,0.755,1,0
567,31,outside,0,0.0,0.0,0.0,0,1
567,31,station_8,8,78.215,1.25,0.35,1,0
567,31,station_19,19,113.719,1.25,0.9,1,0
567,31,station_25,25,77.83,0.9,0.666,1,0
567,31,station_28,28,24.111,0.9,0.755,1,0
568,12,outside,0,0.0,0.0,0.0,0,1
568,12,station_8,8,16.711,1.25,0.35,1,0
568,12,station_19,19,45.818,1.25,0.9,1,0
568,12,station_25,25,97.417,0.9,0.666,1,0
568,12,station_28,28,107.888,0.9,0.755,1,0
569,17,outside,0,0.0,0.0,0.0,0,1
569,17,station_8,8,63.784,1.25,0.35,1,0
569,17,station_19,19,70.418,1.25,0.9,1,0
569,17,station_25,25,27.153,0.9,0.666,1,0
569,17,station_28,28,50.824,0.9,0.755,1,0
570,16,outside,0,0.0,0.0,0.0,0,1
570,16,station_8,8,76.931,1.25,0.35,1,0
570,16,station_19,19,80.887,1.25,0.9,1,0
570,16,station_25,25,18.805,0.9,0.666,1,0
570,16,station_28,28,47.707,0.9,0.755,1,0
571,41,outside,0,0.0,0.0,0.0,0,1
571,41,station_8,8,84.6,1.25,0.35,1,0
571,41,station_19,19,44.709,1.25,0.9,1,0
571,41,station_25,25,54.471,0.9,0.666,1,0
571,41,station_28,28,112.197,0.9,0.755,1,0
572,64,outside,0,0.0,0.0,0.0,0,0
572,64,station_8,8,88.473,1.25,0.35,1,0
572,64,station_19,19,113.427,1.25,0.9,1,0
572,64,station_25,25,60.627,0.9,0.666,1,0
572,64,station_28,28,4.372,0.9,0.755,1,1
573,43,outside,0,0.0,0.0,0.0,0,1
573,43,station_8,8,108.193,1.25,0.35,1,0
573,43,station_19,19,120.051,1.25,0.9,1,0
573,43,station_25,25,48.125,0.9,0.666,1,0
573,43,station_28,28,32.62,0.9,0.755,1,0
574,17,outside,0,0.0,0.0,0.0,0,1
574,17,station_8,8,63.784,1.25,0.35,1,0
574,17,station_19,19,70.418,1.25,0.9,1,0
574,17,station_25,25,27.153,0.9,0.666,1,0
574,17,station_28,28,50.824,0.9,0.755,1,0
575,43,outside,0,0.0,0.0,0.0,0,1
575,43,station_8,8,108.193,1.25,0.35,1,0
575,43,station_19,19,120.051,1.25,0.9,1,0
575,43,station_25,25,48.125,0.9,0.666,1,0
575,43,station_28,28,32.62,0.9,0.755,1,0
576,46,outside,0,0.0,0.0,0.0,0,1
576,46,station_8,8,50.091,1.25,0.35,1,0
576,46,station_19,19,85.489,1.25,0.9,1,0
576,46,station_25,25,66.439,0.9,0.666,1,0
576,46,station_28,28,42.432,0.9,0.755,1,0
577,52,outside,0,0.0,0.0,0.0,0,0
577,52,station_8,8,87.473,1.25,0.35,1,0
577,52,station_19,19,129.185,1.25,0.9,1,0
577,52,station_25,25,99.326,0.9,0.666,1,0
577,52,station_28,28,42.06,0.9,0.755,1,1
578,10,outside,0,0.0,0.0,0.0,0,1
578,10,station_8,8,39.742,1.25,0.35,1,0
578,10,station_19,19,76.751,1.25,0.9,1,0
578,10,station_25,25,67.733,0.9,0.666,1,0
578,10,station_28,28,52.375,0.9,0.755,1,0
579,18,outside,0,0.0,0.0,0.0,0,1
579,18,station_8,8,57.722,1.25,0.35,1,0
579,18,station_19,19,85.165,1.25,0.9,1,0
579,18,station_25,25,54.276,0.9,0.666,1,0
579,18,station_28,28,34.63,0.9,0.755,1,0
580,71,outside,0,0.0,0.0,0.0,0,1
580,71,station_8,8,58.007,1.25,0.35,1,0
580,71,station_19,19,24.109,1.25,0.9,1,0
580,71,station_25,25,103.797,0.9,0.666,1,0
580,71,station_28,28,136.758,0.9,0.755,1,0
581,33,outside,0,0.0,0.0,0.0,0,1
581,33,station_8,8,102.404,1.25,0.35,1,0
581,33,station_19,19,53.528,1.25,0.9,1,0
581,33,station_25,25,79.257,0.9,0.666,1,0
581,33,station_28,28,138.237,0.9,0.755,1,0
582,24,outside,0,0.0,0.0,0.0,0,1
582,24,station_8,8,59.502,1.25,0.35,1,0
582,24,station_19,19,71.183,1.25,0.9,1,0
582,24,station_25,25,33.7,0.9,0.666,1,0
582,24,station_28,28,47.589,0.9,0.755,1,0
583,24,outside,0,0.0,0.0,0.0,0,1
583,24,station_8,8,59.502,1.25,0.35,1,0
583,24,station_19,19,71.183,1.25,0.9,1,0
583,24,station_25,25,33.7,0.9,0.666,1,0
583,24,station_28,28,47.589,0.9,0.755,1,0
584,42,outside,0,0.0,0.0,0.0,0,1
584,42,station_8,8,67.43,1.25,0.35,1,0
584,42,station_19,19,14.888,1.25,0.9,1,0
584,42,station_25,25,85.138,0.9,0.666,1,0
584,42,station_28,28,128.906,0.9,0.755,1,0
585,78,outside,0,0.0,0.0,0.0,0,1
585,78,station_8,8,85.507,1.25,0.35,1,0
585,78,station_19,19,51.361,1.25,0.9,1,0
585,78,station_25,25,44.406,0.9,0.666,1,0
585,78,station_28,28,104.032,0.9,0.755,1,0
586,16,outside,0,0.0,0.0,0.0,0,1
586,16,station_8,8,76.931,1.25,0.35,1,0
586,16,station_19,19,80.887,1.25,0.9,1,0
586,16,station_25,25,18.805,0.9,0.666,1,0
586,16,station_28,28,47.707,0.9,0.755,1,0
587,30,outside,0,0.0,0.0,0.0,0,1
587,30,station_8,8,143.851,1.25,0.35,1,0
587,30,station_19,19,166.198,1.25,0.9,1,0
587,30,station_25,25,98.299,0.9,0.666,1,0
587,30,station_28,28,52.084,0.9,0.755,1,0
588,46,outside,0,0.0,0.0,0.0,0,1
588,46,station_8,8,50.091,1.25,0.35,1,0
588,46,station_19,19,85.489,1.25,0.9,1,0
588,46,station_25,25,66.439,0.9,0.666,1,0
588,46,station_28,28,42.432,0.9,0.755,1,0
589,70,outside,0,0.0,0.0,0.0,0,1
589,70,station_8,8,75.014,1.25,0.35,1,0
589,70,station_19,19,122.596,1.25,0.9,1,0
589,70,station_25,25,108.626,0.9,0.666,1,0
589,70,station_28,28,60.868,0.9,0.755,1,0
590,60,outside,0,0.0,0.0,0.0,0,1
590,60,station_8,8,90.016,1.25,0.35,1,0
590,60,station_19,19,37.449,1.25,0.9,1,0
590,60,station_25,25,92.489,0.9,0.666,1,0
590,60,station_28,28,144.031,0.9,0.755,1,0
591,79,outside,0,0.0,0.0,0.0,0,1
591,79,station_8,8,99.13,1.25,0.35,1,0
591,79,station_19,19,126.347,1.25,0.9,1,0
591,79,station_25,25,72.25,0.9,0.666,1,0
591,79,station_28,28,8.805,0.9,0.755,1,0
592,28,outside,0,0.0,0.0,0.0,0,1
592,28,station_8,8,45.893,1.25,0.35,1,0
592,28,station_19,19,17.858,1.25,0.9,1,0
592,28,station_25,25,63.65,0.9,0.666,1,0
592,28,station_28,28,100.112,0.9,0.755,1,0
593,18,outside,0,0.0,0.0,0.0,0,1
593,18,station_8,8,57.722,1.25,0.35,1,0
593,18,station_19,19,85.165,1.25,0.9,1,0
593,18,station_25,25,54.276,0.9,0.666,1,0
593,18,station_28,28,34.63,0.9,0.755,1,0
594,2,outside,0,0.0,0.0,0.0,0,1
594,2,station_8,8,4.679,1.25,0.35,1,0
594,2,station_19,19,57.165,1.25,0.9,1,0
594,2,station_25,25,90.696,0.9,0.666,1,0
594,2,station_28,28,91.632,0.9,0.755,1,0
595,72,outside,0,0.0,0.0,0.0,0,1
595,72,station_8,8,108.042,1.25,0.35,1,0
595,72,station_19,19,129.488,1.25,0.9,1,0
595,72,station_25,25,66.488,0.9,0.666,1,0
595,72,station_28,28,17.792,0.9,0.755,1,0
596,67,outside,0,0.0,0.0,0.0,0,1
596,67,station_8,8,75.235,1.25,0.35,1,0
596,67,station_19,19,63.443,1.25,0.9,1,0
596,67,station_25,25,16.514,0.9,0.666,1,0
596,67,station_28,28,71.834,0.9,0.755,1,0
597,16,outside,0,0.0,0.0,0.0,0,1
597,16,station_8,8,76.931,1.25,0.35,1,0
597,16,station_19,19,80.887,1.25,0.9,1,0
597,16,station_25,25,18.805,0.9,0.666,1,0
597,16,station_28,28,47.707,0.9,0.755,1,0
598,8,outside,0,0.0,0.0,0.0,0,1
598,8,station_8,8,4.571,1.25,0.35,1,0
598,8,station_19,19,49.873,1.25,0.9,1,0
598,8,station_25,25,83.221,0.9,0.666,1,0
598,8,station_28,28,89.191,0.9,0.755,1,0
599,74,outside,0,0.0,0.0,0.0,0,1
599,74,station_8,8,32.229,1.25,0.35,1,0
599,74,station_19,19,75.711,1.25,0.9,1,0
599,74,station_25,25,77.248,0.9,0.666,1,0
599,74,station_28,28,62.103,0.9,0.755,1,0
600,24,outside,0,0.0,0.0,0.0,0,1
600,24,station_8,8,59.502,1.25,0.35,1,0
600,24,station_19,19,71.183,1.25,0.9,1,0
600,24,station_25,25,33.7,0.9,0.666,1,0
600,24,station_28,28,47.589,0.9,0.755,1,0
601,19,outside,0,0.0,0.0,0.0,0,1
601,19,station_8,8,135.682,1.25,0.35,1,0
601,19,station_19,19,169.296,1.25,0.9,1,0
601,19,station_25,25,115.78,0.9,0.666,1,0
601,19,station_28,28,53.427,0.9,0.755,1,0
602,64,outside,0,0.0,0.0,0.0,0,0
602,64,station_8,8,88.473,1.25,0.35,1,0
602,64,station_19,19,113.427,1.25,0.9,1,0
602,64,station_25,25,60.627,0.9,0.666,1,0
602,64,station_28,28,4.372,0.9,0.755,1,1
603,24,outside,0,0.0,0.0,0.0,0,1
603,24,station_8,8,59.502,1.25,0.35,1,0
603,24,station_19,19,71.183,1.25,0.9,1,0
603,24,station_25,25,33.7,0.9,0.666,1,0
603,24,station_28,28,47.589,0.9,0.755,1,0
604,6,outside,0,0.0,0.0,0.0,0,1
604,6,station_8,8,98.145,1.25,0.35,1,0
604,6,station_19,19,113.947,1.25,0.9,1,0
604,6,station_25,25,48.196,0.9,0.666,1,0
604,6,station_28,28,21.955,0.9,0.755,1,0
605,18,outside,0,0.0,0.0,0.0,0,1
605,18,station_8,8,57.722,1.25,0.35,1,0
605,18,station_19,19,85.165,1.25,0.9,1,0
605,18,station_25,25,54.276,0.9,0.666,1,0
605,18,station_28,28,34.63,0.9,0.755,1,0
606,7,outside,0,0.0,0.0,0.0,0,1
606,7,station_8,8,85.244,1.25,0.35,1,0
606,7,station_19,19,55.162,1.25,0.9,1,0
606,7,station_25,25,37.637,0.9,0.666,1,0
606,7,station_28,28,98.08,0.9,0.755,1,0
607,38,outside,0,0.0,0.0,0.0,0,1
607,38,station_8,8,122.799,1.25,0.35,1,0
607,38,station_19,19,142.992,1.25,0.9,1,0
607,38,station_25,25,75.759,0.9,0.666,1,0
607,38,station_28,28,32.057,0.9,0.755,1,0
608,77,outside,0,0.0,0.0,0.0,0,1
608,77,station_8,8,15.566,1.25,0.35,1,0
608,77,station_19,19,38.912,1.25,0.9,1,0
608,77,station_25,25,76.359,0.9,0.666,1,0
608,77,station_28,28,90.868,0.9,0.755,1,0
609,80,outside,0,0.0,0.0,0.0,0,1
609,80,station_8,8,79.716,1.25,0.35,1,0
609,80,station_19,19,50.2,1.25,0.9,1,0
609,80,station_25,25,38.164,0.9,0.666,1,0
609,80,station_28,28,96.269,0.9,0.755,1,0
610,42,outside,0,0.0,0.0,0.0,0,1
610,42,station_8,8,67.43,1.25,0.35,1,0
610,42,station_19,19,14.888,1.25,0.9,1,0
610,42,station_25,25,85.138,0.9,0.666,1,0
610,42,station_28,28,128.906,0.9,0.755,1,0
611,2,outside,0,0.0,0.0,0.0,0,0
611,2,station_8,8,4.679,1.25,0.35,1,1
611,2,station_19,19,57.165,1.25,0.9,1,0
611,2,station_25,25,90.696,0.9,0.666,1,0
611,2,station_28,28,91.632,0.9,0.755,1,0
612,79,outside,0,0.0,0.0,0.0,0,0
612,79,station_8,8,99.13,1.25,0.35,1,0
612,79,station_19,19,126.347,1.25,0.9,1,0
612,79,station_25,25,72.25,0.9,0.666,1,0
612,79,station_28,28,8.805,0.9,0.755,1,1
613,77,outside,0,0.0,0.0,0.0,0,1
613,77,station_8,8,15.566,1.25,0.35,1,0
613,77,station_19,19,38.912,1.25,0.9,1,0
613,77,station_25,25,76.359,0.9,0.666,1,0
613,77,station_28,28,90.868,0.9,0.755,1,0
614,57,outside,0,0.0,0.0,0.0,0,0
614,57,station_8,8,83.823,1.25,0.35,1,0
614,57,station_19,19,81.369,1.25,0.9,1,0
614,57,station_25,25,8.476,0.9,0.666,1,1
614,57,station_28,28,56.282,0.9,0.755,1,0
615,54,outside,0,0.0,0.0,0.0,0,1
615,54,station_8,8,62.425,1.25,0.35,1,0
615,54,station_19,19,108.183,1.25,0.9,1,0
615,54,station_25,25,94.799,0.9,0.666,1,0
615,54,station_28,28,53.296,0.9,0.755,1,0
616,3,outside,0,0.0,0.0,0.0,0,1
616,3,station_8,8,66.181,1.25,0.35,1,0
616,3,station_19,19,106.175,1.25,0.9,1,0
616,3,station_25,25,81.895,0.9,0.666,1,0
616,3,station_28,28,37.637,0.9,0.755,1,0
617,55,outside,0,0.0,0.0,0.0,0,0
617,55,station_8,8,70.571,1.25,0.35,1,0
617,55,station_19,19,22.336,1.25,0.9,1,1
617,55,station_25,25,98.744,0.9,0.666,1,0
617,55,station_28,28,139.9,0.9,0.755,1,0
618,59,outside,0,0.0,0.0,0.0,0,1
618,59,station_8,8,101.758,1.25,0.35,1,0
618,59,station_19,19,111.107,1.25,0.9,1,0
618,59,station_25,25,38.654,0.9,0.666,1,0
618,59,station_28,28,35.203,0.9,0.755,1,0
619,28,outside,0,0.0,0.0,0.0,0,1
619,28,station_8,8,45.893,1.25,0.35,1,0
619,28,station_19,19,17.858,1.25,0.9,1,0
619,28,station_25,25,63.65,0.9,0.666,1,0
619,28,station_28,28,100.112,0.9,0.755,1,0
620,67,outside,0,0.0,0.0,0.0,0,1
620,67,station_8,8,75.235,1.25,0.35,1,0
620,67,station_19,19,63.443,1.25,0.9,1,0
620,67,station_25,25,16.514,0.9,0.666,1,0
620,67,station_28,28,71.834,0.9,0.755,1,0
621,80,outside,0,0.0,0.0,0.0,0,1
621,80,station_8,8,79.716,1.25,0.35,1,0
621,80,station_19,19,50.2,1.25,0.9,1,0
621,80,station_25,25,38.164,0.9,0.666,1,0
621,80,station_28,28,96.269,0.9,0.755,1,0
622,76,outside,0,0.0,0.0,0.0,0,1
622,76,station_8,8,84.21,1.25,0.35,1,0
622,76,station_19,19,124.474,1.25,0.9,1,0
622,76,station_25,25,93.218,0.9,0.666,1,0
622,76,station_28,28,36.679,0.9,0.755,1,0
623,65,outside,0,0.0,0.0,0.0,0,0
623,65,station_8,8,95.69,1.25,0.35,1,0
623,65,station_19,19,118.286,1.25,0.9,1,0
623,65,station_25,25,60.162,0.9,0.666,1,0
623,65,station_28,28,7.765,0.9,0.755,1,1
624,31,outside,0,0.0,0.0,0.0,0,1
624,31,station_8,8,78.215,1.25,0.35,1,0
624,31,station_19,19,113.719,1.25,0.9,1,0
624,31,station_25,25,77.83,0.9,0.666,1,0
624,31,station_28,28,24.111,0.9,0.755,1,0
625,40,outside,0,0.0,0.0,0.0,0,1
625,40,station_8,8,50.28,1.25,0.35,1,0
625,40,station_19,19,63.179,1.25,0.9,1,0
625,40,station_25,25,39.841,0.9,0.666,1,0
625,40,station_28,28,54.545,0.9,0.755,1,0
626,38,outside,0,0.0,0.0,0.0,0,1
626,38,station_8,8,122.799,1.25,0.35,1,0
626,38,station_19,19,142.992,1.25,0.9,1,0
626,38,station_25,25,75.759,0.9,0.666,1,0
626,38,station_28,28,32.057,0.9,0.755,1,0
627,17,outside,0,0.0,0.0,0.0,0,1
627,17,station_8,8,63.784,1.25,0.35,1,0
627,17,station_19,19,70.418,1.25,0.9,1,0
627,17,station_25,25,27.153,0.9,0.666,1,0
627,17,station_28,28,50.824,0.9,0.755,1,0
628,50,outside,0,0.0,0.0,0.0,0,1
628,50,station_8,8,75.498,1.25,0.35,1,0
628,50,station_19,19,77.73,1.25,0.9,1,0
628,50,station_25,25,16.997,0.9,0.666,1,0
628,50,station_28,28,50.967,0.9,0.755,1,0
629,23,outside,0,0.0,0.0,0.0,0,1
629,23,station_8,8,90.334,1.25,0.35,1,0
629,23,station_19,19,112.064,1.25,0.9,1,0
629,23,station_25,25,55.093,0.9,0.666,1,0
629,23,station_28,28,9.747,0.9,0.755,1,0
630,80,outside,0,0.0,0.0,0.0,0,1
630,80,station_8,8,79.716,1.25,0.35,1,0
630,80,station_19,19,50.2,1.25,0.9,1,0
630,80,station_25,25,38.164,0.9,0.666,1,0
630,80,station_28,28,96.269,0.9,0.755,1,0
631,42,outside,0,0.0,0.0,0.0,0,1
631,42,station_8,8,67.43,1.25,0.35,1,0
631,42,station_19,19,14.888,1.25,0.9,1,0
631,42,station_25,25,85.138,0.9,0.666,1,0
631,42,station_28,28,128.906,0.9,0.755,1,0
632,71,outside,0,0.0,0.0,0.0,0,1
632,71,station_8,8,58.007,1.25,0.35,1,0
632,71,station_19,19,24.109,1.25,0.9,1,0
632,71,station_25,25,103.797,0.9,0.666,1,0
632,71,station_28,28,136.758,0.9,0.755,1,0
633,10,outside,0,0.0,0.0,0.0,0,1
633,10,station_8,8,39.742,1.25,0.35,1,0
633,10,station_19,19,76.751,1.25,0.9,1,0
633,10,station_25,25,67.733,0.9,0.666,1,0
633,10,station_28,28,52.375,0.9,0.755,1,0
634,40,outside,0,0.0,0.0,0.0,0,1
634,40,station_8,8,50.28,1.25,0.35,1,0
634,40,station_19,19,63.179,1.25,0.9,1,0
634,40,station_25,25,39.841,0.9,0.666,1,0
634,40,station_28,28,54.545,0.9,0.755,1,0
635,31,outside,0,0.0,0.0,0.0,0,1
635,31,station_8,8,78.215,1.25,0.35,1,0
635,31,station_19,19,113.719,1.25,0.9,1,0
635,31,station_25,25,77.83,0.9,0.666,1,0
635,31,station_28,28,24.111,0.9,0.755,1,0
636,77,outside,0,0.0,0.0,0.0,0,1
636,77,station_8,8,15.566,1.25,0.35,1,0
636,77,station_19,19,38.912,1.25,0.9,1,0
636,77,station_25,25,76.359,0.9,0.666,1,0
636,77,station_28,28,90.868,0.9,0.755,1,0
637,41,outside,0,0.0,0.0,0.0,0,1
637,41,station_8,8,84.6,1.25,0.35,1,0
637,41,station_19,19,44.709,1.25,0.9,1,0
637,41,station_25,25,54.471,0.9,0.666,1,0
637,41,station_28,28,112.197,0.9,0.755,1,0
638,34,outside,0,0.0,0.0,0.0,0,1
638,34,station_8,8,35.693,1.25,0.35,1,0
638,34,station_19,19,36.459,1.25,0.9,1,0
638,34,station_25,25,104.209,0.9,0.666,1,0
638,34,station_28,28,123.909,0.9,0.755,1,0
639,46,outside,0,0.0,0.0,0.0,0,1
639,46,station_8,8,50.091,1.25,0.35,1,0
639,46,station_19,19,85.489,1.25,0.9,1,0
639,46,station_25,25,66.439,0.9,0.666,1,0
639,46,station_28,28,42.432,0.9,0.755,1,0
640,34,outside,0,0.0,0.0,0.0,0,1
640,34,station_8,8,35.693,1.25,0.35,1,0
640,34,station_19,19,36.459,1.25,0.9,1,0
640,34,station_25,25,104.209,0.9,0.666,1,0
640,34,station_28,28,123.909,0.9,0.755,1,0
641,46,outside,0,0.0,0.0,0.0,0,0
641,46,station_8,8,50.091,1.25,0.35,1,1
641,46,station_19,19,85.489,1.25,0.9,1,0
641,46,station_25,25,66.439,0.9,0.666,1,0
641,46,station_28,28,42.432,0.9,0.755,1,0
642,68,outside,0,0.0,0.0,0.0,0,1
642,68,station_8,8,30.047,1.25,0.35,1,0
642,68,station_19,19,72.698,1.25,0.9,1,0
642,68,station_25,25,75.575,0.9,0.666,1,0
642,68,station_28,28,63.183,0.9,0.755,1,0
643,64,outside,0,0.0,0.0,0.0,0,0
643,64,station_8,8,88.473,1.25,0.35,1,0
643,64,station_19,19,113.427,1.25,0.9,1,0
643,64,station_25,25,60.627,0.9,0.666,1,0
643,64,station_28,28,4.372,0.9,0.755,1,1
644,26,outside,0,0.0,0.0,0.0,0,1
644,26,station_8,8,81.733,1.25,0.35,1,0
644,26,station_19,19,123.747,1.25,0.9,1,0
644,26,station_25,25,96.277,0.9,0.666,1,0
644,26,station_28,28,41.766,0.9,0.755,1,0
645,45,outside,0,0.0,0.0,0.0,0,1
645,45,station_8,8,106.32,1.25,0.35,1,0
645,45,station_19,19,130.298,1.25,0.9,1,0
645,45,station_25,25,70.449,0.9,0.666,1,0
645,45,station_28,28,14.633,0.9,0.755,1,0
646,7,outside,0,0.0,0.0,0.0,0,1
646,7,station_8,8,85.244,1.25,0.35,1,0
646,7,station_19,19,55.162,1.25,0.9,1,0
646,7,station_25,25,37.637,0.9,0.666,1,0
646,7,station_28,28,98.08,0.9,0.755,1,0
647,58,outside,0,0.0,0.0,0.0,0,1
647,58,station_8,8,70.988,1.25,0.35,1,0
647,58,station_19,19,46.308,1.25,0.9,1,0
647,58,station_25,25,35.817,0.9,0.666,1,0
647,58,station_28,28,89.487,0.9,0.755,1,0
648,27,outside,0,0.0,0.0,0.0,0,1
648,27,station_8,8,83.882,1.25,0.35,1,0
648,27,station_19,19,95.907,1.25,0.9,1,0
648,27,station_25,25,33.242,0.9,0.666,1,0
648,27,station_28,28,31.308,0.9,0.755,1,0
649,54,outside,0,0.0,0.0,0.0,0,1
649,54,station_8,8,62.425,1.25,0.35,1,0
649,54,station_19,19,108.183,1.25,0.9,1,0
649,54,station_25,25,94.799,0.9,0.666,1,0
649,54,station_28,28,53.296,0.9,0.755,1,0
650,46,outside,0,0.0,0.0,0.0,0,1
650,46,station_8,8,50.091,1.25,0.35,1,0
650,46,station_19,19,85.489,1.25,0.9,1,0
650,46,station_25,25,66.439,0.9,0.666,1,0
650,46,station_28,28,42.432,0.9,0.755,1,0
651,57,outside,0,0.0,0.0,0.0,0,0
651,57,station_8,8,83.823,1.25,0.35,1,0
651,57,station_19,19,81.369,1.25,0.9,1,0
651,57,station_25,25,8.476,0.9,0.666,1,1
651,57,station_28,28,56.282,0.9,0.755,1,0
652,46,outside,0,0.0,0.0,0.0,0,1
652,46,station_8,8,50.091,1.25,0.35,1,0
652,46,station_19,19,85.489,1.25,0.9,1,0
652,46,station_25,25,66.439,0.9,0.666,1,0
652,46,station_28,28,42.432,0.9,0.755,1,0
653,71,outside,0,0.0,0.0,0.0,0,1
653,71,station_8,8,58.007,1.25,0.35,1,0
653,71,station_19,19,24.109,1.25,0.9,1,0
653,71,station_25,25,103.797,0.9,0.666,1,0
653,71,station_28,28,136.758,0.9,0.755,1,0
654,49,outside,0,0.0,0.0,0.0,0,1
654,49,station_8,8,135.961,1.25,0.35,1,0
654,49,station_19,19,172.569,1.25,0.9,1,0
654,49,station_25,25,123.496,0.9,0.666,1,0
654,49,station_28,28,59.633,0.9,0.755,1,0
655,67,outside,0,0.0,0.0,0.0,0,1
655,67,station_8,8,75.235,1.25,0.35,1,0
655,67,station_19,19,63.443,1.25,0.9,1,0
655,67,station_25,25,16.514,0.9,0.666,1,0
655,67,station_28,28,71.834,0.9,0.755,1,0
656,2,outside,0,0.0,0.0,0.0,0,0
656,2,station_8,8,4.679,1.25,0.35,1,1
656,2,station_19,19,57.165,1.25,0.9,1,0
656,2,station_25,25,90.696,0.9,0.666,1,0
656,2,station_28,28,91.632,0.9,0.755,1,0
657,14,outside,0,0.0,0.0,0.0,0,1
657,14,station_8,8,69.896,1.25,0.35,1,0
657,14,station_19,19,67.32,1.25,0.9,1,0
657,14,station_25,25,17.838,0.9,0.666,1,0
657,14,station_28,28,60.29,0.9,0.755,1,0
658,45,outside,0,0.0,0.0,0.0,0,0
658,45,station_8,8,106.32,1.25,0.35,1,0
658,45,station_19,19,130.298,1.25,0.9,1,0
658,45,station_25,25,70.449,0.9,0.666,1,0
658,45,station_28,28,14.633,0.9,0.755,1,1
659,46,outside,0,0.0,0.0,0.0,0,1
659,46,station_8,8,50.091,1.25,0.35,1,0
659,46,station_19,19,85.489,1.25,0.9,1,0
659,46,station_25,25,66.439,0.9,0.666,1,0
659,46,station_28,28,42.432,0.9,0.755,1,0
660,62,outside,0,0.0,0.0,0.0,0,1
660,62,station_8,8,101.631,1.25,0.35,1,0
660,62,station_19,19,125.187,1.25,0.9,1,0
660,62,station_25,25,66.178,0.9,0.666,1,0
660,62,station_28,28,10.43,0.9,0.755,1,0
661,72,outside,0,0.0,0.0,0.0,0,1
661,72,station_8,8,108.042,1.25,0.35,1,0
661,72,station_19,19,129.488,1.25,0.9,1,0
661,72,station_25,25,66.488,0.9,0.666,1,0
661,72,station_28,28,17.792,0.9,0.755,1,0
662,29,outside,0,0.0,0.0,0.0,0,1
662,29,station_8,8,90.575,1.25,0.35,1,0
662,29,station_19,19,126.377,1.25,0.9,1,0
662,29,station_25,25,86.174,0.9,0.666,1,0
662,29,station_28,28,24.94,0.9,0.755,1,0
663,79,outside,0,0.0,0.0,0.0,0,1
663,79,station_8,8,99.13,1.25,0.35,1,0
663,79,station_19,19,126.347,1.25,0.9,1,0
663,79,station_25,25,72.25,0.9,0.666,1,0
663,79,station_28,28,8.805,0.9,0.755,1,0
664,40,outside,0,0.0,0.0,0.0,0,1
664,40,station_8,8,50.28,1.25,0.35,1,0
664,40,station_19,19,63.179,1.25,0.9,1,0
664,40,station_25,25,39.841,0.9,0.666,1,0
664,40,station_28,28,54.545,0.9,0.755,1,0
665,40,outside,0,0.0,0.0,0.0,0,1
665,40,station_8,8,50.28,1.25,0.35,1,0
665,40,station_19,19,63.179,1.25,0.9,1,0
665,40,station_25,25,39.841,0.9,0.666,1,0
665,40,station_28,28,54.545,0.9,0.755,1,0
666,71,outside,0,0.0,0.0,0.0,0,1
666,71,station_8,8,58.007,1.25,0.35,1,0
666,71,station_19,19,24.109,1.25,0.9,1,0
666,71,station_25,25,103.797,0.9,0.666,1,0
666,71,station_28,28,136.758,0.9,0.755,1,0
667,24,outside,0,0.0,0.0,0.0,0,1
667,24,station_8,8,59.502,1.25,0.35,1,0
667,24,station_19,19,71.183,1.25,0.9,1,0
667,24,station_25,25,33.7,0.9,0.666,1,0
667,24,station_28,28,47.589,0.9,0.755,1,0
668,48,outside,0,0.0,0.0,0.0,0,1
668,48,station_8,8,60.151,1.25,0.35,1,0
668,48,station_19,19,7.649,1.25,0.9,1,0
668,48,station_25,25,80.4,0.9,0.666,1,0
668,48,station_28,28,121.872,0.9,0.755,1,0
669,16,outside,0,0.0,0.0,0.0,0,1
669,16,station_8,8,76.931,1.25,0.35,1,0
669,16,station_19,19,80.887,1.25,0.9,1,0
669,16,station_25,25,18.805,0.9,0.666,1,0
669,16,station_28,28,47.707,0.9,0.755,1,0
670,42,outside,0,0.0,0.0,0.0,0,1
670,42,station_8,8,67.43,1.25,0.35,1,0
670,42,station_19,19,14.888,1.25,0.9,1,0
670,42,station_25,25,85.138,0.9,0.666,1,0
670,42,station_28,28,128.906,0.9,0.755,1,0
671,65,outside,0,0.0,0.0,0.0,0,1
671,65,station_8,8,95.69,1.25,0.35,1,0
671,65,station_19,19,118.286,1.25,0.9,1,0
671,65,station_25,25,60.162,0.9,0.666,1,0
671,65,station_28,28,7.765,0.9,0.755,1,0
672,10,outside,0,0.0,0.0,0.0,0,1
672,10,station_8,8,39.742,1.25,0.35,1,0
672,10,station_19,19,76.751,1.25,0.9,1,0
672,10,station_25,25,67.733,0.9,0.666,1,0
672,10,station_28,28,52.375,0.9,0.755,1,0
673,31,outside,0,0.0,0.0,0.0,0,1
673,31,station_8,8,78.215,1.25,0.35,1,0
673,31,station_19,19,113.719,1.25,0.9,1,0
673,31,station_25,25,77.83,0.9,0.666,1,0
673,31,station_28,28,24.111,0.9,0.755,1,0
674,35,outside,0,0.0,0.0,0.0,0,1
674,35,station_8,8,5.157,1.25,0.35,1,0
674,35,station_19,19,56.506,1.25,0.9,1,0
674,35,station_25,25,92.499,0.9,0.666,1,0
674,35,station_28,28,94.18,0.9,0.755,1,0
675,25,outside,0,0.0,0.0,0.0,0,1
675,25,station_8,8,71.642,1.25,0.35,1,0
675,25,station_19,19,19.049,1.25,0.9,1,0
675,25,station_25,25,85.268,0.9,0.666,1,0
675,25,station_28,28,130.958,0.9,0.755,1,0
676,43,outside,0,0.0,0.0,0.0,0,1
676,43,station_8,8,108.193,1.25,0.35,1,0
676,43,station_19,19,120.051,1.25,0.9,1,0
676,43,station_25,25,48.125,0.9,0.666,1,0
676,43,station_28,28,32.62,0.9,0.755,1,0
677,16,outside,0,0.0,0.0,0.0,0,1
677,16,station_8,8,76.931,1.25,0.35,1,0
677,16,station_19,19,80.887,1.25,0.9,1,0
677,16,station_25,25,18.805,0.9,0.666,1,0
677,16,station_28,28,47.707,0.9,0.755,1,0
678,50,outside,0,0.0,0.0,0.0,0,1
678,50,station_8,8,75.498,1.25,0.35,1,0
678,50,station_19,19,77.73,1.25,0.9,1,0
678,50,station_25,25,16.997,0.9,0.666,1,0
678,50,station_28,28,50.967,0.9,0.755,1,0
679,40,outside,0,0.0,0.0,0.0,0,1
679,40,station_8,8,50.28,1.25,0.35,1,0
679,40,station_19,19,63.179,1.25,0.9,1,0
679,40,station_25,25,39.841,0.9,0.666,1,0
679,40,station_28,28,54.545,0.9,0.755,1,0
680,10,outside,0,0.0,0.0,0.0,0,1
680,10,station_8,8,39.742,1.25,0.35,1,0
680,10,station_19,19,76.751,1.25,0.9,1,0
680,10,station_25,25,67.733,0.9,0.666,1,0
680,10,station_28,28,52.375,0.9,0.755,1,0
681,4,outside,0,0.0,0.0,0.0,0,1
681,4,station_8,8,123.283,1.25,0.35,1,0
681,4,station_19,19,160.772,1.25,0.9,1,0
681,4,station_25,25,115.162,0.9,0.666,1,0
681,4,station_28,28,50.64,0.9,0.755,1,0
682,2,outside,0,0.0,0.0,0.0,0,0
682,2,station_8,8,4.679,1.25,0.35,1,1
682,2,station_19,19,57.165,1.25,0.9,1,0
682,2,station_25,25,90.696,0.9,0.666,1,0
682,2,station_28,28,91.632,0.9,0.755,1,0
683,75,outside,0,0.0,0.0,0.0,0,1
683,75,station_8,8,75.194,1.25,0.35,1,0
683,75,station_19,19,33.56,1.25,0.9,1,0
683,75,station_25,25,112.096,0.9,0.666,1,0
683,75,station_28,28,150.687,0.9,0.755,1,0
684,18,outside,0,0.0,0.0,0.0,0,0
684,18,station_8,8,57.722,1.25,0.35,1,0
684,18,station_19,19,85.165,1.25,0.9,1,0
684,18,station_25,25,54.276,0.9,0.666,1,0
684,18,station_28,28,34.63,0.9,0.755,1,1
685,51,outside,0,0.0,0.0,0.0,0,1
685,51,station_8,8,46.117,1.25,0.35,1,0
685,51,station_19,19,95.044,1.25,0.9,1,0
685,51,station_25,25,95.245,0.9,0.666,1,0
685,51,station_28,28,65.741,0.9,0.755,1,0
686,10,outside,0,0.0,0.0,0.0,0,1
686,10,station_8,8,39.742,1.25,0.35,1,0
686,10,station_19,19,76.751,1.25,0.9,1,0
686,10,station_25,25,67.733,0.9,0.666,1,0
686,10,station_28,28,52.375,0.9,0.755,1,0
687,18,outside,0,0.0,0.0,0.0,0,1
687,18,station_8,8,57.722,1.25,0.35,1,0
687,18,station_19,19,85.165,1.25,0.9,1,0
687,18,station_25,25,54.276,0.9,0.666,1,0
687,18,station_28,28,34.63,0.9,0.755,1,0
688,66,outside,0,0.0,0.0,0.0,0,1
688,66,station_8,8,130.066,1.25,0.35,1,0
688,66,station_19,19,166.347,1.25,0.9,1,0
688,66,station_25,25,117.664,0.9,0.666,1,0
688,66,station_28,28,53.6,0.9,0.755,1,0
689,67,outside,0,0.0,0.0,0.0,0,1
689,67,station_8,8,75.235,1.25,0.35,1,0
689,67,station_19,19,63.443,1.25,0.9,1,0
689,67,station_25,25,16.514,0.9,0.666,1,0
689,67,station_28,28,71.834,0.9,0.755,1,0
690,32,outside,0,0.0,0.0,0.0,0,1
690,32,station_8,8,122.583,1.25,0.35,1,0
690,32,station_19,19,145.912,1.25,0.9,1,0
690,32,station_25,25,81.891,0.9,0.666,1,0
690,32,station_28,28,30.819,0.9,0.755,1,0
691,59,outside,0,0.0,0.0,0.0,0,1
691,59,station_8,8,101.758,1.25,0.35,1,0
691,59,station_19,19,111.107,1.25,0.9,1,0
691,59,station_25,25,38.654,0.9,0.666,1,0
691,59,station_28,28,35.203,0.9,0.755,1,0
692,65,outside,0,0.0,0.0,0.0,0,1
692,65,station_8,8,95.69,1.25,0.35,1,0
692,65,station_19,19,118.286,1.25,0.9,1,0
692,65,station_25,25,60.162,0.9,0.666,1,0
692,65,station_28,28,7.765,0.9,0.755,1,0
693,62,outside,0,0.0,0.0,0.0,0,1
693,62,station_8,8,101.631,1.25,0.35,1,0
693,62,station_19,19,125.187,1.25,0.9,1,0
693,62,station_25,25,66.178,0.9,0.666,1,0
693,62,station_28,28,10.43,0.9,0.755,1,0
694,57,outside,0,0.0,0.0,0.0,0,1
694,57,station_8,8,83.823,1.25,0.35,1,0
694,57,station_19,19,81.369,1.25,0.9,1,0
694,57,station_25,25,8.476,0.9,0.666,1,0
694,57,station_28,28,56.282,0.9,0.755,1,0
695,46,outside,0,0.0,0.0,0.0,0,1
695,46,station_8,8,50.091,1.25,0.35,1,0
695,46,station_19,19,85.489,1.25,0.9,1,0
695,46,station_25,25,66.439,0.9,0.666,1,0
695,46,station_28,28,42.432,0.9,0.755,1,0
696,53,outside,0,0.0,0.0,0.0,0,1
696,53,station_8,8,107.748,1.25,0.35,1,0
696,53,station_19,19,153.115,1.25,0.9,1,0
696,53,station_25,25,125.618,0.9,0.666,1,0
696,53,station_28,28,65.388,0.9,0.755,1,0
697,44,outside,0,0.0,0.0,0.0,0,1
697,44,station_8,8,109.761,1.25,0.35,1,0
697,44,station_19,19,154.467,1.25,0.9,1,0
697,44,station_25,25,125.06,0.9,0.666,1,0
697,44,station_28,28,63.989,0.9,0.755,1,0
698,24,outside,0,0.0,0.0,0.0,0,1
698,24,station_8,8,59.502,1.25,0.35,1,0
698,24,station_19,19,71.183,1.25,0.9,1,0
698,24,station_25,25,33.7,0.9,0.666,1,0
698,24,station_28,28,47.589,0.9,0.755,1,0
699,67,outside,0,0.0,0.0,0.0,0,1
699,67,station_8,8,75.235,1.25,0.35,1,0
699,67,station_19,19,63.443,1.25,0.9,1,0
699,67,station_25,25,16.514,0.9,0.666,1,0
699,67,station_28,28,71.834,0.9,0.755,1,0
700,49,outside,0,0.0,0.0,0.0,0,1
700,49,station_8,8,135.961,1.25,0.35,1,0
700,49,station_19,19,172.569,1.25,0.9,1,0
700,49,station_25,25,123.496,0.9,0.666,1,0
700,49,station_28,28,59.633,0.9,0.755,1,0
701,63,outside,0,0.0,0.0,0.0,0,1
701,63,station_8,8,30.308,1.25,0.35,1,0
701,63,station_19,19,74.577,1.25,0.9,1,0
701,63,station_25,25,78.28,0.9,0.666,1,0
701,63,station_28,28,64.16,0.9,0.755,1,0
702,44,outside,0,0.0,0.0,0.0,0,1
702,44,station_8,8,109.761,1.25,0.35,1,0
702,44,station_19,19,154.467,1.25,0.9,1,0
702,44,station_25,25,125.06,0.9,0.666,1,0
702,44,station_28,28,63.989,0.9,0.755,1,0
703,17,outside,0,0.0,0.0,0.0,0,1
703,17,station_8,8,63.784,1.25,0.35,1,0
703,17,station_19,19,70.418,1.25,0.9,1,0
703,17,station_25,25,27.153,0.9,0.666,1,0
703,17,station_28,28,50.824,0.9,0.755,1,0
704,54,outside,0,0.0,0.0,0.0,0,1
704,54,station_8,8,62.425,1.25,0.35,1,0
704,54,station_19,19,108.183,1.25,0.9,1,0
704,54,station_25,25,94.799,0.9,0.666,1,0
704,54,station_28,28,53.296,0.9,0.755,1,0
705,60,outside,0,0.0,0.0,0.0,0,1
705,60,station_8,8,90.016,1.25,0.35,1,0
705,60,station_19,19,37.449,1.25,0.9,1,0
705,60,station_25,25,92.489,0.9,0.666,1,0
705,60,station_28,28,144.031,0.9,0.755,1,0
706,44,outside,0,0.0,0.0,0.0,0,1
706,44,station_8,8,109.761,1.25,0.35,1,0
706,44,station_19,19,154.467,1.25,0.9,1,0
706,44,station_25,25,125.06,0.9,0.666,1,0
706,44,station_28,28,63.989,0.9,0.755,1,0
707,28,outside,0,0.0,0.0,0.0,0,0
707,28,station_8,8,45.893,1.25,0.35,1,0
707,28,station_19,19,17.858,1.25,0.9,1,1
707,28,station_25,25,63.65,0.9,0.666,1,0
707,28,station_28,28,100.112,0.9,0.755,1,0
708,39,outside,0,0.0,0.0,0.0,0,1
708,39,station_8,8,57.569,1.25,0.35,1,0
708,39,station_19,19,15.638,1.25,0.9,1,0
708,39,station_25,25,95.59,0.9,0.666,1,0
708,39,station_28,28,131.33,0.9,0.755,1,0
709,18,outside,0,0.0,0.0,0.0,0,1
709,18,station_8,8,57.722,1.25,0.35,1,0
709,18,station_19,19,85.165,1.25,0.9,1,0
709,18,station_25,25,54.276,0.9,0.666,1,0
709,18,station_28,28,34.63,0.9,0.755,1,0
710,78,outside,0,0.0,0.0,0.0,0,1
710,78,station_8,8,85.507,1.25,0.35,1,0
710,78,station_19,19,51.361,1.25,0.9,1,0
710,78,station_25,25,44.406,0.9,0.666,1,0
710,78,station_28,28,104.032,0.9,0.755,1,0
711,30,outside,0,0.0,0.0,0.0,0,1
711,30,station_8,8,143.851,1.25,0.35,1,0
711,30,station_19,19,166.198,1.25,0.9,1,0
711,30,station_25,25,98.299,0.9,0.666,1,0
711,30,station_28,28,52.084,0.9,0.755,1,0
712,31,outside,0,0.0,0.0,0.0,0,0
712,31,station_8,8,78.215,1.25,0.35,1,0
712,31,station_19,19,113.719,1.25,0.9,1,0
712,31,station_25,25,77.83,0.9,0.666,1,0
712,31,station_28,28,24.111,0.9,0.755,1,1
713,28,outside,0,0.0,0.0,0.0,0,0
713,28,station_8,8,45.893,1.25,0.35,1,0
713,28,station_19,19,17.858,1.25,0.9,1,1
713,28,station_25,25,63.65,0.9,0.666,1,0
713,28,station_28,28,100.112,0.9,0.755,1,0
714,13,outside,0,0.0,0.0,0.0,0,1
714,13,station_8,8,26.846,1.25,0.35,1,0
714,13,station_19,19,29.228,1.25,0.9,1,0
714,13,station_25,25,89.473,0.9,0.666,1,0
714,13,station_28,28,110.088,0.9,0.755,1,0
715,77,outside,0,0.0,0.0,0.0,0,1
715,77,station_8,8,15.566,1.25,0.35,1,0
715,77,station_19,19,38.912,1.25,0.9,1,0
715,77,station_25,25,76.359,0.9,0.666,1,0
715,77,station_28,28,90.868,0.9,0.755,1,0
716,18,outside,0,0.0,0.0,0.0,0,1
716,18,station_8,8,57.722,1.25,0.35,1,0
716,18,station_19,19,85.165,1.25,0.9,1,0
716,18,station_25,25,54.276,0.9,0.666,1,0
716,18,station_28,28,34.63,0.9,0.755,1,0
717,9,outside,0,0.0,0.0,0.0,0,0
717,9,station_8,8,60.179,1.25,0.35,1,0
717,9,station_19,19,10.891,1.25,0.9,1,1
717,9,station_25,25,89.553,0.9,0.666,1,0
717,9,station_28,28,128.538,0.9,0.755,1,0
718,11,outside,0,0.0,0.0,0.0,0,1
718,11,station_8,8,138.319,1.25,0.35,1,0
718,11,station_19,19,158.632,1.25,0.9,1,0
718,11,station_25,25,89.422,0.9,0.666,1,0
718,11,station_28,28,46.921,0.9,0.755,1,0
719,15,outside,0,0.0,0.0,0.0,0,1
719,15,station_8,8,76.282,1.25,0.35,1,0
719,15,station_19,19,40.814,1.25,0.9,1,0
719,15,station_25,25,48.434,0.9,0.666,1,0
719,15,station_28,28,103.654,0.9,0.755,1,0
720,28,outside,0,0.0,0.0,0.0,0,1
720,28,station_8,8,45.893,1.25,0.35,1,0
720,28,station_19,19,17.858,1.25,0.9,1,0
720,28,station_25,25,63.65,0.9,0.666,1,0
720,28,station_28,28,100.112,0.9,0.755,1,0
721,14,outside,0,0.0,0.0,0.0,0,1
721,14,station_8,8,69.896,1.25,0.35,1,0
721,14,station_19,19,67.32,1.25,0.9,1,0
721,14,station_25,25,17.838,0.9,0.666,1,0
721,14,station_28,28,60.29,0.9,0.755,1,0
722,4,outside,0,0.0,0.0,0.0,0,1
722,4,station_8,8,123.283,1.25,0.35,1,0
722,4,station_19,19,160.772,1.25,0.9,1,0
722,4,station_25,25,115.162,0.9,0.666,1,0
722,4,station_28,28,50.64,0.9,0.755,1,0
723,37,outside,0,0.0,0.0,0.0,0,1
723,37,station_8,8,68.494,1.25,0.35,1,0
723,37,station_19,19,27.417,1.25,0.9,1,0
723,37,station_25,25,59.272,0.9,0.666,1,0
723,37,station_28,28,109.137,0.9,0.755,1,0
724,67,outside,0,0.0,0.0,0.0,0,1
724,67,station_8,8,75.235,1.25,0.35,1,0
724,67,station_19,19,63.443,1.25,0.9,1,0
724,67,station_25,25,16.514,0.9,0.666,1,0
724,67,station_28,28,71.834,0.9,0.755,1,0
725,24,outside,0,0.0,0.0,0.0,0,1
725,24,station_8,8,59.502,1.25,0.35,1,0
725,24,station_19,19,71.183,1.25,0.9,1,0
725,24,station_25,25,33.7,0.9,0.666,1,0
725,24,station_28,28,47.589,0.9,0.755,1,0
726,27,outside,0,0.0,0.0,0.0,0,1
726,27,station_8,8,83.882,1.25,0.35,1,0
726,27,station_19,19,95.907,1.25,0.9,1,0
726,27,station_25,25,33.242,0.9,0.666,1,0
726,27,station_28,28,31.308,0.9,0.755,1,0
727,18,outside,0,0.0,0.0,0.0,0,1
727,18,station_8,8,57.722,1.25,0.35,1,0
727,18,station_19,19,85.165,1.25,0.9,1,0
727,18,station_25,25,54.276,0.9,0.666,1,0
727,18,station_28,28,34.63,0.9,0.755,1,0
728,74,outside,0,0.0,0.0,0.0,0,1
728,74,station_8,8,32.229,1.25,0.35,1,0
728,74,station_19,19,75.711,1.25,0.9,1,0
728,74,station_25,25,77.248,0.9,0.666,1,0
728,74,station_28,28,62.103,0.9,0.755,1,0
729,7,outside,0,0.0,0.0,0.0,0,1
729,7,station_8,8,85.244,1.25,0.35,1,0
729,7,station_19,19,55.162,1.25,0.9,1,0
729,7,station_25,25,37.637,0.9,0.666,1,0
729,7,station_28,28,98.08,0.9,0.755,1,0
730,42,outside,0,0.0,0.0,0.0,0,1
730,42,station_8,8,67.43,1.25,0.35,1,0
730,42,station_19,19,14.888,1.25,0.9,1,0
730,42,station_25,25,85.138,0.9,0.666,1,0
730,42,station_28,28,128.906,0.9,0.755,1,0
731,38,outside,0,0.0,0.0,0.0,0,1
731,38,station_8,8,122.799,1.25,0.35,1,0
731,38,station_19,19,142.992,1.25,0.9,1,0
731,38,station_25,25,75.759,0.9,0.666,1,0
731,38,station_28,28,32.057,0.9,0.755,1,0
732,3,outside,0,0.0,0.0,0.0,0,1
732,3,station_8,8,66.181,1.25,0.35,1,0
732,3,station_19,19,106.175,1.25,0.9,1,0
732,3,station_25,25,81.895,0.9,0.666,1,0
732,3,station_28,28,37.637,0.9,0.755,1,0
733,8,outside,0,0.0,0.0,0.0,0,1
733,8,station_8,8,4.571,1.25,0.35,1,0
733,8,station_19,19,49.873,1.25,0.9,1,0
733,8,station_25,25,83.221,0.9,0.666,1,0
733,8,station_28,28,89.191,0.9,0.755,1,0
734,67,outside,0,0.0,0.0,0.0,0,1
734,67,station_8,8,75.235,1.25,0.35,1,0
734,67,station_19,19,63.443,1.25,0.9,1,0
734,67,station_25,25,16.514,0.9,0.666,1,0
734,67,station_28,28,71.834,0.9,0.755,1,0
735,7,outside,0,0.0,0.0,0.0,0,1
735,7,station_8,8,85.244,1.25,0.35,1,0
735,7,station_19,19,55.162,1.25,0.9,1,0
735,7,station_25,25,37.637,0.9,0.666,1,0
735,7,station_28,28,98.08,0.9,0.755,1,0
736,27,outside,0,0.0,0.0,0.0,0,1
736,27,station_8,8,83.882,1.25,0.35,1,0
736,27,station_19,19,95.907,1.25,0.9,1,0
736,27,station_25,25,33.242,0.9,0.666,1,0
736,27,station_28,28,31.308,0.9,0.755,1,0
737,35,outside,0,0.0,0.0,0.0,0,0
737,35,station_8,8,5.157,1.25,0.35,1,1
737,35,station_19,19,56.506,1.25,0.9,1,0
737,35,station_25,25,92.499,0.9,0.666,1,0
737,35,station_28,28,94.18,0.9,0.755,1,0
738,65,outside,0,0.0,0.0,0.0,0,0
738,65,station_8,8,95.69,1.25,0.35,1,0
738,65,station_19,19,118.286,1.25,0.9,1,0
738,65,station_25,25,60.162,0.9,0.666,1,0
738,65,station_28,28,7.765,0.9,0.755,1,1
739,77,outside,0,0.0,0.0,0.0,0,1
739,77,station_8,8,15.566,1.25,0.35,1,0
739,77,station_19,19,38.912,1.25,0.9,1,0
739,77,station_25,25,76.359,0.9,0.666,1,0
739,77,station_28,28,90.868,0.9,0.755,1,0
740,35,outside,0,0.0,0.0,0.0,0,0
740,35,station_8,8,5.157,1.25,0.35,1,1
740,35,station_19,19,56.506,1.25,0.9,1,0
740,35,station_25,25,92.499,0.9,0.666,1,0
740,35,station_28,28,94.18,0.9,0.755,1,0
741,14,outside,0,0.0,0.0,0.0,0,1
741,14,station_8,8,69.896,1.25,0.35,1,0
741,14,station_19,19,67.32,1.25,0.9,1,0
741,14,station_25,25,17.838,0.9,0.666,1,0
741,14,station_28,28,60.29,0.9,0.755,1,0
742,64,outside,0,0.0,0.0,0.0,0,0
742,64,station_8,8,88.473,1.25,0.35,1,0
742,64,station_19,19,113.427,1.25,0.9,1,0
742,64,station_25,25,60.627,0.9,0.666,1,0
742,64,station_28,28,4.372,0.9,0.755,1,1
743,25,outside,0,0.0,0.0,0.0,0,1
743,25,station_8,8,71.642,1.25,0.35,1,0
743,25,station_19,19,19.049,1.25,0.9,1,0
743,25,station_25,25,85.268,0.9,0.666,1,0
743,25,station_28,28,130.958,0.9,0.755,1,0
744,20,outside,0,0.0,0.0,0.0,0,1
744,20,station_8,8,125.682,1.25,0.35,1,0
744,20,station_19,19,154.077,1.25,0.9,1,0
744,20,station_25,25,95.28,0.9,0.666,1,0
744,20,station_28,28,36.427,0.9,0.755,1,0
745,43,outside,0,0.0,0.0,0.0,0,1
745,43,station_8,8,108.193,1.25,0.35,1,0
745,43,station_19,19,120.051,1.25,0.9,1,0
745,43,station_25,25,48.125,0.9,0.666,1,0
745,43,station_28,28,32.62,0.9,0.755,1,0
746,7,outside,0,0.0,0.0,0.0,0,1
746,7,station_8,8,85.244,1.25,0.35,1,0
746,7,station_19,19,55.162,1.25,0.9,1,0
746,7,station_25,25,37.637,0.9,0.666,1,0
746,7,station_28,28,98.08,0.9,0.755,1,0
747,57,outside,0,0.0,0.0,0.0,0,1
747,57,station_8,8,83.823,1.25,0.35,1,0
747,57,station_19,19,81.369,1.25,0.9,1,0
747,57,station_25,25,8.476,0.9,0.666,1,0
747,57,station_28,28,56.282,0.9,0.755,1,0
748,63,outside,0,0.0,0.0,0.0,0,1
748,63,station_8,8,30.308,1.25,0.35,1,0
748,63,station_19,19,74.577,1.25,0.9,1,0
748,63,station_25,25,78.28,0.9,0.666,1,0
748,63,station_28,28,64.16,0.9,0.755,1,0
749,31,outside,0,0.0,0.0,0.0,0,1
749,31,station_8,8,78.215,1.25,0.35,1,0
749,31,station_19,19,113.719,1.25,0.9,1,0
749,31,station_25,25,77.83,0.9,0.666,1,0
749,31,station_28,28,24.111,0.9,0.755,1,0
750,78,outside,0,0.0,0.0,0.0,0,1
750,78,station_8,8,85.507,1.25,0.35,1,0
750,78,station_19,19,51.361,1.25,0.9,1,0
750,78,station_25,25,44.406,0.9,0.666,1,0
750,78,station_28,28,104.032,0.9,0.755,1,0
751,48,outside,0,0.0,0.0,0.0,0,0
751,48,station_8,8,60.151,1.25,0.35,1,0
751,48,station_19,19,7.649,1.25,0.9,1,1
751,48,station_25,25,80.4,0.9,0.666,1,0
751,48,station_28,28,121.872,0.9,0.755,1,0
752,51,outside,0,0.0,0.0,0.0,0,1
752,51,station_8,8,46.117,1.25,0.35,1,0
752,51,station_19,19,95.044,1.25,0.9,1,0
752,51,station_25,25,95.245,0.9,0.666,1,0
752,51,station_28,28,65.741,0.9,0.755,1,0
753,79,outside,0,0.0,0.0,0.0,0,1
753,79,station_8,8,99.13,1.25,0.35,1,0
753,79,station_19,19,126.347,1.25,0.9,1,0
753,79,station_25,25,72.25,0.9,0.666,1,0
753,79,station_28,28,8.805,0.9,0.755,1,0
754,41,outside,0,0.0,0.0,0.0,0,1
754,41,station_8,8,84.6,1.25,0.35,1,0
754,41,station_19,19,44.709,1.25,0.9,1,0
754,41,station_25,25,54.471,0.9,0.666,1,0
754,41,station_28,28,112.197,0.9,0.755,1,0
755,17,outside,0,0.0,0.0,0.0,0,1
755,17,station_8,8,63.784,1.25,0.35,1,0
755,17,station_19,19,70.418,1.25,0.9,1,0
755,17,station_25,25,27.153,0.9,0.666,1,0
755,17,station_28,28,50.824,0.9,0.755,1,0
756,40,outside,0,0.0,0.0,0.0,0,1
756,40,station_8,8,50.28,1.25,0.35,1,0
756,40,station_19,19,63.179,1.25,0.9,1,0
756,40,station_25,25,39.841,0.9,0.666,1,0
756,40,station_28,28,54.545,0.9,0.755,1,0
757,49,outside,0,0.0,0.0,0.0,0,1
757,49,station_8,8,135.961,1.25,0.35,1,0
757,49,station_19,19,172.569,1.25,0.9,1,0
757,49,station_25,25,123.496,0.9,0.666,1,0
757,49,station_28,28,59.633,0.9,0.755,1,0
758,8,outside,0,0.0,0.0,0.0,0,1
758,8,station_8,8,4.571,1.25,0.35,1,0
758,8,station_19,19,49.873,1.25,0.9,1,0
758,8,station_25,25,83.221,0.9,0.666,1,0
758,8,station_28,28,89.191,0.9,0.755,1,0
759,43,outside,0,0.0,0.0,0.0,0,1
759,43,station_8,8,108.193,1.25,0.35,1,0
759,43,station_19,19,120.051,1.25,0.9,1,0
759,43,station_25,25,48.125,0.9,0.666,1,0
759,43,station_28,28,32.62,0.9,0.755,1,0
760,18,outside,0,0.0,0.0,0.0,0,1
760,18,station_8,8,57.722,1.25,0.35,1,0
760,18,station_19,19,85.165,1.25,0.9,1,0
760,18,station_25,25,54.276,0.9,0.666,1,0
760,18,station_28,28,34.63,0.9,0.755,1,0
761,57,outside,0,0.0,0.0,0.0,0,1
761,57,station_8,8,83.823,1.25,0.35,1,0
761,57,station_19,19,81.369,1.25,0.9,1,0
761,57,station_25,25,8.476,0.9,0.666,1,0
761,57,station_28,28,56.282,0.9,0.755,1,0
762,62,outside,0,0.0,0.0,0.0,0,0
762,62,station_8,8,101.631,1.25,0.35,1,0
762,62,station_19,19,125.187,1.25,0.9,1,0
762,62,station_25,25,66.178,0.9,0.666,1,0
762,62,station_28,28,10.43,0.9,0.755,1,1
763,72,outside,0,0.0,0.0,0.0,0,1
763,72,station_8,8,108.042,1.25,0.35,1,0
763,72,station_19,19,129.488,1.25,0.9,1,0
763,72,station_25,25,66.488,0.9,0.666,1,0
763,72,station_28,28,17.792,0.9,0.755,1,0
764,52,outside,0,0.0,0.0,0.0,0,1
764,52,station_8,8,87.473,1.25,0.35,1,0
764,52,station_19,19,129.185,1.25,0.9,1,0
764,52,station_25,25,99.326,0.9,0.666,1,0
764,52,station_28,28,42.06,0.9,0.755,1,0
765,8,outside,0,0.0,0.0,0.0,0,1
765,8,station_8,8,4.571,1.25,0.35,1,0
765,8,station_19,19,49.873,1.25,0.9,1,0
765,8,station_25,25,83.221,0.9,0.666,1,0
765,8,station_28,28,89.191,0.9,0.755,1,0
766,29,outside,0,0.0,0.0,0.0,0,1
766,29,station_8,8,90.575,1.25,0.35,1,0
766,29,station_19,19,126.377,1.25,0.9,1,0
766,29,station_25,25,86.174,0.9,0.666,1,0
766,29,station_28,28,24.94,0.9,0.755,1,0
767,16,outside,0,0.0,0.0,0.0,0,1
767,16,station_8,8,76.931,1.25,0.35,1,0
767,16,station_19,19,80.887,1.25,0.9,1,0
767,16,station_25,25,18.805,0.9,0.666,1,0
767,16,station_28,28,47.707,0.9,0.755,1,0
768,8,outside,0,0.0,0.0,0.0,0,0
768,8,station_8,8,4.571,1.25,0.35,1,1
768,8,station_19,19,49.873,1.25,0.9,1,0
768,8,station_25,25,83.221,0.9,0.666,1,0
768,8,station_28,28,89.191,0.9,0.755,1,0
769,7,outside,0,0.0,0.0,0.0,0,1
769,7,station_8,8,85.244,1.25,0.35,1,0
769,7,station_19,19,55.162,1.25,0.9,1,0
769,7,station_25,25,37.637,0.9,0.666,1,0
769,7,station_28,28,98.08,0.9,0.755,1,0
770,55,outside,0,0.0,0.0,0.0,0,1
770,55,station_8,8,70.571,1.25,0.35,1,0
770,55,station_19,19,22.336,1.25,0.9,1,0
770,55,station_25,25,98.744,0.9,0.666,1,0
770,55,station_28,28,139.9,0.9,0.755,1,0
771,58,outside,0,0.0,0.0,0.0,0,1
771,58,station_8,8,70.988,1.25,0.35,1,0
771,58,station_19,19,46.308,1.25,0.9,1,0
771,58,station_25,25,35.817,0.9,0.666,1,0
771,58,station_28,28,89.487,0.9,0.755,1,0
772,18,outside,0,0.0,0.0,0.0,0,1
772,18,station_8,8,57.722,1.25,0.35,1,0
772,18,station_19,19,85.165,1.25,0.9,1,0
772,18,station_25,25,54.276,0.9,0.666,1,0
772,18,station_28,28,34.63,0.9,0.755,1,0
773,64,outside,0,0.0,0.0,0.0,0,0
773,64,station_8,8,88.473,1.25,0.35,1,0
773,64,station_19,19,113.427,1.25,0.9,1,0
773,64,station_25,25,60.627,0.9,0.666,1,0
773,64,station_28,28,4.372,0.9,0.755,1,1
774,43,outside,0,0.0,0.0,0.0,0,1
774,43,station_8,8,108.193,1.25,0.35,1,0
774,43,station_19,19,120.051,1.25,0.9,1,0
774,43,station_25,25,48.125,0.9,0.666,1,0
774,43,station_28,28,32.62,0.9,0.755,1,0
775,51,outside,0,0.0,0.0,0.0,0,1
775,51,station_8,8,46.117,1.25,0.35,1,0
775,51,station_19,19,95.044,1.25,0.9,1,0
775,51,station_25,25,95.245,0.9,0.666,1,0
775,51,station_28,28,65.741,0.9,0.755,1,0
776,77,outside,0,0.0,0.0,0.0,0,0
776,77,station_8,8,15.566,1.25,0.35,1,1
776,77,station_19,19,38.912,1.25,0.9,1,0
776,77,station_25,25,76.359,0.9,0.666,1,0
776,77,station_28,28,90.868,0.9,0.755,1,0
777,28,outside,0,0.0,0.0,0.0,0,1
777,28,station_8,8,45.893,1.25,0.35,1,0
777,28,station_19,19,17.858,1.25,0.9,1,0
777,28,station_25,25,63.65,0.9,0.666,1,0
777,28,station_28,28,100.112,0.9,0.755,1,0
778,59,outside,0,0.0,0.0,0.0,0,1
778,59,station_8,8,101.758,1.25,0.35,1,0
778,59,station_19,19,111.107,1.25,0.9,1,0
778,59,station_25,25,38.654,0.9,0.666,1,0
778,59,station_28,28,35.203,0.9,0.755,1,0
779,68,outside,0,0.0,0.0,0.0,0,1
779,68,station_8,8,30.047,1.25,0.35,1,0
779,68,station_19,19,72.698,1.25,0.9,1,0
779,68,station_25,25,75.575,0.9,0.666,1,0
779,68,station_28,28,63.183,0.9,0.755,1,0
780,52,outside,0,0.0,0.0,0.0,0,1
780,52,station_8,8,87.473,1.25,0.35,1,0
780,52,station_19,19,129.185,1.25,0.9,1,0
780,52,station_25,25,99.326,0.9,0.666,1,0
780,52,station_28,28,42.06,0.9,0.755,1,0
781,37,outside,0,0.0,0.0,0.0,0,0
781,37,station_8,8,68.494,1.25,0.35,1,0
781,37,station_19,19,27.417,1.25,0.9,1,1
781,37,station_25,25,59.272,0.9,0.666,1,0
781,37,station_28,28,109.137,0.9,0.755,1,0
782,58,outside,0,0.0,0.0,0.0,0,1
782,58,station_8,8,70.988,1.25,0.35,1,0
782,58,station_19,19,46.308,1.25,0.9,1,0
782,58,station_25,25,35.817,0.9,0.666,1,0
782,58,station_28,28,89.487,0.9,0.755,1,0
783,27,outside,0,0.0,0.0,0.0,0,1
783,27,station_8,8,83.882,1.25,0.35,1,0
783,27,station_19,19,95.907,1.25,0.9,1,0
783,27,station_25,25,33.242,0.9,0.666,1,0
783,27,station_28,28,31.308,0.9,0.755,1,0
784,57,outside,0,0.0,0.0,0.0,0,0
784,57,station_8,8,83.823,1.25,0.35,1,0
784,57,station_19,19,81.369,1.25,0.9,1,0
784,57,station_25,25,8.476,0.9,0.666,1,1
784,57,station_28,28,56.282,0.9,0.755,1,0
785,77,outside,0,0.0,0.0,0.0,0,0
785,77,station_8,8,15.566,1.25,0.35,1,1
785,77,station_19,19,38.912,1.25,0.9,1,0
785,77,station_25,25,76.359,0.9,0.666,1,0
785,77,station_28,28,90.868,0.9,0.755,1,0
786,79,outside,0,0.0,0.0,0.0,0,1
786,79,station_8,8,99.13,1.25,0.35,1,0
786,79,station_19,19,126.347,1.25,0.9,1,0
786,79,station_25,25,72.25,0.9,0.666,1,0
786,79,station_28,28,8.805,0.9,0.755,1,0
787,22,outside,0,0.0,0.0,0.0,0,0
787,22,station_8,8,75.15,1.25,0.35,1,0
787,22,station_19,19,59.51,1.25,0.9,1,0
787,22,station_25,25,21.007,0.9,0.666,1,1
787,22,station_28,28,77.226,0.9,0.755,1,0
788,77,outside,0,0.0,0.0,0.0,0,1
788,77,station_8,8,15.566,1.25,0.35,1,0
788,77,station_19,19,38.912,1.25,0.9,1,0
788,77,station_25,25,76.359,0.9,0.666,1,0
788,77,station_28,28,90.868,0.9,0.755,1,0
789,36,outside,0,0.0,0.0,0.0,0,1
789,36,station_8,8,49.761,1.25,0.35,1,0
789,36,station_19,19,23.538,1.25,0.9,1,0
789,36,station_25,25,101.025,0.9,0.666,1,0
789,36,station_28,28,130.581,0.9,0.755,1,0
790,64,outside,0,0.0,0.0,0.0,0,0
790,64,station_8,8,88.473,1.25,0.35,1,0
790,64,station_19,19,113.427,1.25,0.9,1,0
790,64,station_25,25,60.627,0.9,0.666,1,0
790,64,station_28,28,4.372,0.9,0.755,1,1
791,27,outside,0,0.0,0.0,0.0,0,1
791,27,station_8,8,83.882,1.25,0.35,1,0
791,27,station_19,19,95.907,1.25,0.9,1,0
791,27,station_25,25,33.242,0.9,0.666,1,0
791,27,station_28,28,31.308,0.9,0.755,1,0
792,53,outside,0,0.0,0.0,0.0,0,1
792,53,station_8,8,107.748,1.25,0.35,1,0
792,53,station_19,19,153.115,1.25,0.9,1,0
792,53,station_25,25,125.618,0.9,0.666,1,0
792,53,station_28,28,65.388,0.9,0.755,1,0
793,67,outside,0,0.0,0.0,0.0,0,0
793,67,station_8,8,75.235,1.25,0.35,1,0
793,67,station_19,19,63.443,1.25,0.9,1,0
793,67,station_25,25,16.514,0.9,0.666,1,1
793,67,station_28,28,71.834,0.9,0.755,1,0
794,62,outside,0,0.0,0.0,0.0,0,0
794,62,station_8,8,101.631,1.25,0.35,1,0
794,62,station_19,19,125.187,1.25,0.9,1,0
794,62,station_25,25,66.178,0.9,0.666,1,0
794,62,station_28,28,10.43,0.9,0.755,1,1
795,50,outside,0,0.0,0.0,0.0,0,1
795,50,station_8,8,75.498,1.25,0.35,1,0
795,50,station_19,19,77.73,1.25,0.9,1,0
795,50,station_25,25,16.997,0.9,0.666,1,0
795,50,station_28,28,50.967,0.9,0.755,1,0
796,7,outside,0,0.0,0.0,0.0,0,1
796,7,station_8,8,85.244,1.25,0.35,1,0
796,7,station_19,19,55.162,1.25,0.9,1,0
796,7,station_25,25,37.637,0.9,0.666,1,0
796,7,station_28,28,98.08,0.9,0.755,1,0
797,67,outside,0,0.0,0.0,0.0,0,0
797,67,station_8,8,75.235,1.25,0.35,1,0
797,67,station_19,19,63.443,1.25,0.9,1,0
797,67,station_25,25,16.514,0.9,0.666,1,1
797,67,station_28,28,71.834,0.9,0.755,1,0
798,72,outside,0,0.0,0.0,0.0,0,1
798,72,station_8,8,108.042,1.25,0.35,1,0
798,72,station_19,19,129.488,1.25,0.9,1,0
798,72,station_25,25,66.488,0.9,0.666,1,0
798,72,station_28,28,17.792,0.9,0.755,1,0
799,77,outside,0,0.0,0.0,0.0,0,1
799,77,station_8,8,15.566,1.25,0.35,1,0
799,77,station_19,19,38.912,1.25,0.9,1,0
799,77,station_25,25,76.359,0.9,0.666,1,0
799,77,station_28,28,90.868,0.9,0.755,1,0
800,48,outside,0,0.0,0.0,0.0,0,1
800,48,station_8,8,60.151,1.25,0.35,1,0
800,48,station_19,19,7.649,1.25,0.9,1,0
800,48,station_25,25,80.4,0.9,0.666,1,0
800,48,station_28,28,121.872,0.9,0.755,1,0
801,67,outside,0,0.0,0.0,0.0,0,1
801,67,station_8,8,75.235,1.25,0.35,1,0
801,67,station_19,19,63.443,1.25,0.9,1,0
801,67,station_25,25,16.514,0.9,0.666,1,0
801,67,station_28,28,71.834,0.9,0.755,1,0
802,35,outside,0,0.0,0.0,0.0,0,1
802,35,station_8,8,5.157,1.25,0.35,1,0
802,35,station_19,19,56.506,1.25,0.9,1,0
802,35,station_25,25,92.499,0.9,0.666,1,0
802,35,station_28,28,94.18,0.9,0.755,1,0
803,15,outside,0,0.0,0.0,0.0,0,1
803,15,station_8,8,76.282,1.25,0.35,1,0
803,15,station_19,19,40.814,1.25,0.9,1,0
803,15,station_25,25,48.434,0.9,0.666,1,0
803,15,station_28,28,103.654,0.9,0.755,1,0
804,6,outside,0,0.0,0.0,0.0,0,1
804,6,station_8,8,98.145,1.25,0.35,1,0
804,6,station_19,19,113.947,1.25,0.9,1,0
804,6,station_25,25,48.196,0.9,0.666,1,0
804,6,station_28,28,21.955,0.9,0.755,1,0
805,22,outside,0,0.0,0.0,0.0,0,1
805,22,station_8,8,75.15,1.25,0.35,1,0
805,22,station_19,19,59.51,1.25,0.9,1,0
805,22,station_25,25,21.007,0.9,0.666,1,0
805,22,station_28,28,77.226,0.9,0.755,1,0
806,74,outside,0,0.0,0.0,0.0,0,1
806,74,station_8,8,32.229,1.25,0.35,1,0
806,74,station_19,19,75.711,1.25,0.9,1,0
806,74,station_25,25,77.248,0.9,0.666,1,0
806,74,station_28,28,62.103,0.9,0.755,1,0
807,54,outside,0,0.0,0.0,0.0,0,1
807,54,station_8,8,62.425,1.25,0.35,1,0
807,54,station_19,19,108.183,1.25,0.9,1,0
807,54,station_25,25,94.799,0.9,0.666,1,0
807,54,station_28,28,53.296,0.9,0.755,1,0
808,24,outside,0,0.0,0.0,0.0,0,1
808,24,station_8,8,59.502,1.25,0.35,1,0
808,24,station_19,19,71.183,1.25,0.9,1,0
808,24,station_25,25,33.7,0.9,0.666,1,0
808,24,station_28,28,47.589,0.9,0.755,1,0
809,8,outside,0,0.0,0.0,0.0,0,0
809,8,station_8,8,4.571,1.25,0.35,1,1
809,8,station_19,19,49.873,1.25,0.9,1,0
809,8,station_25,25,83.221,0.9,0.666,1,0
809,8,station_28,28,89.191,0.9,0.755,1,0
810,76,outside,0,0.0,0.0,0.0,0,1
810,76,station_8,8,84.21,1.25,0.35,1,0
810,76,station_19,19,124.474,1.25,0.9,1,0
810,76,station_25,25,93.218,0.9,0.666,1,0
810,76,station_28,28,36.679,0.9,0.755,1,0
811,56,outside,0,0.0,0.0,0.0,0,1
811,56,station_8,8,65.404,1.25,0.35,1,0
811,56,station_19,19,111.818,1.25,0.9,1,0
811,56,station_25,25,98.529,0.9,0.666,1,0
811,56,station_28,28,55.292,0.9,0.755,1,0
812,14,outside,0,0.0,0.0,0.0,0,0
812,14,station_8,8,69.896,1.25,0.35,1,0
812,14,station_19,19,67.32,1.25,0.9,1,0
812,14,station_25,25,17.838,0.9,0.666,1,1
812,14,station_28,28,60.29,0.9,0.755,1,0
813,17,outside,0,0.0,0.0,0.0,0,1
813,17,station_8,8,63.784,1.25,0.35,1,0
813,17,station_19,19,70.418,1.25,0.9,1,0
813,17,station_25,25,27.153,0.9,0.666,1,0
813,17,station_28,28,50.824,0.9,0.755,1,0
814,24,outside,0,0.0,0.0,0.0,0,1
814,24,station_8,8,59.502,1.25,0.35,1,0
814,24,station_19,19,71.183,1.25,0.9,1,0
814,24,station_25,25,33.7,0.9,0.666,1,0
814,24,station_28,28,47.589,0.9,0.755,1,0
815,72,outside,0,0.0,0.0,0.0,0,1
815,72,station_8,8,108.042,1.25,0.35,1,0
815,72,station_19,19,129.488,1.25,0.9,1,0
815,72,station_25,25,66.488,0.9,0.666,1,0
815,72,station_28,28,17.792,0.9,0.755,1,0
816,24,outside,0,0.0,0.0,0.0,0,0
816,24,station_8,8,59.502,1.25,0.35,1,0
816,24,station_19,19,71.183,1.25,0.9,1,0
816,24,station_25,25,33.7,0.9,0.666,1,1
816,24,station_28,28,47.589,0.9,0.755,1,0
817,5,outside,0,0.0,0.0,0.0,0,1
817,5,station_8,8,100.125,1.25,0.35,1,0
817,5,station_19,19,116.708,1.25,0.9,1,0
817,5,station_25,25,51.061,0.9,0.666,1,0
817,5,station_28,28,20.857,0.9,0.755,1,0
818,58,outside,0,0.0,0.0,0.0,0,1
818,58,station_8,8,70.988,1.25,0.35,1,0
818,58,station_19,19,46.308,1.25,0.9,1,0
818,58,station_25,25,35.817,0.9,0.666,1,0
818,58,station_28,28,89.487,0.9,0.755,1,0
819,34,outside,0,0.0,0.0,0.0,0,1
819,34,station_8,8,35.693,1.25,0.35,1,0
819,34,station_19,19,36.459,1.25,0.9,1,0
819,34,station_25,25,104.209,0.9,0.666,1,0
819,34,station_28,28,123.909,0.9,0.755,1,0
820,46,outside,0,0.0,0.0,0.0,0,1
820,46,station_8,8,50.091,1.25,0.35,1,0
820,46,station_19,19,85.489,1.25,0.9,1,0
820,46,station_25,25,66.439,0.9,0.666,1,0
820,46,station_28,28,42.432,0.9,0.755,1,0
821,22,outside,0,0.0,0.0,0.0,0,0
821,22,station_8,8,75.15,1.25,0.35,1,0
821,22,station_19,19,59.51,1.25,0.9,1,0
821,22,station_25,25,21.007,0.9,0.666,1,1
821,22,station_28,28,77.226,0.9,0.755,1,0
822,24,outside,0,0.0,0.0,0.0,0,1
822,24,station_8,8,59.502,1.25,0.35,1,0
822,24,station_19,19,71.183,1.25,0.9,1,0
822,24,station_25,25,33.7,0.9,0.666,1,0
822,24,station_28,28,47.589,0.9,0.755,1,0
823,27,outside,0,0.0,0.0,0.0,0,1
823,27,station_8,8,83.882,1.25,0.35,1,0
823,27,station_19,19,95.907,1.25,0.9,1,0
823,27,station_25,25,33.242,0.9,0.666,1,0
823,27,station_28,28,31.308,0.9,0.755,1,0
824,24,outside,0,0.0,0.0,0.0,0,1
824,24,station_8,8,59.502,1.25,0.35,1,0
824,24,station_19,19,71.183,1.25,0.9,1,0
824,24,station_25,25,33.7,0.9,0.666,1,0
824,24,station_28,28,47.589,0.9,0.755,1,0
825,62,outside,0,0.0,0.0,0.0,0,0
825,62,station_8,8,101.631,1.25,0.35,1,0
825,62,station_19,19,125.187,1.25,0.9,1,0
825,62,station_25,25,66.178,0.9,0.666,1,0
825,62,station_28,28,10.43,0.9,0.755,1,1
826,38,outside,0,0.0,0.0,0.0,0,0
826,38,station_8,8,122.799,1.25,0.35,1,0
826,38,station_19,19,142.992,1.25,0.9,1,0
826,38,station_25,25,75.759,0.9,0.666,1,0
826,38,station_28,28,32.057,0.9,0.755,1,1
827,21,outside,0,0.0,0.0,0.0,0,1
827,21,station_8,8,129.476,1.25,0.35,1,0
827,21,station_19,19,167.479,1.25,0.9,1,0
827,21,station_25,25,121.663,0.9,0.666,1,0
827,21,station_28,28,57.205,0.9,0.755,1,0
828,77,outside,0,0.0,0.0,0.0,0,1
828,77,station_8,8,15.566,1.25,0.35,1,0
828,77,station_19,19,38.912,1.25,0.9,1,0
828,77,station_25,25,76.359,0.9,0.666,1,0
828,77,station_28,28,90.868,0.9,0.755,1,0
829,78,outside,0,0.0,0.0,0.0,0,1
829,78,station_8,8,85.507,1.25,0.35,1,0
829,78,station_19,19,51.361,1.25,0.9,1,0
829,78,station_25,25,44.406,0.9,0.666,1,0
829,78,station_28,28,104.032,0.9,0.755,1,0
830,70,outside,0,0.0,0.0,0.0,0,1
830,70,station_8,8,75.014,1.25,0.35,1,0
830,70,station_19,19,122.596,1.25,0.9,1,0
830,70,station_25,25,108.626,0.9,0.666,1,0
830,70,station_28,28,60.868,0.9,0.755,1,0
831,61,outside,0,0.0,0.0,0.0,0,1
831,61,station_8,8,84.684,1.25,0.35,1,0
831,61,station_19,19,32.123,1.25,0.9,1,0
831,61,station_25,25,92.771,0.9,0.666,1,0
831,61,station_28,28,142.075,0.9,0.755,1,0
832,58,outside,0,0.0,0.0,0.0,0,1
832,58,station_8,8,70.988,1.25,0.35,1,0
832,58,station_19,19,46.308,1.25,0.9,1,0
832,58,station_25,25,35.817,0.9,0.666,1,0
832,58,station_28,28,89.487,0.9,0.755,1,0
833,36,outside,0,0.0,0.0,0.0,0,1
833,36,station_8,8,49.761,1.25,0.35,1,0
833,36,station_19,19,23.538,1.25,0.9,1,0
833,36,station_25,25,101.025,0.9,0.666,1,0
833,36,station_28,28,130.581,0.9,0.755,1,0
834,16,outside,0,0.0,0.0,0.0,0,1
834,16,station_8,8,76.931,1.25,0.35,1,0
834,16,station_19,19,80.887,1.25,0.9,1,0
834,16,station_25,25,18.805,0.9,0.666,1,0
834,16,station_28,28,47.707,0.9,0.755,1,0
835,49,outside,0,0.0,0.0,0.0,0,1
835,49,station_8,8,135.961,1.25,0.35,1,0
835,49,station_19,19,172.569,1.25,0.9,1,0
835,49,station_25,25,123.496,0.9,0.666,1,0
835,49,station_28,28,59.633,0.9,0.755,1,0
836,63,outside,0,0.0,0.0,0.0,0,1
836,63,station_8,8,30.308,1.25,0.35,1,0
836,63,station_19,19,74.577,1.25,0.9,1,0
836,63,station_25,25,78.28,0.9,0.666,1,0
836,63,station_28,28,64.16,0.9,0.755,1,0
837,74,outside,0,0.0,0.0,0.0,0,1
837,74,station_8,8,32.229,1.25,0.35,1,0
837,74,station_19,19,75.711,1.25,0.9,1,0
837,74,station_25,25,77.248,0.9,0.666,1,0
837,74,station_28,28,62.103,0.9,0.755,1,0
838,23,outside,0,0.0,0.0,0.0,0,0
838,23,station_8,8,90.334,1.25,0.35,1,0
838,23,station_19,19,112.064,1.25,0.9,1,0
838,23,station_25,25,55.093,0.9,0.666,1,0
838,23,station_28,28,9.747,0.9,0.755,1,1
839,22,outside,0,0.0,0.0,0.0,0,1
839,22,station_8,8,75.15,1.25,0.35,1,0
839,22,station_19,19,59.51,1.25,0.9,1,0
839,22,station_25,25,21.007,0.9,0.666,1,0
839,22,station_28,28,77.226,0.9,0.755,1,0
840,67,outside,0,0.0,0.0,0.0,0,1
840,67,station_8,8,75.235,1.25,0.35,1,0
840,67,station_19,19,63.443,1.25,0.9,1,0
840,67,station_25,25,16.514,0.9,0.666,1,0
840,67,station_28,28,71.834,0.9,0.755,1,0
841,23,outside,0,0.0,0.0,0.0,0,1
841,23,station_8,8,90.334,1.25,0.35,1,0
841,23,station_19,19,112.064,1.25,0.9,1,0
841,23,station_25,25,55.093,0.9,0.666,1,0
841,23,station_28,28,9.747,0.9,0.755,1,0
842,6,outside,0,0.0,0.0,0.0,0,0
842,6,station_8,8,98.145,1.25,0.35,1,0
842,6,station_19,19,113.947,1.25,0.9,1,0
842,6,station_25,25,48.196,0.9,0.666,1,0
842,6,station_28,28,21.955,0.9,0.755,1,1
843,48,outside,0,0.0,0.0,0.0,0,0
843,48,station_8,8,60.151,1.25,0.35,1,0
843,48,station_19,19,7.649,1.25,0.9,1,1
843,48,station_25,25,80.4,0.9,0.666,1,0
843,48,station_28,28,121.872,0.9,0.755,1,0
844,67,outside,0,0.0,0.0,0.0,0,1
844,67,station_8,8,75.235,1.25,0.35,1,0
844,67,station_19,19,63.443,1.25,0.9,1,0
844,67,station_25,25,16.514,0.9,0.666,1,0
844,67,station_28,28,71.834,0.9,0.755,1,0
845,37,outside,0,0.0,0.0,0.0,0,1
845,37,station_8,8,68.494,1.25,0.35,1,0
845,37,station_19,19,27.417,1.25,0.9,1,0
845,37,station_25,25,59.272,0.9,0.666,1,0
845,37,station_28,28,109.137,0.9,0.755,1,0
846,64,outside,0,0.0,0.0,0.0,0,0
846,64,station_8,8,88.473,1.25,0.35,1,0
846,64,station_19,19,113.427,1.25,0.9,1,0
846,64,station_25,25,60.627,0.9,0.666,1,0
846,64,station_28,28,4.372,0.9,0.755,1,1
847,39,outside,0,0.0,0.0,0.0,0,0
847,39,station_8,8,57.569,1.25,0.35,1,0
847,39,station_19,19,15.638,1.25,0.9,1,1
847,39,station_25,25,95.59,0.9,0.666,1,0
847,39,station_28,28,131.33,0.9,0.755,1,0
848,5,outside,0,0.0,0.0,0.0,0,1
848,5,station_8,8,100.125,1.25,0.35,1,0
848,5,station_19,19,116.708,1.25,0.9,1,0
848,5,station_25,25,51.061,0.9,0.666,1,0
848,5,station_28,28,20.857,0.9,0.755,1,0
849,1,outside,0,0.0,0.0,0.0,0,1
849,1,station_8,8,70.31,1.25,0.35,1,0
849,1,station_19,19,20.578,1.25,0.9,1,0
849,1,station_25,25,73.376,0.9,0.666,1,0
849,1,station_28,28,121.38,0.9,0.755,1,0
850,62,outside,0,0.0,0.0,0.0,0,0
850,62,station_8,8,101.631,1.25,0.35,1,0
850,62,station_19,19,125.187,1.25,0.9,1,0
850,62,station_25,25,66.178,0.9,0.666,1,0
850,62,station_28,28,10.43,0.9,0.755,1,1
851,17,outside,0,0.0,0.0,0.0,0,0
851,17,station_8,8,63.784,1.25,0.35,1,0
851,17,station_19,19,70.418,1.25,0.9,1,0
851,17,station_25,25,27.153,0.9,0.666,1,1
851,17,station_28,28,50.824,0.9,0.755,1,0
852,15,outside,0,0.0,0.0,0.0,0,1
852,15,station_8,8,76.282,1.25,0.35,1,0
852,15,station_19,19,40.814,1.25,0.9,1,0
852,15,station_25,25,48.434,0.9,0.666,1,0
852,15,station_28,28,103.654,0.9,0.755,1,0
853,22,outside,0,0.0,0.0,0.0,0,1
853,22,station_8,8,75.15,1.25,0.35,1,0
853,22,station_19,19,59.51,1.25,0.9,1,0
853,22,station_25,25,21.007,0.9,0.666,1,0
853,22,station_28,28,77.226,0.9,0.755,1,0
854,43,outside,0,0.0,0.0,0.0,0,1
854,43,station_8,8,108.193,1.25,0.35,1,0
854,43,station_19,19,120.051,1.25,0.9,1,0
854,43,station_25,25,48.125,0.9,0.666,1,0
854,43,station_28,28,32.62,0.9,0.755,1,0
855,68,outside,0,0.0,0.0,0.0,0,1
855,68,station_8,8,30.047,1.25,0.35,1,0
855,68,station_19,19,72.698,1.25,0.9,1,0
855,68,station_25,25,75.575,0.9,0.666,1,0
855,68,station_28,28,63.183,0.9,0.755,1,0
856,74,outside,0,0.0,0.0,0.0,0,0
856,74,station_8,8,32.229,1.25,0.35,1,1
856,74,station_19,19,75.711,1.25,0.9,1,0
856,74,station_25,25,77.248,0.9,0.666,1,0
856,74,station_28,28,62.103,0.9,0.755,1,0
857,45,outside,0,0.0,0.0,0.0,0,1
857,45,station_8,8,106.32,1.25,0.35,1,0
857,45,station_19,19,130.298,1.25,0.9,1,0
857,45,station_25,25,70.449,0.9,0.666,1,0
857,45,station_28,28,14.633,0.9,0.755,1,0
858,24,outside,0,0.0,0.0,0.0,0,1
858,24,station_8,8,59.502,1.25,0.35,1,0
858,24,station_19,19,71.183,1.25,0.9,1,0
858,24,station_25,25,33.7,0.9,0.666,1,0
858,24,station_28,28,47.589,0.9,0.755,1,0
859,24,outside,0,0.0,0.0,0.0,0,1
859,24,station_8,8,59.502,1.25,0.35,1,0
859,24,station_19,19,71.183,1.25,0.9,1,0
859,24,station_25,25,33.7,0.9,0.666,1,0
859,24,station_28,28,47.589,0.9,0.755,1,0
860,49,outside,0,0.0,0.0,0.0,0,1
860,49,station_8,8,135.961,1.25,0.35,1,0
860,49,station_19,19,172.569,1.25,0.9,1,0
860,49,station_25,25,123.496,0.9,0.666,1,0
860,49,station_28,28,59.633,0.9,0.755,1,0
861,47,outside,0,0.0,0.0,0.0,0,1
861,47,station_8,8,69.469,1.25,0.35,1,0
861,47,station_19,19,26.159,1.25,0.9,1,0
861,47,station_25,25,62.253,0.9,0.666,1,0
861,47,station_28,28,112.087,0.9,0.755,1,0
862,32,outside,0,0.0,0.0,0.0,0,1
862,32,station_8,8,122.583,1.25,0.35,1,0
862,32,station_19,19,145.912,1.25,0.9,1,0
862,32,station_25,25,81.891,0.9,0.666,1,0
862,32,station_28,28,30.819,0.9,0.755,1,0
863,57,outside,0,0.0,0.0,0.0,0,1
863,57,station_8,8,83.823,1.25,0.35,1,0
863,57,station_19,19,81.369,1.25,0.9,1,0
863,57,station_25,25,8.476,0.9,0.666,1,0
863,57,station_28,28,56.282,0.9,0.755,1,0
864,70,outside,0,0.0,0.0,0.0,0,1
864,70,station_8,8,75.014,1.25,0.35,1,0
864,70,station_19,19,122.596,1.25,0.9,1,0
864,70,station_25,25,108.626,0.9,0.666,1,0
864,70,station_28,28,60.868,0.9,0.755,1,0
865,63,outside,0,0.0,0.0,0.0,0,1
865,63,station_8,8,30.308,1.25,0.35,1,0
865,63,station_19,19,74.577,1.25,0.9,1,0
865,63,station_25,25,78.28,0.9,0.666,1,0
865,63,station_28,28,64.16,0.9,0.755,1,0
866,2,outside,0,0.0,0.0,0.0,0,0
866,2,station_8,8,4.679,1.25,0.35,1,1
866,2,station_19,19,57.165,1.25,0.9,1,0
866,2,station_25,25,90.696,0.9,0.666,1,0
866,2,station_28,28,91.632,0.9,0.755,1,0
867,24,outside,0,0.0,0.0,0.0,0,1
867,24,station_8,8,59.502,1.25,0.35,1,0
867,24,station_19,19,71.183,1.25,0.9,1,0
867,24,station_25,25,33.7,0.9,0.666,1,0
867,24,station_28,28,47.589,0.9,0.755,1,0
868,40,outside,0,0.0,0.0,0.0,0,1
868,40,station_8,8,50.28,1.25,0.35,1,0
868,40,station_19,19,63.179,1.25,0.9,1,0
868,40,station_25,25,39.841,0.9,0.666,1,0
868,40,station_28,28,54.545,0.9,0.755,1,0
869,74,outside,0,0.0,0.0,0.0,0,1
869,74,station_8,8,32.229,1.25,0.35,1,0
869,74,station_19,19,75.711,1.25,0.9,1,0
869,74,station_25,25,77.248,0.9,0.666,1,0
869,74,station_28,28,62.103,0.9,0.755,1,0
870,68,outside,0,0.0,0.0,0.0,0,1
870,68,station_8,8,30.047,1.25,0.35,1,0
870,68,station_19,19,72.698,1.25,0.9,1,0
870,68,station_25,25,75.575,0.9,0.666,1,0
870,68,station_28,28,63.183,0.9,0.755,1,0
871,40,outside,0,0.0,0.0,0.0,0,1
871,40,station_8,8,50.28,1.25,0.35,1,0
871,40,station_19,19,63.179,1.25,0.9,1,0
871,40,station_25,25,39.841,0.9,0.666,1,0
871,40,station_28,28,54.545,0.9,0.755,1,0
872,29,outside,0,0.0,0.0,0.0,0,1
872,29,station_8,8,90.575,1.25,0.35,1,0
872,29,station_19,19,126.377,1.25,0.9,1,0
872,29,station_25,25,86.174,0.9,0.666,1,0
872,29,station_28,28,24.94,0.9,0.755,1,0
873,78,outside,0,0.0,0.0,0.0,0,1
873,78,station_8,8,85.507,1.25,0.35,1,0
873,78,station_19,19,51.361,1.25,0.9,1,0
873,78,station_25,25,44.406,0.9,0.666,1,0
873,78,station_28,28,104.032,0.9,0.755,1,0
874,22,outside,0,0.0,0.0,0.0,0,1
874,22,station_8,8,75.15,1.25,0.35,1,0
874,22,station_19,19,59.51,1.25,0.9,1,0
874,22,station_25,25,21.007,0.9,0.666,1,0
874,22,station_28,28,77.226,0.9,0.755,1,0
875,32,outside,0,0.0,0.0,0.0,0,1
875,32,station_8,8,122.583,1.25,0.35,1,0
875,32,station_19,19,145.912,1.25,0.9,1,0
875,32,station_25,25,81.891,0.9,0.666,1,0
875,32,station_28,28,30.819,0.9,0.755,1,0
876,1,outside,0,0.0,0.0,0.0,0,1
876,1,station_8,8,70.31,1.25,0.35,1,0
876,1,station_19,19,20.578,1.25,0.9,1,0
876,1,station_25,25,73.376,0.9,0.666,1,0
876,1,station_28,28,121.38,0.9,0.755,1,0
877,46,outside,0,0.0,0.0,0.0,0,1
877,46,station_8,8,50.091,1.25,0.35,1,0
877,46,station_19,19,85.489,1.25,0.9,1,0
877,46,station_25,25,66.439,0.9,0.666,1,0
877,46,station_28,28,42.432,0.9,0.755,1,0
878,64,outside,0,0.0,0.0,0.0,0,0
878,64,station_8,8,88.473,1.25,0.35,1,0
878,64,station_19,19,113.427,1.25,0.9,1,0
878,64,station_25,25,60.627,0.9,0.666,1,0
878,64,station_28,28,4.372,0.9,0.755,1,1
879,65,outside,0,0.0,0.0,0.0,0,1
879,65,station_8,8,95.69,1.25,0.35,1,0
879,65,station_19,19,118.286,1.25,0.9,1,0
879,65,station_25,25,60.162,0.9,0.666,1,0
879,65,station_28,28,7.765,0.9,0.755,1,0
880,34,outside,0,0.0,0.0,0.0,0,1
880,34,station_8,8,35.693,1.25,0.35,1,0
880,34,station_19,19,36.459,1.25,0.9,1,0
880,34,station_25,25,104.209,0.9,0.666,1,0
880,34,station_28,28,123.909,0.9,0.755,1,0
881,59,outside,0,0.0,0.0,0.0,0,1
881,59,station_8,8,101.758,1.25,0.35,1,0
881,59,station_19,19,111.107,1.25,0.9,1,0
881,59,station_25,25,38.654,0.9,0.666,1,0
881,59,station_28,28,35.203,0.9,0.755,1,0
882,57,outside,0,0.0,0.0,0.0,0,0
882,57,station_8,8,83.823,1.25,0.35,1,0
882,57,station_19,19,81.369,1.25,0.9,1,0
882,57,station_25,25,8.476,0.9,0.666,1,1
882,57,station_28,28,56.282,0.9,0.755,1,0
883,64,outside,0,0.0,0.0,0.0,0,0
883,64,station_8,8,88.473,1.25,0.35,1,0
883,64,station_19,19,113.427,1.25,0.9,1,0
883,64,station_25,25,60.627,0.9,0.666,1,0
883,64,station_28,28,4.372,0.9,0.755,1,1
884,5,outside,0,0.0,0.0,0.0,0,1
884,5,station_8,8,100.125,1.25,0.35,1,0
884,5,station_19,19,116.708,1.25,0.9,1,0
884,5,station_25,25,51.061,0.9,0.666,1,0
884,5,station_28,28,20.857,0.9,0.755,1,0
885,74,outside,0,0.0,0.0,0.0,0,1
885,74,station_8,8,32.229,1.25,0.35,1,0
885,74,station_19,19,75.711,1.25,0.9,1,0
885,74,station_25,25,77.248,0.9,0.666,1,0
885,74,station_28,28,62.103,0.9,0.755,1,0
886,16,outside,0,0.0,0.0,0.0,0,1
886,16,station_8,8,76.931,1.25,0.35,1,0
886,16,station_19,19,80.887,1.25,0.9,1,0
886,16,station_25,25,18.805,0.9,0.666,1,0
886,16,station_28,28,47.707,0.9,0.755,1,0
887,61,outside,0,0.0,0.0,0.0,0,1
887,61,station_8,8,84.684,1.25,0.35,1,0
887,61,station_19,19,32.123,1.25,0.9,1,0
887,61,station_25,25,92.771,0.9,0.666,1,0
887,61,station_28,28,142.075,0.9,0.755,1,0
888,10,outside,0,0.0,0.0,0.0,0,1
888,10,station_8,8,39.742,1.25,0.35,1,0
888,10,station_19,19,76.751,1.25,0.9,1,0
888,10,station_25,25,67.733,0.9,0.666,1,0
888,10,station_28,28,52.375,0.9,0.755,1,0
889,37,outside,0,0.0,0.0,0.0,0,1
889,37,station_8,8,68.494,1.25,0.35,1,0
889,37,station_19,19,27.417,1.25,0.9,1,0
889,37,station_25,25,59.272,0.9,0.666,1,0
889,37,station_28,28,109.137,0.9,0.755,1,0
890,46,outside,0,0.0,0.0,0.0,0,1
890,46,station_8,8,50.091,1.25,0.35,1,0
890,46,station_19,19,85.489,1.25,0.9,1,0
890,46,station_25,25,66.439,0.9,0.666,1,0
890,46,station_28,28,42.432,0.9,0.755,1,0
891,9,outside,0,0.0,0.0,0.0,0,0
891,9,station_8,8,60.179,1.25,0.35,1,0
891,9,station_19,19,10.891,1.25,0.9,1,1
891,9,station_25,25,89.553,0.9,0.666,1,0
891,9,station_28,28,128.538,0.9,0.755,1,0
892,14,outside,0,0.0,0.0,0.0,0,1
892,14,station_8,8,69.896,1.25,0.35,1,0
892,14,station_19,19,67.32,1.25,0.9,1,0
892,14,station_25,25,17.838,0.9,0.666,1,0
892,14,station_28,28,60.29,0.9,0.755,1,0
893,70,outside,0,0.0,0.0,0.0,0,1
893,70,station_8,8,75.014,1.25,0.35,1,0
893,70,station_19,19,122.596,1.25,0.9,1,0
893,70,station_25,25,108.626,0.9,0.666,1,0
893,70,station_28,28,60.868,0.9,0.755,1,0
894,65,outside,0,0.0,0.0,0.0,0,1
894,65,station_8,8,95.69,1.25,0.35,1,0
894,65,station_19,19,118.286,1.25,0.9,1,0
894,65,station_25,25,60.162,0.9,0.666,1,0
894,65,station_28,28,7.765,0.9,0.755,1,0
895,14,outside,0,0.0,0.0,0.0,0,0
895,14,station_8,8,69.896,1.25,0.35,1,0
895,14,station_19,19,67.32,1.25,0.9,1,0
895,14,station_25,25,17.838,0.9,0.666,1,1
895,14,station_28,28,60.29,0.9,0.755,1,0
896,79,outside,0,0.0,0.0,0.0,0,0
896,79,station_8,8,99.13,1.25,0.35,1,0
896,79,station_19,19,126.347,1.25,0.9,1,0
896,79,station_25,25,72.25,0.9,0.666,1,0
896,79,station_28,28,8.805,0.9,0.755,1,1
897,68,outside,0,0.0,0.0,0.0,0,1
897,68,station_8,8,30.047,1.25,0.35,1,0
897,68,station_19,19,72.698,1.25,0.9,1,0
897,68,station_25,25,75.575,0.9,0.666,1,0
897,68,station_28,28,63.183,0.9,0.755,1,0
898,16,outside,0,0.0,0.0,0.0,0,1
898,16,station_8,8,76.931,1.25,0.35,1,0
898,16,station_19,19,80.887,1.25,0.9,1,0
898,16,station_25,25,18.805,0.9,0.666,1,0
898,16,station_28,28,47.707,0.9,0.755,1,0
899,23,outside,0,0.0,0.0,0.0,0,0
899,23,station_8,8,90.334,1.25,0.35,1,0
899,23,station_19,19,112.064,1.25,0.9,1,0
899,23,station_25,25,55.093,0.9,0.666,1,0
899,23,station_28,28,9.747,0.9,0.755,1,1
900,78,outside,0,0.0,0.0,0.0,0,1
900,78,station_8,8,85.507,1.25,0.35,1,0
900,78,station_19,19,51.361,1.25,0.9,1,0
900,78,station_25,25,44.406,0.9,0.666,1,0
900,78,station_28,28,104.032,0.9,0.755,1,0
901,17,outside,0,0.0,0.0,0.0,0,1
901,17,station_8,8,63.784,1.25,0.35,1,0
901,17,station_19,19,70.418,1.25,0.9,1,0
901,17,station_25,25,27.153,0.9,0.666,1,0
901,17,station_28,28,50.824,0.9,0.755,1,0
902,20,outside,0,0.0,0.0,0.0,0,1
902,20,station_8,8,125.682,1.25,0.35,1,0
902,20,station_19,19,154.077,1.25,0.9,1,0
902,20,station_25,25,95.28,0.9,0.666,1,0
902,20,station_28,28,36.427,0.9,0.755,1,0
903,21,outside,0,0.0,0.0,0.0,0,1
903,21,station_8,8,129.476,1.25,0.35,1,0
903,21,station_19,19,167.479,1.25,0.9,1,0
903,21,station_25,25,121.663,0.9,0.666,1,0
903,21,station_28,28,57.205,0.9,0.755,1,0
904,37,outside,0,0.0,0.0,0.0,0,1
904,37,station_8,8,68.494,1.25,0.35,1,0
904,37,station_19,19,27.417,1.25,0.9,1,0
904,37,station_25,25,59.272,0.9,0.666,1,0
904,37,station_28,28,109.137,0.9,0.755,1,0
905,17,outside,0,0.0,0.0,0.0,0,1
905,17,station_8,8,63.784,1.25,0.35,1,0
905,17,station_19,19,70.418,1.25,0.9,1,0
905,17,station_25,25,27.153,0.9,0.666,1,0
905,17,station_28,28,50.824,0.9,0.755,1,0
906,13,outside,0,0.0,0.0,0.0,0,1
906,13,station_8,8,26.846,1.25,0.35,1,0
906,13,station_19,19,29.228,1.25,0.9,1,0
906,13,station_25,25,89.473,0.9,0.666,1,0
906,13,station_28,28,110.088,0.9,0.755,1,0
907,56,outside,0,0.0,0.0,0.0,0,1
907,56,station_8,8,65.404,1.25,0.35,1,0
907,56,station_19,19,111.818,1.25,0.9,1,0
907,56,station_25,25,98.529,0.9,0.666,1,0
907,56,station_28,28,55.292,0.9,0.755,1,0
908,14,outside,0,0.0,0.0,0.0,0,1
908,14,station_8,8,69.896,1.25,0.35,1,0
908,14,station_19,19,67.32,1.25,0.9,1,0
908,14,station_25,25,17.838,0.9,0.666,1,0
908,14,station_28,28,60.29,0.9,0.755,1,0
909,49,outside,0,0.0,0.0,0.0,0,1
909,49,station_8,8,135.961,1.25,0.35,1,0
909,49,station_19,19,172.569,1.25,0.9,1,0
909,49,station_25,25,123.496,0.9,0.666,1,0
909,49,station_28,28,59.633,0.9,0.755,1,0
910,38,outside,0,0.0,0.0,0.0,0,1
910,38,station_8,8,122.799,1.25,0.35,1,0
910,38,station_19,19,142.992,1.25,0.9,1,0
910,38,station_25,25,75.759,0.9,0.666,1,0
910,38,station_28,28,32.057,0.9,0.755,1,0
911,59,outside,0,0.0,0.0,0.0,0,1
911,59,station_8,8,101.758,1.25,0.35,1,0
911,59,station_19,19,111.107,1.25,0.9,1,0
911,59,station_25,25,38.654,0.9,0.666,1,0
911,59,station_28,28,35.203,0.9,0.755,1,0
912,20,outside,0,0.0,0.0,0.0,0,1
912,20,station_8,8,125.682,1.25,0.35,1,0
912,20,station_19,19,154.077,1.25,0.9,1,0
912,20,station_25,25,95.28,0.9,0.666,1,0
912,20,station_28,28,36.427,0.9,0.755,1,0
913,40,outside,0,0.0,0.0,0.0,0,1
913,40,station_8,8,50.28,1.25,0.35,1,0
913,40,station_19,19,63.179,1.25,0.9,1,0
913,40,station_25,25,39.841,0.9,0.666,1,0
913,40,station_28,28,54.545,0.9,0.755,1,0
914,18,outside,0,0.0,0.0,0.0,0,1
914,18,station_8,8,57.722,1.25,0.35,1,0
914,18,station_19,19,85.165,1.25,0.9,1,0
914,18,station_25,25,54.276,0.9,0.666,1,0
914,18,station_28,28,34.63,0.9,0.755,1,0
915,27,outside,0,0.0,0.0,0.0,0,1
915,27,station_8,8,83.882,1.25,0.35,1,0
915,27,station_19,19,95.907,1.25,0.9,1,0
915,27,station_25,25,33.242,0.9,0.666,1,0
915,27,station_28,28,31.308,0.9,0.755,1,0
916,18,outside,0,0.0,0.0,0.0,0,1
916,18,station_8,8,57.722,1.25,0.35,1,0
916,18,station_19,19,85.165,1.25,0.9,1,0
916,18,station_25,25,54.276,0.9,0.666,1,0
916,18,station_28,28,34.63,0.9,0.755,1,0
917,17,outside,0,0.0,0.0,0.0,0,1
917,17,station_8,8,63.784,1.25,0.35,1,0
917,17,station_19,19,70.418,1.25,0.9,1,0
917,17,station_25,25,27.153,0.9,0.666,1,0
917,17,station_28,28,50.824,0.9,0.755,1,0
918,9,outside,0,0.0,0.0,0.0,0,0
918,9,station_8,8,60.179,1.25,0.35,1,0
918,9,station_19,19,10.891,1.25,0.9,1,1
918,9,station_25,25,89.553,0.9,0.666,1,0
918,9,station_28,28,128.538,0.9,0.755,1,0
919,59,outside,0,0.0,0.0,0.0,0,1
919,59,station_8,8,101.758,1.25,0.35,1,0
919,59,station_19,19,111.107,1.25,0.9,1,0
919,59,station_25,25,38.654,0.9,0.666,1,0
919,59,station_28,28,35.203,0.9,0.755,1,0
920,1,outside,0,0.0,0.0,0.0,0,1
920,1,station_8,8,70.31,1.25,0.35,1,0
920,1,station_19,19,20.578,1.25,0.9,1,0
920,1,station_25,25,73.376,0.9,0.666,1,0
920,1,station_28,28,121.38,0.9,0.755,1,0
921,67,outside,0,0.0,0.0,0.0,0,1
921,67,station_8,8,75.235,1.25,0.35,1,0
921,67,station_19,19,63.443,1.25,0.9,1,0
921,67,station_25,25,16.514,0.9,0.666,1,0
921,67,station_28,28,71.834,0.9,0.755,1,0
922,21,outside,0,0.0,0.0,0.0,0,1
922,21,station_8,8,129.476,1.25,0.35,1,0
922,21,station_19,19,167.479,1.25,0.9,1,0
922,21,station_25,25,121.663,0.9,0.666,1,0
922,21,station_28,28,57.205,0.9,0.755,1,0
923,57,outside,0,0.0,0.0,0.0,0,1
923,57,station_8,8,83.823,1.25,0.35,1,0
923,57,station_19,19,81.369,1.25,0.9,1,0
923,57,station_25,25,8.476,0.9,0.666,1,0
923,57,station_28,28,56.282,0.9,0.755,1,0
924,67,outside,0,0.0,0.0,0.0,0,1
924,67,station_8,8,75.235,1.25,0.35,1,0
924,67,station_19,19,63.443,1.25,0.9,1,0
924,67,station_25,25,16.514,0.9,0.666,1,0
924,67,station_28,28,71.834,0.9,0.755,1,0
925,22,outside,0,0.0,0.0,0.0,0,0
925,22,station_8,8,75.15,1.25,0.35,1,0
925,22,station_19,19,59.51,1.25,0.9,1,0
925,22,station_25,25,21.007,0.9,0.666,1,1
925,22,station_28,28,77.226,0.9,0.755,1,0
926,3,outside,0,0.0,0.0,0.0,0,1
926,3,station_8,8,66.181,1.25,0.35,1,0
926,3,station_19,19,106.175,1.25,0.9,1,0
926,3,station_25,25,81.895,0.9,0.666,1,0
926,3,station_28,28,37.637,0.9,0.755,1,0
927,1,outside,0,0.0,0.0,0.0,0,1
927,1,station_8,8,70.31,1.25,0.35,1,0
927,1,station_19,19,20.578,1.25,0.9,1,0
927,1,station_25,25,73.376,0.9,0.666,1,0
927,1,station_28,28,121.38,0.9,0.755,1,0
928,24,outside,0,0.0,0.0,0.0,0,1
928,24,station_8,8,59.502,1.25,0.35,1,0
928,24,station_19,19,71.183,1.25,0.9,1,0
928,24,station_25,25,33.7,0.9,0.666,1,0
928,24,station_28,28,47.589,0.9,0.755,1,0
929,73,outside,0,0.0,0.0,0.0,0,1
929,73,station_8,8,135.206,1.25,0.35,1,0
929,73,station_19,19,154.215,1.25,0.9,1,0
929,73,station_25,25,84.187,0.9,0.666,1,0
929,73,station_28,28,44.458,0.9,0.755,1,0
930,40,outside,0,0.0,0.0,0.0,0,1
930,40,station_8,8,50.28,1.25,0.35,1,0
930,40,station_19,19,63.179,1.25,0.9,1,0
930,40,station_25,25,39.841,0.9,0.666,1,0
930,40,station_28,28,54.545,0.9,0.755,1,0
931,5,outside,0,0.0,0.0,0.0,0,1
931,5,station_8,8,100.125,1.25,0.35,1,0
931,5,station_19,19,116.708,1.25,0.9,1,0
931,5,station_25,25,51.061,0.9,0.666,1,0
931,5,station_28,28,20.857,0.9,0.755,1,0
932,16,outside,0,0.0,0.0,0.0,0,1
932,16,station_8,8,76.931,1.25,0.35,1,0
932,16,station_19,19,80.887,1.25,0.9,1,0
932,16,station_25,25,18.805,0.9,0.666,1,0
932,16,station_28,28,47.707,0.9,0.755,1,0
933,79,outside,0,0.0,0.0,0.0,0,1
933,79,station_8,8,99.13,1.25,0.35,1,0
933,79,station_19,19,126.347,1.25,0.9,1,0
933,79,station_25,25,72.25,0.9,0.666,1,0
933,79,station_28,28,8.805,0.9,0.755,1,0
934,6,outside,0,0.0,0.0,0.0,0,1
934,6,station_8,8,98.145,1.25,0.35,1,0
934,6,station_19,19,113.947,1.25,0.9,1,0
934,6,station_25,25,48.196,0.9,0.666,1,0
934,6,station_28,28,21.955,0.9,0.755,1,0
935,2,outside,0,0.0,0.0,0.0,0,0
935,2,station_8,8,4.679,1.25,0.35,1,1
935,2,station_19,19,57.165,1.25,0.9,1,0
935,2,station_25,25,90.696,0.9,0.666,1,0
935,2,station_28,28,91.632,0.9,0.755,1,0
936,63,outside,0,0.0,0.0,0.0,0,1
936,63,station_8,8,30.308,1.25,0.35,1,0
936,63,station_19,19,74.577,1.25,0.9,1,0
936,63,station_25,25,78.28,0.9,0.666,1,0
936,63,station_28,28,64.16,0.9,0.755,1,0
937,32,outside,0,0.0,0.0,0.0,0,1
937,32,station_8,8,122.583,1.25,0.35,1,0
937,32,station_19,19,145.912,1.25,0.9,1,0
937,32,station_25,25,81.891,0.9,0.666,1,0
937,32,station_28,28,30.819,0.9,0.755,1,0
938,26,outside,0,0.0,0.0,0.0,0,1
938,26,station_8,8,81.733,1.25,0.35,1,0
938,26,station_19,19,123.747,1.25,0.9,1,0
938,26,station_25,25,96.277,0.9,0.666,1,0
938,26,station_28,28,41.766,0.9,0.755,1,0
939,62,outside,0,0.0,0.0,0.0,0,0
939,62,station_8,8,101.631,1.25,0.35,1,0
939,62,station_19,19,125.187,1.25,0.9,1,0
939,62,station_25,25,66.178,0.9,0.666,1,0
939,62,station_28,28,10.43,0.9,0.755,1,1
940,58,outside,0,0.0,0.0,0.0,0,1
940,58,station_8,8,70.988,1.25,0.35,1,0
940,58,station_19,19,46.308,1.25,0.9,1,0
940,58,station_25,25,35.817,0.9,0.666,1,0
940,58,station_28,28,89.487,0.9,0.755,1,0
941,10,outside,0,0.0,0.0,0.0,0,1
941,10,station_8,8,39.742,1.25,0.35,1,0
941,10,station_19,19,76.751,1.25,0.9,1,0
941,10,station_25,25,67.733,0.9,0.666,1,0
941,10,station_28,28,52.375,0.9,0.755,1,0
942,7,outside,0,0.0,0.0,0.0,0,1
942,7,station_8,8,85.244,1.25,0.35,1,0
942,7,station_19,19,55.162,1.25,0.9,1,0
942,7,station_25,25,37.637,0.9,0.666,1,0
942,7,station_28,28,98.08,0.9,0.755,1,0
943,38,outside,0,0.0,0.0,0.0,0,1
943,38,station_8,8,122.799,1.25,0.35,1,0
943,38,station_19,19,142.992,1.25,0.9,1,0
943,38,station_25,25,75.759,0.9,0.666,1,0
943,38,station_28,28,32.057,0.9,0.755,1,0
944,18,outside,0,0.0,0.0,0.0,0,1
944,18,station_8,8,57.722,1.25,0.35,1,0
944,18,station_19,19,85.165,1.25,0.9,1,0
944,18,station_25,25,54.276,0.9,0.666,1,0
944,18,station_28,28,34.63,0.9,0.755,1,0
945,35,outside,0,0.0,0.0,0.0,0,0
945,35,station_8,8,5.157,1.25,0.35,1,1
945,35,station_19,19,56.506,1.25,0.9,1,0
945,35,station_25,25,92.499,0.9,0.666,1,0
945,35,station_28,28,94.18,0.9,0.755,1,0
946,24,outside,0,0.0,0.0,0.0,0,1
946,24,station_8,8,59.502,1.25,0.35,1,0
946,24,station_19,19,71.183,1.25,0.9,1,0
946,24,station_25,25,33.7,0.9,0.666,1,0
946,24,station_28,28,47.589,0.9,0.755,1,0
947,13,outside,0,0.0,0.0,0.0,0,1
947,13,station_8,8,26.846,1.25,0.35,1,0
947,13,station_19,19,29.228,1.25,0.9,1,0
947,13,station_25,25,89.473,0.9,0.666,1,0
947,13,station_28,28,110.088,0.9,0.755,1,0
948,50,outside,0,0.0,0.0,0.0,0,0
948,50,station_8,8,75.498,1.25,0.35,1,0
948,50,station_19,19,77.73,1.25,0.9,1,0
948,50,station_25,25,16.997,0.9,0.666,1,1
948,50,station_28,28,50.967,0.9,0.755,1,0
949,78,outside,0,0.0,0.0,0.0,0,1
949,78,station_8,8,85.507,1.25,0.35,1,0
949,78,station_19,19,51.361,1.25,0.9,1,0
949,78,station_25,25,44.406,0.9,0.666,1,0
949,78,station_28,28,104.032,0.9,0.755,1,0
950,17,outside,0,0.0,0.0,0.0,0,1
950,17,station_8,8,63.784,1.25,0.35,1,0
950,17,station_19,19,70.418,1.25,0.9,1,0
950,17,station_25,25,27.153,0.9,0.666,1,0
950,17,station_28,28,50.824,0.9,0.755,1,0
951,47,outside,0,0.0,0.0,0.0,0,1
951,47,station_8,8,69.469,1.25,0.35,1,0
951,47,station_19,19,26.159,1.25,0.9,1,0
951,47,station_25,25,62.253,0.9,0.666,1,0
951,47,station_28,28,112.087,0.9,0.755,1,0
952,5,outside,0,0.0,0.0,0.0,0,1
952,5,station_8,8,100.125,1.25,0.35,1,0
952,5,station_19,19,116.708,1.25,0.9,1,0
952,5,station_25,25,51.061,0.9,0.666,1,0
952,5,station_28,28,20.857,0.9,0.755,1,0
953,22,outside,0,0.0,0.0,0.0,0,0
953,22,station_8,8,75.15,1.25,0.35,1,0
953,22,station_19,19,59.51,1.25,0.9,1,0
953,22,station_25,25,21.007,0.9,0.666,1,1
953,22,station_28,28,77.226,0.9,0.755,1,0
954,22,outside,0,0.0,0.0,0.0,0,1
954,22,station_8,8,75.15,1.25,0.35,1,0
954,22,station_19,19,59.51,1.25,0.9,1,0
954,22,station_25,25,21.007,0.9,0.666,1,0
954,22,station_28,28,77.226,0.9,0.755,1,0
955,58,outside,0,0.0,0.0,0.0,0,1
955,58,station_8,8,70.988,1.25,0.35,1,0
955,58,station_19,19,46.308,1.25,0.9,1,0
955,58,station_25,25,35.817,0.9,0.666,1,0
955,58,station_28,28,89.487,0.9,0.755,1,0
956,40,outside,0,0.0,0.0,0.0,0,1
956,40,station_8,8,50.28,1.25,0.35,1,0
956,40,station_19,19,63.179,1.25,0.9,1,0
956,40,station_25,25,39.841,0.9,0.666,1,0
956,40,station_28,28,54.545,0.9,0.755,1,0
957,77,outside,0,0.0,0.0,0.0,0,1
957,77,station_8,8,15.566,1.25,0.35,1,0
957,77,station_19,19,38.912,1.25,0.9,1,0
957,77,station_25,25,76.359,0.9,0.666,1,0
957,77,station_28,28,90.868,0.9,0.755,1,0
958,28,outside,0,0.0,0.0,0.0,0,1
958,28,station_8,8,45.893,1.25,0.35,1,0
958,28,station_19,19,17.858,1.25,0.9,1,0
958,28,station_25,25,63.65,0.9,0.666,1,0
958,28,station_28,28,100.112,0.9,0.755,1,0
959,23,outside,0,0.0,0.0,0.0,0,0
959,23,station_8,8,90.334,1.25,0.35,1,0
959,23,station_19,19,112.064,1.25,0.9,1,0
959,23,station_25,25,55.093,0.9,0.666,1,0
959,23,station_28,28,9.747,0.9,0.755,1,1
960,58,outside,0,0.0,0.0,0.0,0,1
960,58,station_8,8,70.988,1.25,0.35,1,0
960,58,station_19,19,46.308,1.25,0.9,1,0
960,58,station_25,25,35.817,0.9,0.666,1,0
960,58,station_28,28,89.487,0.9,0.755,1,0
961,55,outside,0,0.0,0.0,0.0,0,1
961,55,station_8,8,70.571,1.25,0.35,1,0
961,55,station_19,19,22.336,1.25,0.9,1,0
961,55,station_25,25,98.744,0.9,0.666,1,0
961,55,station_28,28,139.9,0.9,0.755,1,0
962,37,outside,0,0.0,0.0,0.0,0,1
962,37,station_8,8,68.494,1.25,0.35,1,0
962,37,station_19,19,27.417,1.25,0.9,1,0
962,37,station_25,25,59.272,0.9,0.666,1,0
962,37,station_28,28,109.137,0.9,0.755,1,0
963,50,outside,0,0.0,0.0,0.0,0,0
963,50,station_8,8,75.498,1.25,0.35,1,0
963,50,station_19,19,77.73,1.25,0.9,1,0
963,50,station_25,25,16.997,0.9,0.666,1,1
963,50,station_28,28,50.967,0.9,0.755,1,0
964,40,outside,0,0.0,0.0,0.0,0,1
964,40,station_8,8,50.28,1.25,0.35,1,0
964,40,station_19,19,63.179,1.25,0.9,1,0
964,40,station_25,25,39.841,0.9,0.666,1,0
964,40,station_28,28,54.545,0.9,0.755,1,0
965,19,outside,0,0.0,0.0,0.0,0,1
965,19,station_8,8,135.682,1.25,0.35,1,0
965,19,station_19,19,169.296,1.25,0.9,1,0
965,19,station_25,25,115.78,0.9,0.666,1,0
965,19,station_28,28,53.427,0.9,0.755,1,0
966,22,outside,0,0.0,0.0,0.0,0,0
966,22,station_8,8,75.15,1.25,0.35,1,0
966,22,station_19,19,59.51,1.25,0.9,1,0
966,22,station_25,25,21.007,0.9,0.666,1,1
966,22,station_28,28,77.226,0.9,0.755,1,0
967,14,outside,0,0.0,0.0,0.0,0,1
967,14,station_8,8,69.896,1.25,0.35,1,0
967,14,station_19,19,67.32,1.25,0.9,1,0
967,14,station_25,25,17.838,0.9,0.666,1,0
967,14,station_28,28,60.29,0.9,0.755,1,0
968,76,outside,0,0.0,0.0,0.0,0,1
968,76,station_8,8,84.21,1.25,0.35,1,0
968,76,station_19,19,124.474,1.25,0.9,1,0
968,76,station_25,25,93.218,0.9,0.666,1,0
968,76,station_28,28,36.679,0.9,0.755,1,0
969,2,outside,0,0.0,0.0,0.0,0,0
969,2,station_8,8,4.679,1.25,0.35,1,1
969,2,station_19,19,57.165,1.25,0.9,1,0
969,2,station_25,25,90.696,0.9,0.666,1,0
969,2,station_28,28,91.632,0.9,0.755,1,0
970,27,outside,0,0.0,0.0,0.0,0,1
970,27,station_8,8,83.882,1.25,0.35,1,0
970,27,station_19,19,95.907,1.25,0.9,1,0
970,27,station_25,25,33.242,0.9,0.666,1,0
970,27,station_28,28,31.308,0.9,0.755,1,0
971,1,outside,0,0.0,0.0,0.0,0,1
971,1,station_8,8,70.31,1.25,0.35,1,0
971,1,station_19,19,20.578,1.25,0.9,1,0
971,1,station_25,25,73.376,0.9,0.666,1,0
971,1,station_28,28,121.38,0.9,0.755,1,0
972,7,outside,0,0.0,0.0,0.0,0,1
972,7,station_8,8,85.244,1.25,0.35,1,0
972,7,station_19,19,55.162,1.25,0.9,1,0
972,7,station_25,25,37.637,0.9,0.666,1,0
972,7,station_28,28,98.08,0.9,0.755,1,0
973,16,outside,0,0.0,0.0,0.0,0,1
973,16,station_8,8,76.931,1.25,0.35,1,0
973,16,station_19,19,80.887,1.25,0.9,1,0
973,16,station_25,25,18.805,0.9,0.666,1,0
973,16,station_28,28,47.707,0.9,0.755,1,0
974,31,outside,0,0.0,0.0,0.0,0,1
974,31,station_8,8,78.215,1.25,0.35,1,0
974,31,station_19,19,113.719,1.25,0.9,1,0
974,31,station_25,25,77.83,0.9,0.666,1,0
974,31,station_28,28,24.111,0.9,0.755,1,0
975,17,outside,0,0.0,0.0,0.0,0,1
975,17,station_8,8,63.784,1.25,0.35,1,0
975,17,station_19,19,70.418,1.25,0.9,1,0
975,17,station_25,25,27.153,0.9,0.666,1,0
975,17,station_28,28,50.824,0.9,0.755,1,0
976,74,outside,0,0.0,0.0,0.0,0,1
976,74,station_8,8,32.229,1.25,0.35,1,0
976,74,station_19,19,75.711,1.25,0.9,1,0
976,74,station_25,25,77.248,0.9,0.666,1,0
976,74,station_28,28,62.103,0.9,0.755,1,0
977,63,outside,0,0.0,0.0,0.0,0,1
977,63,station_8,8,30.308,1.25,0.35,1,0
977,63,station_19,19,74.577,1.25,0.9,1,0
977,63,station_25,25,78.28,0.9,0.666,1,0
977,63,station_28,28,64.16,0.9,0.755,1,0
978,57,outside,0,0.0,0.0,0.0,0,1
978,57,station_8,8,83.823,1.25,0.35,1,0
978,57,station_19,19,81.369,1.25,0.9,1,0
978,57,station_25,25,8.476,0.9,0.666,1,0
978,57,station_28,28,56.282,0.9,0.755,1,0
979,17,outside,0,0.0,0.0,0.0,0,0
979,17,station_8,8,63.784,1.25,0.35,1,0
979,17,station_19,19,70.418,1.25,0.9,1,0
979,17,station_25,25,27.153,0.9,0.666,1,1
979,17,station_28,28,50.824,0.9,0.755,1,0
980,31,outside,0,0.0,0.0,0.0,0,1
980,31,station_8,8,78.215,1.25,0.35,1,0
980,31,station_19,19,113.719,1.25,0.9,1,0
980,31,station_25,25,77.83,0.9,0.666,1,0
980,31,station_28,28,24.111,0.9,0.755,1,0
981,24,outside,0,0.0,0.0,0.0,0,1
981,24,station_8,8,59.502,1.25,0.35,1,0
981,24,station_19,19,71.183,1.25,0.9,1,0
981,24,station_25,25,33.7,0.9,0.666,1,0
981,24,station_28,28,47.589,0.9,0.755,1,0
982,18,outside,0,0.0,0.0,0.0,0,0
982,18,station_8,8,57.722,1.25,0.35,1,0
982,18,station_19,19,85.165,1.25,0.9,1,0
982,18,station_25,25,54.276,0.9,0.666,1,0
982,18,station_28,28,34.63,0.9,0.755,1,1
983,18,outside,0,0.0,0.0,0.0,0,1
983,18,station_8,8,57.722,1.25,0.35,1,0
983,18,station_19,19,85.165,1.25,0.9,1,0
983,18,station_25,25,54.276,0.9,0.666,1,0
983,18,station_28,28,34.63,0.9,0.755,1,0
984,1,outside,0,0.0,0.0,0.0,0,1
984,1,station_8,8,70.31,1.25,0.35,1,0
984,1,station_19,19,20.578,1.25,0.9,1,0
984,1,station_25,25,73.376,0.9,0.666,1,0
984,1,station_28,28,121.38,0.9,0.755,1,0
985,62,outside,0,0.0,0.0,0.0,0,0
985,62,station_8,8,101.631,1.25,0.35,1,0
985,62,station_19,19,125.187,1.25,0.9,1,0
985,62,station_25,25,66.178,0.9,0.666,1,0
985,62,station_28,28,10.43,0.9,0.755,1,1
986,55,outside,0,0.0,0.0,0.0,0,1
986,55,station_8,8,70.571,1.25,0.35,1,0
986,55,station_19,19,22.336,1.25,0.9,1,0
986,55,station_25,25,98.744,0.9,0.666,1,0
986,55,station_28,28,139.9,0.9,0.755,1,0
987,15,outside,0,0.0,0.0,0.0,0,1
987,15,station_8,8,76.282,1.25,0.35,1,0
987,15,station_19,19,40.814,1.25,0.9,1,0
987,15,station_25,25,48.434,0.9,0.666,1,0
987,15,station_28,28,103.654,0.9,0.755,1,0
988,35,outside,0,0.0,0.0,0.0,0,1
988,35,station_8,8,5.157,1.25,0.35,1,0
988,35,station_19,19,56.506,1.25,0.9,1,0
988,35,station_25,25,92.499,0.9,0.666,1,0
988,35,station_28,28,94.18,0.9,0.755,1,0
989,16,outside,0,0.0,0.0,0.0,0,1
989,16,station_8,8,76.931,1.25,0.35,1,0
989,16,station_19,19,80.887,1.25,0.9,1,0
989,16,station_25,25,18.805,0.9,0.666,1,0
989,16,station_28,28,47.707,0.9,0.755,1,0
990,43,outside,0,0.0,0.0,0.0,0,1
990,43,station_8,8,108.193,1.25,0.35,1,0
990,43,station_19,19,120.051,1.25,0.9,1,0
990,43,station_25,25,48.125,0.9,0.666,1,0
990,43,station_28,28,32.62,0.9,0.755,1,0
991,62,outside,0,0.0,0.0,0.0,0,0
991,62,station_8,8,101.631,1.25,0.35,1,0
991,62,station_19,19,125.187,1.25,0.9,1,0
991,62,station_25,25,66.178,0.9,0.666,1,0
991,62,station_28,28,10.43,0.9,0.755,1,1
992,22,outside,0,0.0,0.0,0.0,0,1
992,22,station_8,8,75.15,1.25,0.35,1,0
992,22,station_19,19,59.51,1.25,0.9,1,0
992,22,station_25,25,21.007,0.9,0.666,1,0
992,22,station_28,28,77.226,0.9,0.755,1,0
993,50,outside,0,0.0,0.0,0.0,0,1
993,50,station_8,8,75.498,1.25,0.35,1,0
993,50,station_19,19,77.73,1.25,0.9,1,0
993,50,station_25,25,16.997,0.9,0.666,1,0
993,50,station_28,28,50.967,0.9,0.755,1,0
994,59,outside,0,0.0,0.0,0.0,0,1
994,59,station_8,8,101.758,1.25,0.35,1,0
994,59,station_19,19,111.107,1.25,0.9,1,0
994,59,station_25,25,38.654,0.9,0.666,1,0
994,59,station_28,28,35.203,0.9,0.755,1,0
995,55,outside,0,0.0,0.0,0.0,0,1
995,55,station_8,8,70.571,1.25,0.35,1,0
995,55,station_19,19,22.336,1.25,0.9,1,0
995,55,station_25,25,98.744,0.9,0.666,1,0
995,55,station_28,28,139.9,0.9,0.755,1,0
996,23,outside,0,0.0,0.0,0.0,0,1
996,23,station_8,8,90.334,1.25,0.35,1,0
996,23,station_19,19,112.064,1.25,0.9,1,0
996,23,station_25,25,55.093,0.9,0.666,1,0
996,23,station_28,28,9.747,0.9,0.755,1,0
997,56,outside,0,0.0,0.0,0.0,0,1
997,56,station_8,8,65.404,1.25,0.35,1,0
997,56,station_19,19,111.818,1.25,0.9,1,0
997,56,station_25,25,98.529,0.9,0.666,1,0
997,56,station_28,28,55.292,0.9,0.755,1,0
998,72,outside,0,0.0,0.0,0.0,0,0
998,72,station_8,8,108.042,1.25,0.35,1,0
998,72,station_19,19,129.488,1.25,0.9,1,0
998,72,station_25,25,66.488,0.9,0.666,1,0
998,72,station_28,28,17.792,0.9,0.755,1,1
999,63,outside,0,0.0,0.0,0.0,0,1
999,63,station_8,8,30.308,1.25,0.35,1,0
999,63,station_19,19,74.577,1.25,0.9,1,0
999,63,station_25,25,78.28,0.9,0.666,1,0
999,63,station_28,28,64.16,0.9,0.755,1,0
1000,35,outside,0,0.0,0.0,0.0,0,0
1000,35,station_8,8,5.157,1.25,0.35,1,1
1000,35,station_19,19,56.506,1.25,0.9,1,0
1000,35,station_25,25,92.499,0.9,0.666,1,0
1000,35,station_28,28,94.18,0.9,0.755,1,0
1001,77,outside,0,0.0,0.0,0.0,0,1
1001,77,station_8,8,15.566,1.25,0.35,1,0
1001,77,station_19,19,38.912,1.25,0.9,1,0
1001,77,station_25,25,76.359,0.9,0.666,1,0
1001,77,station_28,28,90.868,0.9,0.755,1,0
1002,6,outside,0,0.0,0.0,0.0,0,1
1002,6,station_8,8,98.145,1.25,0.35,1,0
1002,6,station_19,19,113.947,1.25,0.9,1,0
1002,6,station_25,25,48.196,0.9,0.666,1,0
1002,6,station_28,28,21.955,0.9,0.755,1,0
1003,4,outside,0,0.0,0.0,0.0,0,1
1003,4,station_8,8,123.283,1.25,0.35,1,0
1003,4,station_19,19,160.772,1.25,0.9,1,0
1003,4,station_25,25,115.162,0.9,0.666,1,0
1003,4,station_28,28,50.64,0.9,0.755,1,0
1004,80,outside,0,0.0,0.0,0.0,0,1
1004,80,station_8,8,79.716,1.25,0.35,1,0
1004,80,station_19,19,50.2,1.25,0.9,1,0
1004,80,station_25,25,38.164,0.9,0.666,1,0
1004,80,station_28,28,96.269,0.9,0.755,1,0
1005,46,outside,0,0.0,0.0,0.0,0,1
1005,46,station_8,8,50.091,1.25,0.35,1,0
1005,46,station_19,19,85.489,1.25,0.9,1,0
1005,46,station_25,25,66.439,0.9,0.666,1,0
1005,46,station_28,28,42.432,0.9,0.755,1,0
1006,40,outside,0,0.0,0.0,0.0,0,1
1006,40,station_8,8,50.28,1.25,0.35,1,0
1006,40,station_19,19,63.179,1.25,0.9,1,0
1006,40,station_25,25,39.841,0.9,0.666,1,0
1006,40,station_28,28,54.545,0.9,0.755,1,0
1007,50,outside,0,0.0,0.0,0.0,0,1
1007,50,station_8,8,75.498,1.25,0.35,1,0
1007,50,station_19,19,77.73,1.25,0.9,1,0
1007,50,station_25,25,16.997,0.9,0.666,1,0
1007,50,station_28,28,50.967,0.9,0.755,1,0
1008,14,outside,0,0.0,0.0,0.0,0,1
1008,14,station_8,8,69.896,1.25,0.35,1,0
1008,14,station_19,19,67.32,1.25,0.9,1,0
1008,14,station_25,25,17.838,0.9,0.666,1,0
1008,14,station_28,28,60.29,0.9,0.755,1,0
1009,64,outside,0,0.0,0.0,0.0,0,0
1009,64,station_8,8,88.473,1.25,0.35,1,0
1009,64,station_19,19,113.427,1.25,0.9,1,0
1009,64,station_25,25,60.627,0.9,0.666,1,0
1009,64,station_28,28,4.372,0.9,0.755,1,1
1010,2,outside,0,0.0,0.0,0.0,0,0
1010,2,station_8,8,4.679,1.25,0.35,1,1
1010,2,station_19,19,57.165,1.25,0.9,1,0
1010,2,station_25,25,90.696,0.9,0.666,1,0
1010,2,station_28,28,91.632,0.9,0.755,1,0
1011,78,outside,0,0.0,0.0,0.0,0,1
1011,78,station_8,8,85.507,1.25,0.35,1,0
1011,78,station_19,19,51.361,1.25,0.9,1,0
1011,78,station_25,25,44.406,0.9,0.666,1,0
1011,78,station_28,28,104.032,0.9,0.755,1,0
1012,33,outside,0,0.0,0.0,0.0,0,1
1012,33,station_8,8,102.404,1.25,0.35,1,0
1012,33,station_19,19,53.528,1.25,0.9,1,0
1012,33,station_25,25,79.257,0.9,0.666,1,0
1012,33,station_28,28,138.237,0.9,0.755,1,0
1013,43,outside,0,0.0,0.0,0.0,0,1
1013,43,station_8,8,108.193,1.25,0.35,1,0
1013,43,station_19,19,120.051,1.25,0.9,1,0
1013,43,station_25,25,48.125,0.9,0.666,1,0
1013,43,station_28,28,32.62,0.9,0.755,1,0
1014,29,outside,0,0.0,0.0,0.0,0,1
1014,29,station_8,8,90.575,1.25,0.35,1,0
1014,29,station_19,19,126.377,1.25,0.9,1,0
1014,29,station_25,25,86.174,0.9,0.666,1,0
1014,29,station_28,28,24.94,0.9,0.755,1,0
1015,78,outside,0,0.0,0.0,0.0,0,1
1015,78,station_8,8,85.507,1.25,0.35,1,0
1015,78,station_19,19,51.361,1.25,0.9,1,0
1015,78,station_25,25,44.406,0.9,0.666,1,0
1015,78,station_28,28,104.032,0.9,0.755,1,0
1016,13,outside,0,0.0,0.0,0.0,0,1
1016,13,station_8,8,26.846,1.25,0.35,1,0
1016,13,station_19,19,29.228,1.25,0.9,1,0
1016,13,station_25,25,89.473,0.9,0.666,1,0
1016,13,station_28,28,110.088,0.9,0.755,1,0
1017,76,outside,0,0.0,0.0,0.0,0,1
1017,76,station_8,8,84.21,1.25,0.35,1,0
1017,76,station_19,19,124.474,1.25,0.9,1,0
1017,76,station_25,25,93.218,0.9,0.666,1,0
1017,76,station_28,28,36.679,0.9,0.755,1,0
1018,53,outside,0,0.0,0.0,0.0,0,1
1018,53,station_8,8,107.748,1.25,0.35,1,0
1018,53,station_19,19,153.115,1.25,0.9,1,0
1018,53,station_25,25,125.618,0.9,0.666,1,0
1018,53,station_28,28,65.388,0.9,0.755,1,0
1019,57,outside,0,0.0,0.0,0.0,0,0
1019,57,station_8,8,83.823,1.25,0.35,1,0
1019,57,station_19,19,81.369,1.25,0.9,1,0
1019,57,station_25,25,8.476,0.9,0.666,1,1
1019,57,station_28,28,56.282,0.9,0.755,1,0
1020,15,outside,0,0.0,0.0,0.0,0,1
1020,15,station_8,8,76.282,1.25,0.35,1,0
1020,15,station_19,19,40.814,1.25,0.9,1,0
1020,15,station_25,25,48.434,0.9,0.666,1,0
1020,15,station_28,28,103.654,0.9,0.755,1,0
1021,24,outside,0,0.0,0.0,0.0,0,1
1021,24,station_8,8,59.502,1.25,0.35,1,0
1021,24,station_19,19,71.183,1.25,0.9,1,0
1021,24,station_25,25,33.7,0.9,0.666,1,0
1021,24,station_28,28,47.589,0.9,0.755,1,0
1022,22,outside,0,0.0,0.0,0.0,0,1
1022,22,station_8,8,75.15,1.25,0.35,1,0
1022,22,station_19,19,59.51,1.25,0.9,1,0
1022,22,station_25,25,21.007,0.9,0.666,1,0
1022,22,station_28,28,77.226,0.9,0.755,1,0
1023,13,outside,0,0.0,0.0,0.0,0,1
1023,13,station_8,8,26.846,1.25,0.35,1,0
1023,13,station_19,19,29.228,1.25,0.9,1,0
1023,13,station_25,25,89.473,0.9,0.666,1,0
1023,13,station_28,28,110.088,0.9,0.755,1,0
1024,42,outside,0,0.0,0.0,0.0,0,1
1024,42,station_8,8,67.43,1.25,0.35,1,0
1024,42,station_19,19,14.888,1.25,0.9,1,0
1024,42,station_25,25,85.138,0.9,0.666,1,0
1024,42,station_28,28,128.906,0.9,0.755,1,0
1025,73,outside,0,0.0,0.0,0.0,0,1
1025,73,station_8,8,135.206,1.25,0.35,1,0
1025,73,station_19,19,154.215,1.25,0.9,1,0
1025,73,station_25,25,84.187,0.9,0.666,1,0
1025,73,station_28,28,44.458,0.9,0.755,1,0
1026,68,outside,0,0.0,0.0,0.0,0,1
1026,68,station_8,8,30.047,1.25,0.35,1,0
1026,68,station_19,19,72.698,1.25,0.9,1,0
1026,68,station_25,25,75.575,0.9,0.666,1,0
1026,68,station_28,28,63.183,0.9,0.755,1,0
1027,64,outside,0,0.0,0.0,0.0,0,1
1027,64,station_8,8,88.473,1.25,0.35,1,0
1027,64,station_19,19,113.427,1.25,0.9,1,0
1027,64,station_25,25,60.627,0.9,0.666,1,0
1027,64,station_28,28,4.372,0.9,0.755,1,0
1028,31,outside,0,0.0,0.0,0.0,0,1
1028,31,station_8,8,78.215,1.25,0.35,1,0
1028,31,station_19,19,113.719,1.25,0.9,1,0
1028,31,station_25,25,77.83,0.9,0.666,1,0
1028,31,station_28,28,24.111,0.9,0.755,1,0
1029,8,outside,0,0.0,0.0,0.0,0,1
1029,8,station_8,8,4.571,1.25,0.35,1,0
1029,8,station_19,19,49.873,1.25,0.9,1,0
1029,8,station_25,25,83.221,0.9,0.666,1,0
1029,8,station_28,28,89.191,0.9,0.755,1,0
1030,16,outside,0,0.0,0.0,0.0,0,1
1030,16,station_8,8,76.931,1.25,0.35,1,0
1030,16,station_19,19,80.887,1.25,0.9,1,0
1030,16,station_25,25,18.805,0.9,0.666,1,0
1030,16,station_28,28,47.707,0.9,0.755,1,0
1031,30,outside,0,0.0,0.0,0.0,0,1
1031,30,station_8,8,143.851,1.25,0.35,1,0
1031,30,station_19,19,166.198,1.25,0.9,1,0
1031,30,station_25,25,98.299,0.9,0.666,1,0
1031,30,station_28,28,52.084,0.9,0.755,1,0
1032,76,outside,0,0.0,0.0,0.0,0,1
1032,76,station_8,8,84.21,1.25,0.35,1,0
1032,76,station_19,19,124.474,1.25,0.9,1,0
1032,76,station_25,25,93.218,0.9,0.666,1,0
1032,76,station_28,28,36.679,0.9,0.755,1,0
1033,28,outside,0,0.0,0.0,0.0,0,0
1033,28,station_8,8,45.893,1.25,0.35,1,0
1033,28,station_19,19,17.858,1.25,0.9,1,1
1033,28,station_25,25,63.65,0.9,0.666,1,0
1033,28,station_28,28,100.112,0.9,0.755,1,0
1034,40,outside,0,0.0,0.0,0.0,0,0
1034,40,station_8,8,50.28,1.25,0.35,1,0
1034,40,station_19,19,63.179,1.25,0.9,1,0
1034,40,station_25,25,39.841,0.9,0.666,1,1
1034,40,station_28,28,54.545,0.9,0.755,1,0
1035,74,outside,0,0.0,0.0,0.0,0,1
1035,74,station_8,8,32.229,1.25,0.35,1,0
1035,74,station_19,19,75.711,1.25,0.9,1,0
1035,74,station_25,25,77.248,0.9,0.666,1,0
1035,74,station_28,28,62.103,0.9,0.755,1,0
1036,52,outside,0,0.0,0.0,0.0,0,1
1036,52,station_8,8,87.473,1.25,0.35,1,0
1036,52,station_19,19,129.185,1.25,0.9,1,0
1036,52,station_25,25,99.326,0.9,0.666,1,0
1036,52,station_28,28,42.06,0.9,0.755,1,0
1037,14,outside,0,0.0,0.0,0.0,0,1
1037,14,station_8,8,69.896,1.25,0.35,1,0
1037,14,station_19,19,67.32,1.25,0.9,1,0
1037,14,station_25,25,17.838,0.9,0.666,1,0
1037,14,station_28,28,60.29,0.9,0.755,1,0
1038,50,outside,0,0.0,0.0,0.0,0,0
1038,50,station_8,8,75.498,1.25,0.35,1,0
1038,50,station_19,19,77.73,1.25,0.9,1,0
1038,50,station_25,25,16.997,0.9,0.666,1,1
1038,50,station_28,28,50.967,0.9,0.755,1,0
1039,10,outside,0,0.0,0.0,0.0,0,1
1039,10,station_8,8,39.742,1.25,0.35,1,0
1039,10,station_19,19,76.751,1.25,0.9,1,0
1039,10,station_25,25,67.733,0.9,0.666,1,0
1039,10,station_28,28,52.375,0.9,0.755,1,0
1040,27,outside,0,0.0,0.0,0.0,0,1
1040,27,station_8,8,83.882,1.25,0.35,1,0
1040,27,station_19,19,95.907,1.25,0.9,1,0
1040,27,station_25,25,33.242,0.9,0.666,1,0
1040,27,station_28,28,31.308,0.9,0.755,1,0
1041,25,outside,0,0.0,0.0,0.0,0,1
1041,25,station_8,8,71.642,1.25,0.35,1,0
1041,25,station_19,19,19.049,1.25,0.9,1,0
1041,25,station_25,25,85.268,0.9,0.666,1,0
1041,25,station_28,28,130.958,0.9,0.755,1,0
1042,4,outside,0,0.0,0.0,0.0,0,1
1042,4,station_8,8,123.283,1.25,0.35,1,0
1042,4,station_19,19,160.772,1.25,0.9,1,0
1042,4,station_25,25,115.162,0.9,0.666,1,0
1042,4,station_28,28,50.64,0.9,0.755,1,0
1043,27,outside,0,0.0,0.0,0.0,0,1
1043,27,station_8,8,83.882,1.25,0.35,1,0
1043,27,station_19,19,95.907,1.25,0.9,1,0
1043,27,station_25,25,33.242,0.9,0.666,1,0
1043,27,station_28,28,31.308,0.9,0.755,1,0
1044,59,outside,0,0.0,0.0,0.0,0,1
1044,59,station_8,8,101.758,1.25,0.35,1,0
1044,59,station_19,19,111.107,1.25,0.9,1,0
1044,59,station_25,25,38.654,0.9,0.666,1,0
1044,59,station_28,28,35.203,0.9,0.755,1,0
1045,77,outside,0,0.0,0.0,0.0,0,1
1045,77,station_8,8,15.566,1.25,0.35,1,0
1045,77,station_19,19,38.912,1.25,0.9,1,0
1045,77,station_25,25,76.359,0.9,0.666,1,0
1045,77,station_28,28,90.868,0.9,0.755,1,0
1046,80,outside,0,0.0,0.0,0.0,0,1
1046,80,station_8,8,79.716,1.25,0.35,1,0
1046,80,station_19,19,50.2,1.25,0.9,1,0
1046,80,station_25,25,38.164,0.9,0.666,1,0
1046,80,station_28,28,96.269,0.9,0.755,1,0
1047,23,outside,0,0.0,0.0,0.0,0,1
1047,23,station_8,8,90.334,1.25,0.35,1,0
1047,23,station_19,19,112.064,1.25,0.9,1,0
1047,23,station_25,25,55.093,0.9,0.666,1,0
1047,23,station_28,28,9.747,0.9,0.755,1,0
1048,31,outside,0,0.0,0.0,0.0,0,1
1048,31,station_8,8,78.215,1.25,0.35,1,0
1048,31,station_19,19,113.719,1.25,0.9,1,0
1048,31,station_25,25,77.83,0.9,0.666,1,0
1048,31,station_28,28,24.111,0.9,0.755,1,0
1049,6,outside,0,0.0,0.0,0.0,0,1
1049,6,station_8,8,98.145,1.25,0.35,1,0
1049,6,station_19,19,113.947,1.25,0.9,1,0
1049,6,station_25,25,48.196,0.9,0.666,1,0
1049,6,station_28,28,21.955,0.9,0.755,1,0
1050,16,outside,0,0.0,0.0,0.0,0,0
1050,16,station_8,8,76.931,1.25,0.35,1,0
1050,16,station_19,19,80.887,1.25,0.9,1,0
1050,16,station_25,25,18.805,0.9,0.666,1,1
1050,16,station_28,28,47.707,0.9,0.755,1,0
1051,57,outside,0,0.0,0.0,0.0,0,0
1051,57,station_8,8,83.823,1.25,0.35,1,0
1051,57,station_19,19,81.369,1.25,0.9,1,0
1051,57,station_25,25,8.476,0.9,0.666,1,1
1051,57,station_28,28,56.282,0.9,0.755,1,0
1052,64,outside,0,0.0,0.0,0.0,0,0
1052,64,station_8,8,88.473,1.25,0.35,1,0
1052,64,station_19,19,113.427,1.25,0.9,1,0
1052,64,station_25,25,60.627,0.9,0.666,1,0
1052,64,station_28,28,4.372,0.9,0.755,1,1
1053,77,outside,0,0.0,0.0,0.0,0,0
1053,77,station_8,8,15.566,1.25,0.35,1,1
1053,77,station_19,19,38.912,1.25,0.9,1,0
1053,77,station_25,25,76.359,0.9,0.666,1,0
1053,77,station_28,28,90.868,0.9,0.755,1,0
1054,28,outside,0,0.0,0.0,0.0,0,1
1054,28,station_8,8,45.893,1.25,0.35,1,0
1054,28,station_19,19,17.858,1.25,0.9,1,0
1054,28,station_25,25,63.65,0.9,0.666,1,0
1054,28,station_28,28,100.112,0.9,0.755,1,0
1055,28,outside,0,0.0,0.0,0.0,0,1
1055,28,station_8,8,45.893,1.25,0.35,1,0
1055,28,station_19,19,17.858,1.25,0.9,1,0
1055,28,station_25,25,63.65,0.9,0.666,1,0
1055,28,station_28,28,100.112,0.9,0.755,1,0
1056,7,outside,0,0.0,0.0,0.0,0,1
1056,7,station_8,8,85.244,1.25,0.35,1,0
1056,7,station_19,19,55.162,1.25,0.9,1,0
1056,7,station_25,25,37.637,0.9,0.666,1,0
1056,7,station_28,28,98.08,0.9,0.755,1,0
1057,16,outside,0,0.0,0.0,0.0,0,1
1057,16,station_8,8,76.931,1.25,0.35,1,0
1057,16,station_19,19,80.887,1.25,0.9,1,0
1057,16,station_25,25,18.805,0.9,0.666,1,0
1057,16,station_28,28,47.707,0.9,0.755,1,0
1058,2,outside,0,0.0,0.0,0.0,0,0
1058,2,station_8,8,4.679,1.25,0.35,1,1
1058,2,station_19,19,57.165,1.25,0.9,1,0
1058,2,station_25,25,90.696,0.9,0.666,1,0
1058,2,station_28,28,91.632,0.9,0.755,1,0
1059,41,outside,0,0.0,0.0,0.0,0,1
1059,41,station_8,8,84.6,1.25,0.35,1,0
1059,41,station_19,19,44.709,1.25,0.9,1,0
1059,41,station_25,25,54.471,0.9,0.666,1,0
1059,41,station_28,28,112.197,0.9,0.755,1,0
1060,7,outside,0,0.0,0.0,0.0,0,1
1060,7,station_8,8,85.244,1.25,0.35,1,0
1060,7,station_19,19,55.162,1.25,0.9,1,0
1060,7,station_25,25,37.637,0.9,0.666,1,0
1060,7,station_28,28,98.08,0.9,0.755,1,0
1061,59,outside,0,0.0,0.0,0.0,0,0
1061,59,station_8,8,101.758,1.25,0.35,1,0
1061,59,station_19,19,111.107,1.25,0.9,1,0
1061,59,station_25,25,38.654,0.9,0.666,1,0
1061,59,station_28,28,35.203,0.9,0.755,1,1
1062,2,outside,0,0.0,0.0,0.0,0,1
1062,2,station_8,8,4.679,1.25,0.35,1,0
1062,2,station_19,19,57.165,1.25,0.9,1,0
1062,2,station_25,25,90.696,0.9,0.666,1,0
1062,2,station_28,28,91.632,0.9,0.755,1,0
1063,62,outside,0,0.0,0.0,0.0,0,1
1063,62,station_8,8,101.631,1.25,0.35,1,0
1063,62,station_19,19,125.187,1.25,0.9,1,0
1063,62,station_25,25,66.178,0.9,0.666,1,0
1063,62,station_28,28,10.43,0.9,0.755,1,0
1064,40,outside,0,0.0,0.0,0.0,0,1
1064,40,station_8,8,50.28,1.25,0.35,1,0
1064,40,station_19,19,63.179,1.25,0.9,1,0
1064,40,station_25,25,39.841,0.9,0.666,1,0
1064,40,station_28,28,54.545,0.9,0.755,1,0
1065,58,outside,0,0.0,0.0,0.0,0,1
1065,58,station_8,8,70.988,1.25,0.35,1,0
1065,58,station_19,19,46.308,1.25,0.9,1,0
1065,58,station_25,25,35.817,0.9,0.666,1,0
1065,58,station_28,28,89.487,0.9,0.755,1,0
1066,73,outside,0,0.0,0.0,0.0,0,1
1066,73,station_8,8,135.206,1.25,0.35,1,0
1066,73,station_19,19,154.215,1.25,0.9,1,0
1066,73,station_25,25,84.187,0.9,0.666,1,0
1066,73,station_28,28,44.458,0.9,0.755,1,0
1067,31,outside,0,0.0,0.0,0.0,0,1
1067,31,station_8,8,78.215,1.25,0.35,1,0
1067,31,station_19,19,113.719,1.25,0.9,1,0
1067,31,station_25,25,77.83,0.9,0.666,1,0
1067,31,station_28,28,24.111,0.9,0.755,1,0
1068,65,outside,0,0.0,0.0,0.0,0,0
1068,65,station_8,8,95.69,1.25,0.35,1,0
1068,65,station_19,19,118.286,1.25,0.9,1,0
1068,65,station_25,25,60.162,0.9,0.666,1,1
1068,65,station_28,28,7.765,0.9,0.755,1,0
1069,64,outside,0,0.0,0.0,0.0,0,1
1069,64,station_8,8,88.473,1.25,0.35,1,0
1069,64,station_19,19,113.427,1.25,0.9,1,0
1069,64,station_25,25,60.627,0.9,0.666,1,0
1069,64,station_28,28,4.372,0.9,0.755,1,0
1070,29,outside,0,0.0,0.0,0.0,0,1
1070,29,station_8,8,90.575,1.25,0.35,1,0
1070,29,station_19,19,126.377,1.25,0.9,1,0
1070,29,station_25,25,86.174,0.9,0.666,1,0
1070,29,station_28,28,24.94,0.9,0.755,1,0
1071,27,outside,0,0.0,0.0,0.0,0,1
1071,27,station_8,8,83.882,1.25,0.35,1,0
1071,27,station_19,19,95.907,1.25,0.9,1,0
1071,27,station_25,25,33.242,0.9,0.666,1,0
1071,27,station_28,28,31.308,0.9,0.755,1,0
1072,64,outside,0,0.0,0.0,0.0,0,1
1072,64,station_8,8,88.473,1.25,0.35,1,0
1072,64,station_19,19,113.427,1.25,0.9,1,0
1072,64,station_25,25,60.627,0.9,0.666,1,0
1072,64,station_28,28,4.372,0.9,0.755,1,0
1073,30,outside,0,0.0,0.0,0.0,0,1
1073,30,station_8,8,143.851,1.25,0.35,1,0
1073,30,station_19,19,166.198,1.25,0.9,1,0
1073,30,station_25,25,98.299,0.9,0.666,1,0
1073,30,station_28,28,52.084,0.9,0.755,1,0
1074,80,outside,0,0.0,0.0,0.0,0,1
1074,80,station_8,8,79.716,1.25,0.35,1,0
1074,80,station_19,19,50.2,1.25,0.9,1,0
1074,80,station_25,25,38.164,0.9,0.666,1,0
1074,80,station_28,28,96.269,0.9,0.755,1,0
1075,1,outside,0,0.0,0.0,0.0,0,0
1075,1,station_8,8,70.31,1.25,0.35,1,0
1075,1,station_19,19,20.578,1.25,0.9,1,1
1075,1,station_25,25,73.376,0.9,0.666,1,0
1075,1,station_28,28,121.38,0.9,0.755,1,0
1076,43,outside,0,0.0,0.0,0.0,0,1
1076,43,station_8,8,108.193,1.25,0.35,1,0
1076,43,station_19,19,120.051,1.25,0.9,1,0
1076,43,station_25,25,48.125,0.9,0.666,1,0
1076,43,station_28,28,32.62,0.9,0.755,1,0
1077,27,outside,0,0.0,0.0,0.0,0,1
1077,27,station_8,8,83.882,1.25,0.35,1,0
1077,27,station_19,19,95.907,1.25,0.9,1,0
1077,27,station_25,25,33.242,0.9,0.666,1,0
1077,27,station_28,28,31.308,0.9,0.755,1,0
1078,72,outside,0,0.0,0.0,0.0,0,1
1078,72,station_8,8,108.042,1.25,0.35,1,0
1078,72,station_19,19,129.488,1.25,0.9,1,0
1078,72,station_25,25,66.488,0.9,0.666,1,0
1078,72,station_28,28,17.792,0.9,0.755,1,0
1079,18,outside,0,0.0,0.0,0.0,0,0
1079,18,station_8,8,57.722,1.25,0.35,1,0
1079,18,station_19,19,85.165,1.25,0.9,1,0
1079,18,station_25,25,54.276,0.9,0.666,1,0
1079,18,station_28,28,34.63,0.9,0.755,1,1
1080,67,outside,0,0.0,0.0,0.0,0,0
1080,67,station_8,8,75.235,1.25,0.35,1,0
1080,67,station_19,19,63.443,1.25,0.9,1,0
1080,67,station_25,25,16.514,0.9,0.666,1,1
1080,67,station_28,28,71.834,0.9,0.755,1,0
1081,13,outside,0,0.0,0.0,0.0,0,1
1081,13,station_8,8,26.846,1.25,0.35,1,0
1081,13,station_19,19,29.228,1.25,0.9,1,0
1081,13,station_25,25,89.473,0.9,0.666,1,0
1081,13,station_28,28,110.088,0.9,0.755,1,0
1082,50,outside,0,0.0,0.0,0.0,0,1
1082,50,station_8,8,75.498,1.25,0.35,1,0
1082,50,station_19,19,77.73,1.25,0.9,1,0
1082,50,station_25,25,16.997,0.9,0.666,1,0
1082,50,station_28,28,50.967,0.9,0.755,1,0
1083,65,outside,0,0.0,0.0,0.0,0,0
1083,65,station_8,8,95.69,1.25,0.35,1,0
1083,65,station_19,19,118.286,1.25,0.9,1,0
1083,65,station_25,25,60.162,0.9,0.666,1,0
1083,65,station_28,28,7.765,0.9,0.755,1,1
1084,25,outside,0,0.0,0.0,0.0,0,0
1084,25,station_8,8,71.642,1.25,0.35,1,0
1084,25,station_19,19,19.049,1.25,0.9,1,1
1084,25,station_25,25,85.268,0.9,0.666,1,0
1084,25,station_28,28,130.958,0.9,0.755,1,0
1085,36,outside,0,0.0,0.0,0.0,0,1
1085,36,station_8,8,49.761,1.25,0.35,1,0
1085,36,station_19,19,23.538,1.25,0.9,1,0
1085,36,station_25,25,101.025,0.9,0.666,1,0
1085,36,station_28,28,130.581,0.9,0.755,1,0
1086,62,outside,0,0.0,0.0,0.0,0,0
1086,62,station_8,8,101.631,1.25,0.35,1,0
1086,62,station_19,19,125.187,1.25,0.9,1,0
1086,62,station_25,25,66.178,0.9,0.666,1,0
1086,62,station_28,28,10.43,0.9,0.755,1,1
1087,67,outside,0,0.0,0.0,0.0,0,0
1087,67,station_8,8,75.235,1.25,0.35,1,0
1087,67,station_19,19,63.443,1.25,0.9,1,0
1087,67,station_25,25,16.514,0.9,0.666,1,1
1087,67,station_28,28,71.834,0.9,0.755,1,0
1088,79,outside,0,0.0,0.0,0.0,0,1
1088,79,station_8,8,99.13,1.25,0.35,1,0
1088,79,station_19,19,126.347,1.25,0.9,1,0
1088,79,station_25,25,72.25,0.9,0.666,1,0
1088,79,station_28,28,8.805,0.9,0.755,1,0
1089,27,outside,0,0.0,0.0,0.0,0,0
1089,27,station_8,8,83.882,1.25,0.35,1,0
1089,27,station_19,19,95.907,1.25,0.9,1,0
1089,27,station_25,25,33.242,0.9,0.666,1,0
1089,27,station_28,28,31.308,0.9,0.755,1,1
1090,80,outside,0,0.0,0.0,0.0,0,1
1090,80,station_8,8,79.716,1.25,0.35,1,0
1090,80,station_19,19,50.2,1.25,0.9,1,0
1090,80,station_25,25,38.164,0.9,0.666,1,0
1090,80,station_28,28,96.269,0.9,0.755,1,0
1091,58,outside,0,0.0,0.0,0.0,0,1
1091,58,station_8,8,70.988,1.25,0.35,1,0
1091,58,station_19,19,46.308,1.25,0.9,1,0
1091,58,station_25,25,35.817,0.9,0.666,1,0
1091,58,station_28,28,89.487,0.9,0.755,1,0
1092,62,outside,0,0.0,0.0,0.0,0,0
1092,62,station_8,8,101.631,1.25,0.35,1,0
1092,62,station_19,19,125.187,1.25,0.9,1,0
1092,62,station_25,25,66.178,0.9,0.666,1,0
1092,62,station_28,28,10.43,0.9,0.755,1,1
1093,3,outside,0,0.0,0.0,0.0,0,1
1093,3,station_8,8,66.181,1.25,0.35,1,0
1093,3,station_19,19,106.175,1.25,0.9,1,0
1093,3,station_25,25,81.895,0.9,0.666,1,0
1093,3,station_28,28,37.637,0.9,0.755,1,0
1094,51,outside,0,0.0,0.0,0.0,0,1
1094,51,station_8,8,46.117,1.25,0.35,1,0
1094,51,station_19,19,95.044,1.25,0.9,1,0
1094,51,station_25,25,95.245,0.9,0.666,1,0
1094,51,station_28,28,65.741,0.9,0.755,1,0
1095,11,outside,0,0.0,0.0,0.0,0,1
1095,11,station_8,8,138.319,1.25,0.35,1,0
1095,11,station_19,19,158.632,1.25,0.9,1,0
1095,11,station_25,25,89.422,0.9,0.666,1,0
1095,11,station_28,28,46.921,0.9,0.755,1,0
1096,57,outside,0,0.0,0.0,0.0,0,1
1096,57,station_8,8,83.823,1.25,0.35,1,0
1096,57,station_19,19,81.369,1.25,0.9,1,0
1096,57,station_25,25,8.476,0.9,0.666,1,0
1096,57,station_28,28,56.282,0.9,0.755,1,0
1097,12,outside,0,0.0,0.0,0.0,0,1
1097,12,station_8,8,16.711,1.25,0.35,1,0
1097,12,station_19,19,45.818,1.25,0.9,1,0
1097,12,station_25,25,97.417,0.9,0.666,1,0
1097,12,station_28,28,107.888,0.9,0.755,1,0
1098,29,outside,0,0.0,0.0,0.0,0,1
1098,29,station_8,8,90.575,1.25,0.35,1,0
1098,29,station_19,19,126.377,1.25,0.9,1,0
1098,29,station_25,25,86.174,0.9,0.666,1,0
1098,29,station_28,28,24.94,0.9,0.755,1,0
1099,24,outside,0,0.0,0.0,0.0,0,1
1099,24,station_8,8,59.502,1.25,0.35,1,0
1099,24,station_19,19,71.183,1.25,0.9,1,0
1099,24,station_25,25,33.7,0.9,0.666,1,0
1099,24,station_28,28,47.589,0.9,0.755,1,0
1100,40,outside,0,0.0,0.0,0.0,0,1
1100,40,station_8,8,50.28,1.25,0.35,1,0
1100,40,station_19,19,63.179,1.25,0.9,1,0
1100,40,station_25,25,39.841,0.9,0.666,1,0
1100,40,station_28,28,54.545,0.9,0.755,1,0
1101,77,outside,0,0.0,0.0,0.0,0,1
1101,77,station_8,8,15.566,1.25,0.35,1,0
1101,77,station_19,19,38.912,1.25,0.9,1,0
1101,77,station_25,25,76.359,0.9,0.666,1,0
1101,77,station_28,28,90.868,0.9,0.755,1,0
1102,14,outside,0,0.0,0.0,0.0,0,0
1102,14,station_8,8,69.896,1.25,0.35,1,0
1102,14,station_19,19,67.32,1.25,0.9,1,0
1102,14,station_25,25,17.838,0.9,0.666,1,1
1102,14,station_28,28,60.29,0.9,0.755,1,0
1103,16,outside,0,0.0,0.0,0.0,0,1
1103,16,station_8,8,76.931,1.25,0.35,1,0
1103,16,station_19,19,80.887,1.25,0.9,1,0
1103,16,station_25,25,18.805,0.9,0.666,1,0
1103,16,station_28,28,47.707,0.9,0.755,1,0
1104,40,outside,0,0.0,0.0,0.0,0,1
1104,40,station_8,8,50.28,1.25,0.35,1,0
1104,40,station_19,19,63.179,1.25,0.9,1,0
1104,40,station_25,25,39.841,0.9,0.666,1,0
1104,40,station_28,28,54.545,0.9,0.755,1,0
1105,58,outside,0,0.0,0.0,0.0,0,1
1105,58,station_8,8,70.988,1.25,0.35,1,0
1105,58,station_19,19,46.308,1.25,0.9,1,0
1105,58,station_25,25,35.817,0.9,0.666,1,0
1105,58,station_28,28,89.487,0.9,0.755,1,0
1106,14,outside,0,0.0,0.0,0.0,0,0
1106,14,station_8,8,69.896,1.25,0.35,1,0
1106,14,station_19,19,67.32,1.25,0.9,1,0
1106,14,station_25,25,17.838,0.9,0.666,1,1
1106,14,station_28,28,60.29,0.9,0.755,1,0
1107,57,outside,0,0.0,0.0,0.0,0,1
1107,57,station_8,8,83.823,1.25,0.35,1,0
1107,57,station_19,19,81.369,1.25,0.9,1,0
1107,57,station_25,25,8.476,0.9,0.666,1,0
1107,57,station_28,28,56.282,0.9,0.755,1,0
1108,32,outside,0,0.0,0.0,0.0,0,1
1108,32,station_8,8,122.583,1.25,0.35,1,0
1108,32,station_19,19,145.912,1.25,0.9,1,0
1108,32,station_25,25,81.891,0.9,0.666,1,0
1108,32,station_28,28,30.819,0.9,0.755,1,0
1109,74,outside,0,0.0,0.0,0.0,0,1
1109,74,station_8,8,32.229,1.25,0.35,1,0
1109,74,station_19,19,75.711,1.25,0.9,1,0
1109,74,station_25,25,77.248,0.9,0.666,1,0
1109,74,station_28,28,62.103,0.9,0.755,1,0
1110,50,outside,0,0.0,0.0,0.0,0,1
1110,50,station_8,8,75.498,1.25,0.35,1,0
1110,50,station_19,19,77.73,1.25,0.9,1,0
1110,50,station_25,25,16.997,0.9,0.666,1,0
1110,50,station_28,28,50.967,0.9,0.755,1,0
1111,24,outside,0,0.0,0.0,0.0,0,1
1111,24,station_8,8,59.502,1.25,0.35,1,0
1111,24,station_19,19,71.183,1.25,0.9,1,0
1111,24,station_25,25,33.7,0.9,0.666,1,0
1111,24,station_28,28,47.589,0.9,0.755,1,0
1112,41,outside,0,0.0,0.0,0.0,0,1
1112,41,station_8,8,84.6,1.25,0.35,1,0
1112,41,station_19,19,44.709,1.25,0.9,1,0
1112,41,station_25,25,54.471,0.9,0.666,1,0
1112,41,station_28,28,112.197,0.9,0.755,1,0
1113,57,outside,0,0.0,0.0,0.0,0,0
1113,57,station_8,8,83.823,1.25,0.35,1,0
1113,57,station_19,19,81.369,1.25,0.9,1,0
1113,57,station_25,25,8.476,0.9,0.666,1,1
1113,57,station_28,28,56.282,0.9,0.755,1,0
1114,52,outside,0,0.0,0.0,0.0,0,1
1114,52,station_8,8,87.473,1.25,0.35,1,0
1114,52,station_19,19,129.185,1.25,0.9,1,0
1114,52,station_25,25,99.326,0.9,0.666,1,0
1114,52,station_28,28,42.06,0.9,0.755,1,0
1115,4,outside,0,0.0,0.0,0.0,0,1
1115,4,station_8,8,123.283,1.25,0.35,1,0
1115,4,station_19,19,160.772,1.25,0.9,1,0
1115,4,station_25,25,115.162,0.9,0.666,1,0
1115,4,station_28,28,50.64,0.9,0.755,1,0
1116,26,outside,0,0.0,0.0,0.0,0,1
1116,26,station_8,8,81.733,1.25,0.35,1,0
1116,26,station_19,19,123.747,1.25,0.9,1,0
1116,26,station_25,25,96.277,0.9,0.666,1,0
1116,26,station_28,28,41.766,0.9,0.755,1,0
1117,77,outside,0,0.0,0.0,0.0,0,1
1117,77,station_8,8,15.566,1.25,0.35,1,0
1117,77,station_19,19,38.912,1.25,0.9,1,0
1117,77,station_25,25,76.359,0.9,0.666,1,0
1117,77,station_28,28,90.868,0.9,0.755,1,0
1118,50,outside,0,0.0,0.0,0.0,0,0
1118,50,station_8,8,75.498,1.25,0.35,1,0
1118,50,station_19,19,77.73,1.25,0.9,1,0
1118,50,station_25,25,16.997,0.9,0.666,1,1
1118,50,station_28,28,50.967,0.9,0.755,1,0
1119,5,outside,0,0.0,0.0,0.0,0,1
1119,5,station_8,8,100.125,1.25,0.35,1,0
1119,5,station_19,19,116.708,1.25,0.9,1,0
1119,5,station_25,25,51.061,0.9,0.666,1,0
1119,5,station_28,28,20.857,0.9,0.755,1,0
1120,46,outside,0,0.0,0.0,0.0,0,1
1120,46,station_8,8,50.091,1.25,0.35,1,0
1120,46,station_19,19,85.489,1.25,0.9,1,0
1120,46,station_25,25,66.439,0.9,0.666,1,0
1120,46,station_28,28,42.432,0.9,0.755,1,0
1121,41,outside,0,0.0,0.0,0.0,0,1
1121,41,station_8,8,84.6,1.25,0.35,1,0
1121,41,station_19,19,44.709,1.25,0.9,1,0
1121,41,station_25,25,54.471,0.9,0.666,1,0
1121,41,station_28,28,112.197,0.9,0.755,1,0
1122,64,outside,0,0.0,0.0,0.0,0,1
1122,64,station_8,8,88.473,1.25,0.35,1,0
1122,64,station_19,19,113.427,1.25,0.9,1,0
1122,64,station_25,25,60.627,0.9,0.666,1,0
1122,64,station_28,28,4.372,0.9,0.755,1,0
1123,65,outside,0,0.0,0.0,0.0,0,1
1123,65,station_8,8,95.69,1.25,0.35,1,0
1123,65,station_19,19,118.286,1.25,0.9,1,0
1123,65,station_25,25,60.162,0.9,0.666,1,0
1123,65,station_28,28,7.765,0.9,0.755,1,0
1124,78,outside,0,0.0,0.0,0.0,0,1
1124,78,station_8,8,85.507,1.25,0.35,1,0
1124,78,station_19,19,51.361,1.25,0.9,1,0
1124,78,station_25,25,44.406,0.9,0.666,1,0
1124,78,station_28,28,104.032,0.9,0.755,1,0
1125,24,outside,0,0.0,0.0,0.0,0,1
1125,24,station_8,8,59.502,1.25,0.35,1,0
1125,24,station_19,19,71.183,1.25,0.9,1,0
1125,24,station_25,25,33.7,0.9,0.666,1,0
1125,24,station_28,28,47.589,0.9,0.755,1,0
1126,58,outside,0,0.0,0.0,0.0,0,1
1126,58,station_8,8,70.988,1.25,0.35,1,0
1126,58,station_19,19,46.308,1.25,0.9,1,0
1126,58,station_25,25,35.817,0.9,0.666,1,0
1126,58,station_28,28,89.487,0.9,0.755,1,0
1127,6,outside,0,0.0,0.0,0.0,0,1
1127,6,station_8,8,98.145,1.25,0.35,1,0
1127,6,station_19,19,113.947,1.25,0.9,1,0
1127,6,station_25,25,48.196,0.9,0.666,1,0
1127,6,station_28,28,21.955,0.9,0.755,1,0
1128,17,outside,0,0.0,0.0,0.0,0,1
1128,17,station_8,8,63.784,1.25,0.35,1,0
1128,17,station_19,19,70.418,1.25,0.9,1,0
1128,17,station_25,25,27.153,0.9,0.666,1,0
1128,17,station_28,28,50.824,0.9,0.755,1,0
1129,67,outside,0,0.0,0.0,0.0,0,0
1129,67,station_8,8,75.235,1.25,0.35,1,0
1129,67,station_19,19,63.443,1.25,0.9,1,0
1129,67,station_25,25,16.514,0.9,0.666,1,1
1129,67,station_28,28,71.834,0.9,0.755,1,0
1130,45,outside,0,0.0,0.0,0.0,0,0
1130,45,station_8,8,106.32,1.25,0.35,1,0
1130,45,station_19,19,130.298,1.25,0.9,1,0
1130,45,station_25,25,70.449,0.9,0.666,1,0
1130,45,station_28,28,14.633,0.9,0.755,1,1
1131,31,outside,0,0.0,0.0,0.0,0,1
1131,31,station_8,8,78.215,1.25,0.35,1,0
1131,31,station_19,19,113.719,1.25,0.9,1,0
1131,31,station_25,25,77.83,0.9,0.666,1,0
1131,31,station_28,28,24.111,0.9,0.755,1,0
1132,34,outside,0,0.0,0.0,0.0,0,1
1132,34,station_8,8,35.693,1.25,0.35,1,0
1132,34,station_19,19,36.459,1.25,0.9,1,0
1132,34,station_25,25,104.209,0.9,0.666,1,0
1132,34,station_28,28,123.909,0.9,0.755,1,0
1133,18,outside,0,0.0,0.0,0.0,0,1
1133,18,station_8,8,57.722,1.25,0.35,1,0
1133,18,station_19,19,85.165,1.25,0.9,1,0
1133,18,station_25,25,54.276,0.9,0.666,1,0
1133,18,station_28,28,34.63,0.9,0.755,1,0
1134,35,outside,0,0.0,0.0,0.0,0,0
1134,35,station_8,8,5.157,1.25,0.35,1,1
1134,35,station_19,19,56.506,1.25,0.9,1,0
1134,35,station_25,25,92.499,0.9,0.666,1,0
1134,35,station_28,28,94.18,0.9,0.755,1,0
1135,34,outside,0,0.0,0.0,0.0,0,1
1135,34,station_8,8,35.693,1.25,0.35,1,0
1135,34,station_19,19,36.459,1.25,0.9,1,0
1135,34,station_25,25,104.209,0.9,0.666,1,0
1135,34,station_28,28,123.909,0.9,0.755,1,0
1136,24,outside,0,0.0,0.0,0.0,0,0
1136,24,station_8,8,59.502,1.25,0.35,1,0
1136,24,station_19,19,71.183,1.25,0.9,1,0
1136,24,station_25,25,33.7,0.9,0.666,1,1
1136,24,station_28,28,47.589,0.9,0.755,1,0
1137,17,outside,0,0.0,0.0,0.0,0,1
1137,17,station_8,8,63.784,1.25,0.35,1,0
1137,17,station_19,19,70.418,1.25,0.9,1,0
1137,17,station_25,25,27.153,0.9,0.666,1,0
1137,17,station_28,28,50.824,0.9,0.755,1,0
1138,19,outside,0,0.0,0.0,0.0,0,1
1138,19,station_8,8,135.682,1.25,0.35,1,0
1138,19,station_19,19,169.296,1.25,0.9,1,0
1138,19,station_25,25,115.78,0.9,0.666,1,0
1138,19,station_28,28,53.427,0.9,0.755,1,0
1139,65,outside,0,0.0,0.0,0.0,0,0
1139,65,station_8,8,95.69,1.25,0.35,1,0
1139,65,station_19,19,118.286,1.25,0.9,1,0
1139,65,station_25,25,60.162,0.9,0.666,1,0
1139,65,station_28,28,7.765,0.9,0.755,1,1
1140,58,outside,0,0.0,0.0,0.0,0,1
1140,58,station_8,8,70.988,1.25,0.35,1,0
1140,58,station_19,19,46.308,1.25,0.9,1,0
1140,58,station_25,25,35.817,0.9,0.666,1,0
1140,58,station_28,28,89.487,0.9,0.755,1,0
1141,71,outside,0,0.0,0.0,0.0,0,0
1141,71,station_8,8,58.007,1.25,0.35,1,0
1141,71,station_19,19,24.109,1.25,0.9,1,1
1141,71,station_25,25,103.797,0.9,0.666,1,0
1141,71,station_28,28,136.758,0.9,0.755,1,0
1142,24,outside,0,0.0,0.0,0.0,0,1
1142,24,station_8,8,59.502,1.25,0.35,1,0
1142,24,station_19,19,71.183,1.25,0.9,1,0
1142,24,station_25,25,33.7,0.9,0.666,1,0
1142,24,station_28,28,47.589,0.9,0.755,1,0
1143,70,outside,0,0.0,0.0,0.0,0,1
1143,70,station_8,8,75.014,1.25,0.35,1,0
1143,70,station_19,19,122.596,1.25,0.9,1,0
1143,70,station_25,25,108.626,0.9,0.666,1,0
1143,70,station_28,28,60.868,0.9,0.755,1,0
1144,36,outside,0,0.0,0.0,0.0,0,0
1144,36,station_8,8,49.761,1.25,0.35,1,0
1144,36,station_19,19,23.538,1.25,0.9,1,1
1144,36,station_25,25,101.025,0.9,0.666,1,0
1144,36,station_28,28,130.581,0.9,0.755,1,0
1145,38,outside,0,0.0,0.0,0.0,0,1
1145,38,station_8,8,122.799,1.25,0.35,1,0
1145,38,station_19,19,142.992,1.25,0.9,1,0
1145,38,station_25,25,75.759,0.9,0.666,1,0
1145,38,station_28,28,32.057,0.9,0.755,1,0
1146,58,outside,0,0.0,0.0,0.0,0,0
1146,58,station_8,8,70.988,1.25,0.35,1,0
1146,58,station_19,19,46.308,1.25,0.9,1,0
1146,58,station_25,25,35.817,0.9,0.666,1,1
1146,58,station_28,28,89.487,0.9,0.755,1,0
1147,25,outside,0,0.0,0.0,0.0,0,1
1147,25,station_8,8,71.642,1.25,0.35,1,0
1147,25,station_19,19,19.049,1.25,0.9,1,0
1147,25,station_25,25,85.268,0.9,0.666,1,0
1147,25,station_28,28,130.958,0.9,0.755,1,0
1148,5,outside,0,0.0,0.0,0.0,0,0
1148,5,station_8,8,100.125,1.25,0.35,1,0
1148,5,station_19,19,116.708,1.25,0.9,1,0
1148,5,station_25,25,51.061,0.9,0.666,1,0
1148,5,station_28,28,20.857,0.9,0.755,1,1
1149,23,outside,0,0.0,0.0,0.0,0,1
1149,23,station_8,8,90.334,1.25,0.35,1,0
1149,23,station_19,19,112.064,1.25,0.9,1,0
1149,23,station_25,25,55.093,0.9,0.666,1,0
1149,23,station_28,28,9.747,0.9,0.755,1,0
1150,17,outside,0,0.0,0.0,0.0,0,1
1150,17,station_8,8,63.784,1.25,0.35,1,0
1150,17,station_19,19,70.418,1.25,0.9,1,0
1150,17,station_25,25,27.153,0.9,0.666,1,0
1150,17,station_28,28,50.824,0.9,0.755,1,0
1151,10,outside,0,0.0,0.0,0.0,0,1
1151,10,station_8,8,39.742,1.25,0.35,1,0
1151,10,station_19,19,76.751,1.25,0.9,1,0
1151,10,station_25,25,67.733,0.9,0.666,1,0
1151,10,station_28,28,52.375,0.9,0.755,1,0
1152,28,outside,0,0.0,0.0,0.0,0,1
1152,28,station_8,8,45.893,1.25,0.35,1,0
1152,28,station_19,19,17.858,1.25,0.9,1,0
1152,28,station_25,25,63.65,0.9,0.666,1,0
1152,28,station_28,28,100.112,0.9,0.755,1,0
1153,1,outside,0,0.0,0.0,0.0,0,0
1153,1,station_8,8,70.31,1.25,0.35,1,0
1153,1,station_19,19,20.578,1.25,0.9,1,1
1153,1,station_25,25,73.376,0.9,0.666,1,0
1153,1,station_28,28,121.38,0.9,0.755,1,0
1154,10,outside,0,0.0,0.0,0.0,0,1
1154,10,station_8,8,39.742,1.25,0.35,1,0
1154,10,station_19,19,76.751,1.25,0.9,1,0
1154,10,station_25,25,67.733,0.9,0.666,1,0
1154,10,station_28,28,52.375,0.9,0.755,1,0
1155,5,outside,0,0.0,0.0,0.0,0,1
1155,5,station_8,8,100.125,1.25,0.35,1,0
1155,5,station_19,19,116.708,1.25,0.9,1,0
1155,5,station_25,25,51.061,0.9,0.666,1,0
1155,5,station_28,28,20.857,0.9,0.755,1,0
1156,62,outside,0,0.0,0.0,0.0,0,0
1156,62,station_8,8,101.631,1.25,0.35,1,0
1156,62,station_19,19,125.187,1.25,0.9,1,0
1156,62,station_25,25,66.178,0.9,0.666,1,0
1156,62,station_28,28,10.43,0.9,0.755,1,1
1157,74,outside,0,0.0,0.0,0.0,0,1
1157,74,station_8,8,32.229,1.25,0.35,1,0
1157,74,station_19,19,75.711,1.25,0.9,1,0
1157,74,station_25,25,77.248,0.9,0.666,1,0
1157,74,station_28,28,62.103,0.9,0.755,1,0
1158,10,outside,0,0.0,0.0,0.0,0,1
1158,10,station_8,8,39.742,1.25,0.35,1,0
1158,10,station_19,19,76.751,1.25,0.9,1,0
1158,10,station_25,25,67.733,0.9,0.666,1,0
1158,10,station_28,28,52.375,0.9,0.755,1,0
1159,16,outside,0,0.0,0.0,0.0,0,1
1159,16,station_8,8,76.931,1.25,0.35,1,0
1159,16,station_19,19,80.887,1.25,0.9,1,0
1159,16,station_25,25,18.805,0.9,0.666,1,0
1159,16,station_28,28,47.707,0.9,0.755,1,0
1160,8,outside,0,0.0,0.0,0.0,0,0
1160,8,station_8,8,4.571,1.25,0.35,1,1
1160,8,station_19,19,49.873,1.25,0.9,1,0
1160,8,station_25,25,83.221,0.9,0.666,1,0
1160,8,station_28,28,89.191,0.9,0.755,1,0
1161,36,outside,0,0.0,0.0,0.0,0,0
1161,36,station_8,8,49.761,1.25,0.35,1,0
1161,36,station_19,19,23.538,1.25,0.9,1,1
1161,36,station_25,25,101.025,0.9,0.666,1,0
1161,36,station_28,28,130.581,0.9,0.755,1,0
1162,40,outside,0,0.0,0.0,0.0,0,1
1162,40,station_8,8,50.28,1.25,0.35,1,0
1162,40,station_19,19,63.179,1.25,0.9,1,0
1162,40,station_25,25,39.841,0.9,0.666,1,0
1162,40,station_28,28,54.545,0.9,0.755,1,0
1163,22,outside,0,0.0,0.0,0.0,0,1
1163,22,station_8,8,75.15,1.25,0.35,1,0
1163,22,station_19,19,59.51,1.25,0.9,1,0
1163,22,station_25,25,21.007,0.9,0.666,1,0
1163,22,station_28,28,77.226,0.9,0.755,1,0
1164,3,outside,0,0.0,0.0,0.0,0,1
1164,3,station_8,8,66.181,1.25,0.35,1,0
1164,3,station_19,19,106.175,1.25,0.9,1,0
1164,3,station_25,25,81.895,0.9,0.666,1,0
1164,3,station_28,28,37.637,0.9,0.755,1,0
1165,72,outside,0,0.0,0.0,0.0,0,0
1165,72,station_8,8,108.042,1.25,0.35,1,0
1165,72,station_19,19,129.488,1.25,0.9,1,0
1165,72,station_25,25,66.488,0.9,0.666,1,0
1165,72,station_28,28,17.792,0.9,0.755,1,1
1166,58,outside,0,0.0,0.0,0.0,0,1
1166,58,station_8,8,70.988,1.25,0.35,1,0
1166,58,station_19,19,46.308,1.25,0.9,1,0
1166,58,station_25,25,35.817,0.9,0.666,1,0
1166,58,station_28,28,89.487,0.9,0.755,1,0
1167,50,outside,0,0.0,0.0,0.0,0,1
1167,50,station_8,8,75.498,1.25,0.35,1,0
1167,50,station_19,19,77.73,1.25,0.9,1,0
1167,50,station_25,25,16.997,0.9,0.666,1,0
1167,50,station_28,28,50.967,0.9,0.755,1,0
1168,70,outside,0,0.0,0.0,0.0,0,1
1168,70,station_8,8,75.014,1.25,0.35,1,0
1168,70,station_19,19,122.596,1.25,0.9,1,0
1168,70,station_25,25,108.626,0.9,0.666,1,0
1168,70,station_28,28,60.868,0.9,0.755,1,0
1169,28,outside,0,0.0,0.0,0.0,0,1
1169,28,station_8,8,45.893,1.25,0.35,1,0
1169,28,station_19,19,17.858,1.25,0.9,1,0
1169,28,station_25,25,63.65,0.9,0.666,1,0
1169,28,station_28,28,100.112,0.9,0.755,1,0
1170,39,outside,0,0.0,0.0,0.0,0,1
1170,39,station_8,8,57.569,1.25,0.35,1,0
1170,39,station_19,19,15.638,1.25,0.9,1,0
1170,39,station_25,25,95.59,0.9,0.666,1,0
1170,39,station_28,28,131.33,0.9,0.755,1,0
1171,5,outside,0,0.0,0.0,0.0,0,0
1171,5,station_8,8,100.125,1.25,0.35,1,0
1171,5,station_19,19,116.708,1.25,0.9,1,0
1171,5,station_25,25,51.061,0.9,0.666,1,0
1171,5,station_28,28,20.857,0.9,0.755,1,1
1172,12,outside,0,0.0,0.0,0.0,0,0
1172,12,station_8,8,16.711,1.25,0.35,1,1
1172,12,station_19,19,45.818,1.25,0.9,1,0
1172,12,station_25,25,97.417,0.9,0.666,1,0
1172,12,station_28,28,107.888,0.9,0.755,1,0
1173,18,outside,0,0.0,0.0,0.0,0,1
1173,18,station_8,8,57.722,1.25,0.35,1,0
1173,18,station_19,19,85.165,1.25,0.9,1,0
1173,18,station_25,25,54.276,0.9,0.666,1,0
1173,18,station_28,28,34.63,0.9,0.755,1,0
1174,23,outside,0,0.0,0.0,0.0,0,1
1174,23,station_8,8,90.334,1.25,0.35,1,0
1174,23,station_19,19,112.064,1.25,0.9,1,0
1174,23,station_25,25,55.093,0.9,0.666,1,0
1174,23,station_28,28,9.747,0.9,0.755,1,0
1175,26,outside,0,0.0,0.0,0.0,0,1
1175,26,station_8,8,81.733,1.25,0.35,1,0
1175,26,station_19,19,123.747,1.25,0.9,1,0
1175,26,station_25,25,96.277,0.9,0.666,1,0
1175,26,station_28,28,41.766,0.9,0.755,1,0
1176,27,outside,0,0.0,0.0,0.0,0,1
1176,27,station_8,8,83.882,1.25,0.35,1,0
1176,27,station_19,19,95.907,1.25,0.9,1,0
1176,27,station_25,25,33.242,0.9,0.666,1,0
1176,27,station_28,28,31.308,0.9,0.755,1,0
1177,14,outside,0,0.0,0.0,0.0,0,1
1177,14,station_8,8,69.896,1.25,0.35,1,0
1177,14,station_19,19,67.32,1.25,0.9,1,0
1177,14,station_25,25,17.838,0.9,0.666,1,0
1177,14,station_28,28,60.29,0.9,0.755,1,0
1178,17,outside,0,0.0,0.0,0.0,0,1
1178,17,station_8,8,63.784,1.25,0.35,1,0
1178,17,station_19,19,70.418,1.25,0.9,1,0
1178,17,station_25,25,27.153,0.9,0.666,1,0
1178,17,station_28,28,50.824,0.9,0.755,1,0
1179,50,outside,0,0.0,0.0,0.0,0,1
1179,50,station_8,8,75.498,1.25,0.35,1,0
1179,50,station_19,19,77.73,1.25,0.9,1,0
1179,50,station_25,25,16.997,0.9,0.666,1,0
1179,50,station_28,28,50.967,0.9,0.755,1,0
1180,20,outside,0,0.0,0.0,0.0,0,1
1180,20,station_8,8,125.682,1.25,0.35,1,0
1180,20,station_19,19,154.077,1.25,0.9,1,0
1180,20,station_25,25,95.28,0.9,0.666,1,0
1180,20,station_28,28,36.427,0.9,0.755,1,0
1181,58,outside,0,0.0,0.0,0.0,0,1
1181,58,station_8,8,70.988,1.25,0.35,1,0
1181,58,station_19,19,46.308,1.25,0.9,1,0
1181,58,station_25,25,35.817,0.9,0.666,1,0
1181,58,station_28,28,89.487,0.9,0.755,1,0
1182,14,outside,0,0.0,0.0,0.0,0,1
1182,14,station_8,8,69.896,1.25,0.35,1,0
1182,14,station_19,19,67.32,1.25,0.9,1,0
1182,14,station_25,25,17.838,0.9,0.666,1,0
1182,14,station_28,28,60.29,0.9,0.755,1,0
1183,17,outside,0,0.0,0.0,0.0,0,1
1183,17,station_8,8,63.784,1.25,0.35,1,0
1183,17,station_19,19,70.418,1.25,0.9,1,0
1183,17,station_25,25,27.153,0.9,0.666,1,0
1183,17,station_28,28,50.824,0.9,0.755,1,0
1184,31,outside,0,0.0,0.0,0.0,0,1
1184,31,station_8,8,78.215,1.25,0.35,1,0
1184,31,station_19,19,113.719,1.25,0.9,1,0
1184,31,station_25,25,77.83,0.9,0.666,1,0
1184,31,station_28,28,24.111,0.9,0.755,1,0
1185,35,outside,0,0.0,0.0,0.0,0,1
1185,35,station_8,8,5.157,1.25,0.35,1,0
1185,35,station_19,19,56.506,1.25,0.9,1,0
1185,35,station_25,25,92.499,0.9,0.666,1,0
1185,35,station_28,28,94.18,0.9,0.755,1,0
1186,50,outside,0,0.0,0.0,0.0,0,1
1186,50,station_8,8,75.498,1.25,0.35,1,0
1186,50,station_19,19,77.73,1.25,0.9,1,0
1186,50,station_25,25,16.997,0.9,0.666,1,0
1186,50,station_28,28,50.967,0.9,0.755,1,0
1187,35,outside,0,0.0,0.0,0.0,0,0
1187,35,station_8,8,5.157,1.25,0.35,1,1
1187,35,station_19,19,56.506,1.25,0.9,1,0
1187,35,station_25,25,92.499,0.9,0.666,1,0
1187,35,station_28,28,94.18,0.9,0.755,1,0
1188,40,outside,0,0.0,0.0,0.0,0,1
1188,40,station_8,8,50.28,1.25,0.35,1,0
1188,40,station_19,19,63.179,1.25,0.9,1,0
1188,40,station_25,25,39.841,0.9,0.666,1,0
1188,40,station_28,28,54.545,0.9,0.755,1,0
1189,12,outside,0,0.0,0.0,0.0,0,1
1189,12,station_8,8,16.711,1.25,0.35,1,0
1189,12,station_19,19,45.818,1.25,0.9,1,0
1189,12,station_25,25,97.417,0.9,0.666,1,0
1189,12,station_28,28,107.888,0.9,0.755,1,0
1190,10,outside,0,0.0,0.0,0.0,0,1
1190,10,station_8,8,39.742,1.25,0.35,1,0
1190,10,station_19,19,76.751,1.25,0.9,1,0
1190,10,station_25,25,67.733,0.9,0.666,1,0
1190,10,station_28,28,52.375,0.9,0.755,1,0
1191,6,outside,0,0.0,0.0,0.0,0,1
1191,6,station_8,8,98.145,1.25,0.35,1,0
1191,6,station_19,19,113.947,1.25,0.9,1,0
1191,6,station_25,25,48.196,0.9,0.666,1,0
1191,6,station_28,28,21.955,0.9,0.755,1,0
1192,16,outside,0,0.0,0.0,0.0,0,1
1192,16,station_8,8,76.931,1.25,0.35,1,0
1192,16,station_19,19,80.887,1.25,0.9,1,0
1192,16,station_25,25,18.805,0.9,0.666,1,0
1192,16,station_28,28,47.707,0.9,0.755,1,0
1193,40,outside,0,0.0,0.0,0.0,0,1
1193,40,station_8,8,50.28,1.25,0.35,1,0
1193,40,station_19,19,63.179,1.25,0.9,1,0
1193,40,station_25,25,39.841,0.9,0.666,1,0
1193,40,station_28,28,54.545,0.9,0.755,1,0
1194,30,outside,0,0.0,0.0,0.0,0,1
1194,30,station_8,8,143.851,1.25,0.35,1,0
1194,30,station_19,19,166.198,1.25,0.9,1,0
1194,30,station_25,25,98.299,0.9,0.666,1,0
1194,30,station_28,28,52.084,0.9,0.755,1,0
1195,74,outside,0,0.0,0.0,0.0,0,1
1195,74,station_8,8,32.229,1.25,0.35,1,0
1195,74,station_19,19,75.711,1.25,0.9,1,0
1195,74,station_25,25,77.248,0.9,0.666,1,0
1195,74,station_28,28,62.103,0.9,0.755,1,0
1196,58,outside,0,0.0,0.0,0.0,0,1
1196,58,station_8,8,70.988,1.25,0.35,1,0
1196,58,station_19,19,46.308,1.25,0.9,1,0
1196,58,station_25,25,35.817,0.9,0.666,1,0
1196,58,station_28,28,89.487,0.9,0.755,1,0
1197,65,outside,0,0.0,0.0,0.0,0,1
1197,65,station_8,8,95.69,1.25,0.35,1,0
1197,65,station_19,19,118.286,1.25,0.9,1,0
1197,65,station_25,25,60.162,0.9,0.666,1,0
1197,65,station_28,28,7.765,0.9,0.755,1,0
1198,28,outside,0,0.0,0.0,0.0,0,1
1198,28,station_8,8,45.893,1.25,0.35,1,0
1198,28,station_19,19,17.858,1.25,0.9,1,0
1198,28,station_25,25,63.65,0.9,0.666,1,0
1198,28,station_28,28,100.112,0.9,0.755,1,0
1199,16,outside,0,0.0,0.0,0.0,0,1
1199,16,station_8,8,76.931,1.25,0.35,1,0
1199,16,station_19,19,80.887,1.25,0.9,1,0
1199,16,station_25,25,18.805,0.9,0.666,1,0
1199,16,station_28,28,47.707,0.9,0.755,1,0
1200,16,outside,0,0.0,0.0,0.0,0,1
1200,16,station_8,8,76.931,1.25,0.35,1,0
1200,16,station_19,19,80.887,1.25,0.9,1,0
1200,16,station_25,25,18.805,0.9,0.666,1,0
1200,16,station_28,28,47.707,0.9,0.755,1,0
1201,17,outside,0,0.0,0.0,0.0,0,1
1201,17,station_8,8,63.784,1.25,0.35,1,0
1201,17,station_19,19,70.418,1.25,0.9,1,0
1201,17,station_25,25,27.153,0.9,0.666,1,0
1201,17,station_28,28,50.824,0.9,0.755,1,0
1202,47,outside,0,0.0,0.0,0.0,0,1
1202,47,station_8,8,69.469,1.25,0.35,1,0
1202,47,station_19,19,26.159,1.25,0.9,1,0
1202,47,station_25,25,62.253,0.9,0.666,1,0
1202,47,station_28,28,112.087,0.9,0.755,1,0
1203,50,outside,0,0.0,0.0,0.0,0,1
1203,50,station_8,8,75.498,1.25,0.35,1,0
1203,50,station_19,19,77.73,1.25,0.9,1,0
1203,50,station_25,25,16.997,0.9,0.666,1,0
1203,50,station_28,28,50.967,0.9,0.755,1,0
1204,72,outside,0,0.0,0.0,0.0,0,1
1204,72,station_8,8,108.042,1.25,0.35,1,0
1204,72,station_19,19,129.488,1.25,0.9,1,0
1204,72,station_25,25,66.488,0.9,0.666,1,0
1204,72,station_28,28,17.792,0.9,0.755,1,0
1205,20,outside,0,0.0,0.0,0.0,0,1
1205,20,station_8,8,125.682,1.25,0.35,1,0
1205,20,station_19,19,154.077,1.25,0.9,1,0
1205,20,station_25,25,95.28,0.9,0.666,1,0
1205,20,station_28,28,36.427,0.9,0.755,1,0
1206,22,outside,0,0.0,0.0,0.0,0,0
1206,22,station_8,8,75.15,1.25,0.35,1,0
1206,22,station_19,19,59.51,1.25,0.9,1,0
1206,22,station_25,25,21.007,0.9,0.666,1,1
1206,22,station_28,28,77.226,0.9,0.755,1,0
1207,77,outside,0,0.0,0.0,0.0,0,1
1207,77,station_8,8,15.566,1.25,0.35,1,0
1207,77,station_19,19,38.912,1.25,0.9,1,0
1207,77,station_25,25,76.359,0.9,0.666,1,0
1207,77,station_28,28,90.868,0.9,0.755,1,0
1208,27,outside,0,0.0,0.0,0.0,0,1
1208,27,station_8,8,83.882,1.25,0.35,1,0
1208,27,station_19,19,95.907,1.25,0.9,1,0
1208,27,station_25,25,33.242,0.9,0.666,1,0
1208,27,station_28,28,31.308,0.9,0.755,1,0
1209,36,outside,0,0.0,0.0,0.0,0,1
1209,36,station_8,8,49.761,1.25,0.35,1,0
1209,36,station_19,19,23.538,1.25,0.9,1,0
1209,36,station_25,25,101.025,0.9,0.666,1,0
1209,36,station_28,28,130.581,0.9,0.755,1,0
1210,14,outside,0,0.0,0.0,0.0,0,1
1210,14,station_8,8,69.896,1.25,0.35,1,0
1210,14,station_19,19,67.32,1.25,0.9,1,0
1210,14,station_25,25,17.838,0.9,0.666,1,0
1210,14,station_28,28,60.29,0.9,0.755,1,0
1211,57,outside,0,0.0,0.0,0.0,0,1
1211,57,station_8,8,83.823,1.25,0.35,1,0
1211,57,station_19,19,81.369,1.25,0.9,1,0
1211,57,station_25,25,8.476,0.9,0.666,1,0
1211,57,station_28,28,56.282,0.9,0.755,1,0
1212,2,outside,0,0.0,0.0,0.0,0,0
1212,2,station_8,8,4.679,1.25,0.35,1,1
1212,2,station_19,19,57.165,1.25,0.9,1,0
1212,2,station_25,25,90.696,0.9,0.666,1,0
1212,2,station_28,28,91.632,0.9,0.755,1,0
1213,28,outside,0,0.0,0.0,0.0,0,0
1213,28,station_8,8,45.893,1.25,0.35,1,0
1213,28,station_19,19,17.858,1.25,0.9,1,1
1213,28,station_25,25,63.65,0.9,0.666,1,0
1213,28,station_28,28,100.112,0.9,0.755,1,0
1214,12,outside,0,0.0,0.0,0.0,0,1
1214,12,station_8,8,16.711,1.25,0.35,1,0
1214,12,station_19,19,45.818,1.25,0.9,1,0
1214,12,station_25,25,97.417,0.9,0.666,1,0
1214,12,station_28,28,107.888,0.9,0.755,1,0
1215,59,outside,0,0.0,0.0,0.0,0,1
1215,59,station_8,8,101.758,1.25,0.35,1,0
1215,59,station_19,19,111.107,1.25,0.9,1,0
1215,59,station_25,25,38.654,0.9,0.666,1,0
1215,59,station_28,28,35.203,0.9,0.755,1,0
1216,27,outside,0,0.0,0.0,0.0,0,1
1216,27,station_8,8,83.882,1.25,0.35,1,0
1216,27,station_19,19,95.907,1.25,0.9,1,0
1216,27,station_25,25,33.242,0.9,0.666,1,0
1216,27,station_28,28,31.308,0.9,0.755,1,0
1217,27,outside,0,0.0,0.0,0.0,0,1
1217,27,station_8,8,83.882,1.25,0.35,1,0
1217,27,station_19,19,95.907,1.25,0.9,1,0
1217,27,station_25,25,33.242,0.9,0.666,1,0
1217,27,station_28,28,31.308,0.9,0.755,1,0
1218,64,outside,0,0.0,0.0,0.0,0,0
1218,64,station_8,8,88.473,1.25,0.35,1,0
1218,64,station_19,19,113.427,1.25,0.9,1,0
1218,64,station_25,25,60.627,0.9,0.666,1,0
1218,64,station_28,28,4.372,0.9,0.755,1,1
1219,56,outside,0,0.0,0.0,0.0,0,1
1219,56,station_8,8,65.404,1.25,0.35,1,0
1219,56,station_19,19,111.818,1.25,0.9,1,0
1219,56,station_25,25,98.529,0.9,0.666,1,0
1219,56,station_28,28,55.292,0.9,0.755,1,0
1220,12,outside,0,0.0,0.0,0.0,0,1
1220,12,station_8,8,16.711,1.25,0.35,1,0
1220,12,station_19,19,45.818,1.25,0.9,1,0
1220,12,station_25,25,97.417,0.9,0.666,1,0
1220,12,station_28,28,107.888,0.9,0.755,1,0
1221,40,outside,0,0.0,0.0,0.0,0,1
1221,40,station_8,8,50.28,1.25,0.35,1,0
1221,40,station_19,19,63.179,1.25,0.9,1,0
1221,40,station_25,25,39.841,0.9,0.666,1,0
1221,40,station_28,28,54.545,0.9,0.755,1,0
1222,5,outside,0,0.0,0.0,0.0,0,1
1222,5,station_8,8,100.125,1.25,0.35,1,0
1222,5,station_19,19,116.708,1.25,0.9,1,0
1222,5,station_25,25,51.061,0.9,0.666,1,0
1222,5,station_28,28,20.857,0.9,0.755,1,0
1223,40,outside,0,0.0,0.0,0.0,0,1
1223,40,station_8,8,50.28,1.25,0.35,1,0
1223,40,station_19,19,63.179,1.25,0.9,1,0
1223,40,station_25,25,39.841,0.9,0.666,1,0
1223,40,station_28,28,54.545,0.9,0.755,1,0
1224,37,outside,0,0.0,0.0,0.0,0,1
1224,37,station_8,8,68.494,1.25,0.35,1,0
1224,37,station_19,19,27.417,1.25,0.9,1,0
1224,37,station_25,25,59.272,0.9,0.666,1,0
1224,37,station_28,28,109.137,0.9,0.755,1,0
1225,10,outside,0,0.0,0.0,0.0,0,1
1225,10,station_8,8,39.742,1.25,0.35,1,0
1225,10,station_19,19,76.751,1.25,0.9,1,0
1225,10,station_25,25,67.733,0.9,0.666,1,0
1225,10,station_28,28,52.375,0.9,0.755,1,0
1226,9,outside,0,0.0,0.0,0.0,0,1
1226,9,station_8,8,60.179,1.25,0.35,1,0
1226,9,station_19,19,10.891,1.25,0.9,1,0
1226,9,station_25,25,89.553,0.9,0.666,1,0
1226,9,station_28,28,128.538,0.9,0.755,1,0
1227,67,outside,0,0.0,0.0,0.0,0,1
1227,67,station_8,8,75.235,1.25,0.35,1,0
1227,67,station_19,19,63.443,1.25,0.9,1,0
1227,67,station_25,25,16.514,0.9,0.666,1,0
1227,67,station_28,28,71.834,0.9,0.755,1,0
1228,31,outside,0,0.0,0.0,0.0,0,1
1228,31,station_8,8,78.215,1.25,0.35,1,0
1228,31,station_19,19,113.719,1.25,0.9,1,0
1228,31,station_25,25,77.83,0.9,0.666,1,0
1228,31,station_28,28,24.111,0.9,0.755,1,0
1229,47,outside,0,0.0,0.0,0.0,0,1
1229,47,station_8,8,69.469,1.25,0.35,1,0
1229,47,station_19,19,26.159,1.25,0.9,1,0
1229,47,station_25,25,62.253,0.9,0.666,1,0
1229,47,station_28,28,112.087,0.9,0.755,1,0
1230,35,outside,0,0.0,0.0,0.0,0,1
1230,35,station_8,8,5.157,1.25,0.35,1,0
1230,35,station_19,19,56.506,1.25,0.9,1,0
1230,35,station_25,25,92.499,0.9,0.666,1,0
1230,35,station_28,28,94.18,0.9,0.755,1,0
1231,52,outside,0,0.0,0.0,0.0,0,1
1231,52,station_8,8,87.473,1.25,0.35,1,0
1231,52,station_19,19,129.185,1.25,0.9,1,0
1231,52,station_25,25,99.326,0.9,0.666,1,0
1231,52,station_28,28,42.06,0.9,0.755,1,0
1232,5,outside,0,0.0,0.0,0.0,0,1
1232,5,station_8,8,100.125,1.25,0.35,1,0
1232,5,station_19,19,116.708,1.25,0.9,1,0
1232,5,station_25,25,51.061,0.9,0.666,1,0
1232,5,station_28,28,20.857,0.9,0.755,1,0
1233,10,outside,0,0.0,0.0,0.0,0,1
1233,10,station_8,8,39.742,1.25,0.35,1,0
1233,10,station_19,19,76.751,1.25,0.9,1,0
1233,10,station_25,25,67.733,0.9,0.666,1,0
1233,10,station_28,28,52.375,0.9,0.755,1,0
1234,27,outside,0,0.0,0.0,0.0,0,1
1234,27,station_8,8,83.882,1.25,0.35,1,0
1234,27,station_19,19,95.907,1.25,0.9,1,0
1234,27,station_25,25,33.242,0.9,0.666,1,0
1234,27,station_28,28,31.308,0.9,0.755,1,0
1235,71,outside,0,0.0,0.0,0.0,0,1
1235,71,station_8,8,58.007,1.25,0.35,1,0
1235,71,station_19,19,24.109,1.25,0.9,1,0
1235,71,station_25,25,103.797,0.9,0.666,1,0
1235,71,station_28,28,136.758,0.9,0.755,1,0
1236,50,outside,0,0.0,0.0,0.0,0,1
1236,50,station_8,8,75.498,1.25,0.35,1,0
1236,50,station_19,19,77.73,1.25,0.9,1,0
1236,50,station_25,25,16.997,0.9,0.666,1,0
1236,50,station_28,28,50.967,0.9,0.755,1,0
1237,8,outside,0,0.0,0.0,0.0,0,1
1237,8,station_8,8,4.571,1.25,0.35,1,0
1237,8,station_19,19,49.873,1.25,0.9,1,0
1237,8,station_25,25,83.221,0.9,0.666,1,0
1237,8,station_28,28,89.191,0.9,0.755,1,0
1238,8,outside,0,0.0,0.0,0.0,0,1
1238,8,station_8,8,4.571,1.25,0.35,1,0
1238,8,station_19,19,49.873,1.25,0.9,1,0
1238,8,station_25,25,83.221,0.9,0.666,1,0
1238,8,station_28,28,89.191,0.9,0.755,1,0
1239,29,outside,0,0.0,0.0,0.0,0,1
1239,29,station_8,8,90.575,1.25,0.35,1,0
1239,29,station_19,19,126.377,1.25,0.9,1,0
1239,29,station_25,25,86.174,0.9,0.666,1,0
1239,29,station_28,28,24.94,0.9,0.755,1,0
1240,28,outside,0,0.0,0.0,0.0,0,0
1240,28,station_8,8,45.893,1.25,0.35,1,0
1240,28,station_19,19,17.858,1.25,0.9,1,1
1240,28,station_25,25,63.65,0.9,0.666,1,0
1240,28,station_28,28,100.112,0.9,0.755,1,0
1241,3,outside,0,0.0,0.0,0.0,0,1
1241,3,station_8,8,66.181,1.25,0.35,1,0
1241,3,station_19,19,106.175,1.25,0.9,1,0
1241,3,station_25,25,81.895,0.9,0.666,1,0
1241,3,station_28,28,37.637,0.9,0.755,1,0
1242,5,outside,0,0.0,0.0,0.0,0,0
1242,5,station_8,8,100.125,1.25,0.35,1,0
1242,5,station_19,19,116.708,1.25,0.9,1,0
1242,5,station_25,25,51.061,0.9,0.666,1,0
1242,5,station_28,28,20.857,0.9,0.755,1,1
1243,6,outside,0,0.0,0.0,0.0,0,0
1243,6,station_8,8,98.145,1.25,0.35,1,0
1243,6,station_19,19,113.947,1.25,0.9,1,0
1243,6,station_25,25,48.196,0.9,0.666,1,0
1243,6,station_28,28,21.955,0.9,0.755,1,1
1244,65,outside,0,0.0,0.0,0.0,0,0
1244,65,station_8,8,95.69,1.25,0.35,1,0
1244,65,station_19,19,118.286,1.25,0.9,1,0
1244,65,station_25,25,60.162,0.9,0.666,1,0
1244,65,station_28,28,7.765,0.9,0.755,1,1
1245,13,outside,0,0.0,0.0,0.0,0,1
1245,13,station_8,8,26.846,1.25,0.35,1,0
1245,13,station_19,19,29.228,1.25,0.9,1,0
1245,13,station_25,25,89.473,0.9,0.666,1,0
1245,13,station_28,28,110.088,0.9,0.755,1,0
1246,46,outside,0,0.0,0.0,0.0,0,1
1246,46,station_8,8,50.091,1.25,0.35,1,0
1246,46,station_19,19,85.489,1.25,0.9,1,0
1246,46,station_25,25,66.439,0.9,0.666,1,0
1246,46,station_28,28,42.432,0.9,0.755,1,0
1247,43,outside,0,0.0,0.0,0.0,0,1
1247,43,station_8,8,108.193,1.25,0.35,1,0
1247,43,station_19,19,120.051,1.25,0.9,1,0
1247,43,station_25,25,48.125,0.9,0.666,1,0
1247,43,station_28,28,32.62,0.9,0.755,1,0
1248,28,outside,0,0.0,0.0,0.0,0,1
1248,28,station_8,8,45.893,1.25,0.35,1,0
1248,28,station_19,19,17.858,1.25,0.9,1,0
1248,28,station_25,25,63.65,0.9,0.666,1,0
1248,28,station_28,28,100.112,0.9,0.755,1,0
1249,58,outside,0,0.0,0.0,0.0,0,1
1249,58,station_8,8,70.988,1.25,0.35,1,0
1249,58,station_19,19,46.308,1.25,0.9,1,0
1249,58,station_25,25,35.817,0.9,0.666,1,0
1249,58,station_28,28,89.487,0.9,0.755,1,0
1250,62,outside,0,0.0,0.0,0.0,0,0
1250,62,station_8,8,101.631,1.25,0.35,1,0
1250,62,station_19,19,125.187,1.25,0.9,1,0
1250,62,station_25,25,66.178,0.9,0.666,1,0
1250,62,station_28,28,10.43,0.9,0.755,1,1
1251,80,outside,0,0.0,0.0,0.0,0,1
1251,80,station_8,8,79.716,1.25,0.35,1,0
1251,80,station_19,19,50.2,1.25,0.9,1,0
1251,80,station_25,25,38.164,0.9,0.666,1,0
1251,80,station_28,28,96.269,0.9,0.755,1,0
1252,43,outside,0,0.0,0.0,0.0,0,1
1252,43,station_8,8,108.193,1.25,0.35,1,0
1252,43,station_19,19,120.051,1.25,0.9,1,0
1252,43,station_25,25,48.125,0.9,0.666,1,0
1252,43,station_28,28,32.62,0.9,0.755,1,0
1253,24,outside,0,0.0,0.0,0.0,0,1
1253,24,station_8,8,59.502,1.25,0.35,1,0
1253,24,station_19,19,71.183,1.25,0.9,1,0
1253,24,station_25,25,33.7,0.9,0.666,1,0
1253,24,station_28,28,47.589,0.9,0.755,1,0
1254,14,outside,0,0.0,0.0,0.0,0,0
1254,14,station_8,8,69.896,1.25,0.35,1,0
1254,14,station_19,19,67.32,1.25,0.9,1,0
1254,14,station_25,25,17.838,0.9,0.666,1,1
1254,14,station_28,28,60.29,0.9,0.755,1,0
1255,37,outside,0,0.0,0.0,0.0,0,1
1255,37,station_8,8,68.494,1.25,0.35,1,0
1255,37,station_19,19,27.417,1.25,0.9,1,0
1255,37,station_25,25,59.272,0.9,0.666,1,0
1255,37,station_28,28,109.137,0.9,0.755,1,0
1256,60,outside,0,0.0,0.0,0.0,0,1
1256,60,station_8,8,90.016,1.25,0.35,1,0
1256,60,station_19,19,37.449,1.25,0.9,1,0
1256,60,station_25,25,92.489,0.9,0.666,1,0
1256,60,station_28,28,144.031,0.9,0.755,1,0
1257,14,outside,0,0.0,0.0,0.0,0,1
1257,14,station_8,8,69.896,1.25,0.35,1,0
1257,14,station_19,19,67.32,1.25,0.9,1,0
1257,14,station_25,25,17.838,0.9,0.666,1,0
1257,14,station_28,28,60.29,0.9,0.755,1,0
1258,18,outside,0,0.0,0.0,0.0,0,1
1258,18,station_8,8,57.722,1.25,0.35,1,0
1258,18,station_19,19,85.165,1.25,0.9,1,0
1258,18,station_25,25,54.276,0.9,0.666,1,0
1258,18,station_28,28,34.63,0.9,0.755,1,0
1259,78,outside,0,0.0,0.0,0.0,0,1
1259,78,station_8,8,85.507,1.25,0.35,1,0
1259,78,station_19,19,51.361,1.25,0.9,1,0
1259,78,station_25,25,44.406,0.9,0.666,1,0
1259,78,station_28,28,104.032,0.9,0.755,1,0
1260,2,outside,0,0.0,0.0,0.0,0,1
1260,2,station_8,8,4.679,1.25,0.35,1,0
1260,2,station_19,19,57.165,1.25,0.9,1,0
1260,2,station_25,25,90.696,0.9,0.666,1,0
1260,2,station_28,28,91.632,0.9,0.755,1,0
1261,36,outside,0,0.0,0.0,0.0,0,1
1261,36,station_8,8,49.761,1.25,0.35,1,0
1261,36,station_19,19,23.538,1.25,0.9,1,0
1261,36,station_25,25,101.025,0.9,0.666,1,0
1261,36,station_28,28,130.581,0.9,0.755,1,0
1262,24,outside,0,0.0,0.0,0.0,0,1
1262,24,station_8,8,59.502,1.25,0.35,1,0
1262,24,station_19,19,71.183,1.25,0.9,1,0
1262,24,station_25,25,33.7,0.9,0.666,1,0
1262,24,station_28,28,47.589,0.9,0.755,1,0
1263,7,outside,0,0.0,0.0,0.0,0,1
1263,7,station_8,8,85.244,1.25,0.35,1,0
1263,7,station_19,19,55.162,1.25,0.9,1,0
1263,7,station_25,25,37.637,0.9,0.666,1,0
1263,7,station_28,28,98.08,0.9,0.755,1,0
1264,77,outside,0,0.0,0.0,0.0,0,1
1264,77,station_8,8,15.566,1.25,0.35,1,0
1264,77,station_19,19,38.912,1.25,0.9,1,0
1264,77,station_25,25,76.359,0.9,0.666,1,0
1264,77,station_28,28,90.868,0.9,0.755,1,0
1265,68,outside,0,0.0,0.0,0.0,0,1
1265,68,station_8,8,30.047,1.25,0.35,1,0
1265,68,station_19,19,72.698,1.25,0.9,1,0
1265,68,station_25,25,75.575,0.9,0.666,1,0
1265,68,station_28,28,63.183,0.9,0.755,1,0
1266,57,outside,0,0.0,0.0,0.0,0,1
1266,57,station_8,8,83.823,1.25,0.35,1,0
1266,57,station_19,19,81.369,1.25,0.9,1,0
1266,57,station_25,25,8.476,0.9,0.666,1,0
1266,57,station_28,28,56.282,0.9,0.755,1,0
1267,30,outside,0,0.0,0.0,0.0,0,1
1267,30,station_8,8,143.851,1.25,0.35,1,0
1267,30,station_19,19,166.198,1.25,0.9,1,0
1267,30,station_25,25,98.299,0.9,0.666,1,0
1267,30,station_28,28,52.084,0.9,0.755,1,0
1268,45,outside,0,0.0,0.0,0.0,0,0
1268,45,station_8,8,106.32,1.25,0.35,1,0
1268,45,station_19,19,130.298,1.25,0.9,1,0
1268,45,station_25,25,70.449,0.9,0.666,1,0
1268,45,station_28,28,14.633,0.9,0.755,1,1
1269,18,outside,0,0.0,0.0,0.0,0,1
1269,18,station_8,8,57.722,1.25,0.35,1,0
1269,18,station_19,19,85.165,1.25,0.9,1,0
1269,18,station_25,25,54.276,0.9,0.666,1,0
1269,18,station_28,28,34.63,0.9,0.755,1,0
1270,66,outside,0,0.0,0.0,0.0,0,1
1270,66,station_8,8,130.066,1.25,0.35,1,0
1270,66,station_19,19,166.347,1.25,0.9,1,0
1270,66,station_25,25,117.664,0.9,0.666,1,0
1270,66,station_28,28,53.6,0.9,0.755,1,0
1271,8,outside,0,0.0,0.0,0.0,0,0
1271,8,station_8,8,4.571,1.25,0.35,1,1
1271,8,station_19,19,49.873,1.25,0.9,1,0
1271,8,station_25,25,83.221,0.9,0.666,1,0
1271,8,station_28,28,89.191,0.9,0.755,1,0
1272,46,outside,0,0.0,0.0,0.0,0,1
1272,46,station_8,8,50.091,1.25,0.35,1,0
1272,46,station_19,19,85.489,1.25,0.9,1,0
1272,46,station_25,25,66.439,0.9,0.666,1,0
1272,46,station_28,28,42.432,0.9,0.755,1,0
1273,43,outside,0,0.0,0.0,0.0,0,1
1273,43,station_8,8,108.193,1.25,0.35,1,0
1273,43,station_19,19,120.051,1.25,0.9,1,0
1273,43,station_25,25,48.125,0.9,0.666,1,0
1273,43,station_28,28,32.62,0.9,0.755,1,0
1274,79,outside,0,0.0,0.0,0.0,0,1
1274,79,station_8,8,99.13,1.25,0.35,1,0
1274,79,station_19,19,126.347,1.25,0.9,1,0
1274,79,station_25,25,72.25,0.9,0.666,1,0
1274,79,station_28,28,8.805,0.9,0.755,1,0
1275,24,outside,0,0.0,0.0,0.0,0,0
1275,24,station_8,8,59.502,1.25,0.35,1,0
1275,24,station_19,19,71.183,1.25,0.9,1,0
1275,24,station_25,25,33.7,0.9,0.666,1,1
1275,24,station_28,28,47.589,0.9,0.755,1,0
1276,43,outside,0,0.0,0.0,0.0,0,1
1276,43,station_8,8,108.193,1.25,0.35,1,0
1276,43,station_19,19,120.051,1.25,0.9,1,0
1276,43,station_25,25,48.125,0.9,0.666,1,0
1276,43,station_28,28,32.62,0.9,0.755,1,0
1277,22,outside,0,0.0,0.0,0.0,0,1
1277,22,station_8,8,75.15,1.25,0.35,1,0
1277,22,station_19,19,59.51,1.25,0.9,1,0
1277,22,station_25,25,21.007,0.9,0.666,1,0
1277,22,station_28,28,77.226,0.9,0.755,1,0
1278,59,outside,0,0.0,0.0,0.0,0,1
1278,59,station_8,8,101.758,1.25,0.35,1,0
1278,59,station_19,19,111.107,1.25,0.9,1,0
1278,59,station_25,25,38.654,0.9,0.666,1,0
1278,59,station_28,28,35.203,0.9,0.755,1,0
1279,28,outside,0,0.0,0.0,0.0,0,1
1279,28,station_8,8,45.893,1.25,0.35,1,0
1279,28,station_19,19,17.858,1.25,0.9,1,0
1279,28,station_25,25,63.65,0.9,0.666,1,0
1279,28,station_28,28,100.112,0.9,0.755,1,0
1280,22,outside,0,0.0,0.0,0.0,0,1
1280,22,station_8,8,75.15,1.25,0.35,1,0
1280,22,station_19,19,59.51,1.25,0.9,1,0
1280,22,station_25,25,21.007,0.9,0.666,1,0
1280,22,station_28,28,77.226,0.9,0.755,1,0
1281,77,outside,0,0.0,0.0,0.0,0,1
1281,77,station_8,8,15.566,1.25,0.35,1,0
1281,77,station_19,19,38.912,1.25,0.9,1,0
1281,77,station_25,25,76.359,0.9,0.666,1,0
1281,77,station_28,28,90.868,0.9,0.755,1,0
1282,25,outside,0,0.0,0.0,0.0,0,0
1282,25,station_8,8,71.642,1.25,0.35,1,0
1282,25,station_19,19,19.049,1.25,0.9,1,1
1282,25,station_25,25,85.268,0.9,0.666,1,0
1282,25,station_28,28,130.958,0.9,0.755,1,0
1283,60,outside,0,0.0,0.0,0.0,0,1
1283,60,station_8,8,90.016,1.25,0.35,1,0
1283,60,station_19,19,37.449,1.25,0.9,1,0
1283,60,station_25,25,92.489,0.9,0.666,1,0
1283,60,station_28,28,144.031,0.9,0.755,1,0
1284,43,outside,0,0.0,0.0,0.0,0,1
1284,43,station_8,8,108.193,1.25,0.35,1,0
1284,43,station_19,19,120.051,1.25,0.9,1,0
1284,43,station_25,25,48.125,0.9,0.666,1,0
1284,43,station_28,28,32.62,0.9,0.755,1,0
1285,23,outside,0,0.0,0.0,0.0,0,1
1285,23,station_8,8,90.334,1.25,0.35,1,0
1285,23,station_19,19,112.064,1.25,0.9,1,0
1285,23,station_25,25,55.093,0.9,0.666,1,0
1285,23,station_28,28,9.747,0.9,0.755,1,0
1286,5,outside,0,0.0,0.0,0.0,0,1
1286,5,station_8,8,100.125,1.25,0.35,1,0
1286,5,station_19,19,116.708,1.25,0.9,1,0
1286,5,station_25,25,51.061,0.9,0.666,1,0
1286,5,station_28,28,20.857,0.9,0.755,1,0
1287,54,outside,0,0.0,0.0,0.0,0,1
1287,54,station_8,8,62.425,1.25,0.35,1,0
1287,54,station_19,19,108.183,1.25,0.9,1,0
1287,54,station_25,25,94.799,0.9,0.666,1,0
1287,54,station_28,28,53.296,0.9,0.755,1,0
1288,28,outside,0,0.0,0.0,0.0,0,1
1288,28,station_8,8,45.893,1.25,0.35,1,0
1288,28,station_19,19,17.858,1.25,0.9,1,0
1288,28,station_25,25,63.65,0.9,0.666,1,0
1288,28,station_28,28,100.112,0.9,0.755,1,0
1289,21,outside,0,0.0,0.0,0.0,0,1
1289,21,station_8,8,129.476,1.25,0.35,1,0
1289,21,station_19,19,167.479,1.25,0.9,1,0
1289,21,station_25,25,121.663,0.9,0.666,1,0
1289,21,station_28,28,57.205,0.9,0.755,1,0
1290,29,outside,0,0.0,0.0,0.0,0,1
1290,29,station_8,8,90.575,1.25,0.35,1,0
1290,29,station_19,19,126.377,1.25,0.9,1,0
1290,29,station_25,25,86.174,0.9,0.666,1,0
1290,29,station_28,28,24.94,0.9,0.755,1,0
1291,37,outside,0,0.0,0.0,0.0,0,1
1291,37,station_8,8,68.494,1.25,0.35,1,0
1291,37,station_19,19,27.417,1.25,0.9,1,0
1291,37,station_25,25,59.272,0.9,0.666,1,0
1291,37,station_28,28,109.137,0.9,0.755,1,0
1292,17,outside,0,0.0,0.0,0.0,0,1
1292,17,station_8,8,63.784,1.25,0.35,1,0
1292,17,station_19,19,70.418,1.25,0.9,1,0
1292,17,station_25,25,27.153,0.9,0.666,1,0
1292,17,station_28,28,50.824,0.9,0.755,1,0
1293,57,outside,0,0.0,0.0,0.0,0,1
1293,57,station_8,8,83.823,1.25,0.35,1,0
1293,57,station_19,19,81.369,1.25,0.9,1,0
1293,57,station_25,25,8.476,0.9,0.666,1,0
1293,57,station_28,28,56.282,0.9,0.755,1,0
1294,57,outside,0,0.0,0.0,0.0,0,1
1294,57,station_8,8,83.823,1.25,0.35,1,0
1294,57,station_19,19,81.369,1.25,0.9,1,0
1294,57,station_25,25,8.476,0.9,0.666,1,0
1294,57,station_28,28,56.282,0.9,0.755,1,0
1295,20,outside,0,0.0,0.0,0.0,0,1
1295,20,station_8,8,125.682,1.25,0.35,1,0
1295,20,station_19,19,154.077,1.25,0.9,1,0
1295,20,station_25,25,95.28,0.9,0.666,1,0
1295,20,station_28,28,36.427,0.9,0.755,1,0
1296,14,outside,0,0.0,0.0,0.0,0,0
1296,14,station_8,8,69.896,1.25,0.35,1,0
1296,14,station_19,19,67.32,1.25,0.9,1,0
1296,14,station_25,25,17.838,0.9,0.666,1,1
1296,14,station_28,28,60.29,0.9,0.755,1,0
1297,45,outside,0,0.0,0.0,0.0,0,0
1297,45,station_8,8,106.32,1.25,0.35,1,0
1297,45,station_19,19,130.298,1.25,0.9,1,0
1297,45,station_25,25,70.449,0.9,0.666,1,0
1297,45,station_28,28,14.633,0.9,0.755,1,1
1298,77,outside,0,0.0,0.0,0.0,0,1
1298,77,station_8,8,15.566,1.25,0.35,1,0
1298,77,station_19,19,38.912,1.25,0.9,1,0
1298,77,station_25,25,76.359,0.9,0.666,1,0
1298,77,station_28,28,90.868,0.9,0.755,1,0
1299,55,outside,0,0.0,0.0,0.0,0,1
1299,55,station_8,8,70.571,1.25,0.35,1,0
1299,55,station_19,19,22.336,1.25,0.9,1,0
1299,55,station_25,25,98.744,0.9,0.666,1,0
1299,55,station_28,28,139.9,0.9,0.755,1,0
1300,8,outside,0,0.0,0.0,0.0,0,1
1300,8,station_8,8,4.571,1.25,0.35,1,0
1300,8,station_19,19,49.873,1.25,0.9,1,0
1300,8,station_25,25,83.221,0.9,0.666,1,0
1300,8,station_28,28,89.191,0.9,0.755,1,0
1301,9,outside,0,0.0,0.0,0.0,0,0
1301,9,station_8,8,60.179,1.25,0.35,1,0
1301,9,station_19,19,10.891,1.25,0.9,1,1
1301,9,station_25,25,89.553,0.9,0.666,1,0
1301,9,station_28,28,128.538,0.9,0.755,1,0
1302,8,outside,0,0.0,0.0,0.0,0,1
1302,8,station_8,8,4.571,1.25,0.35,1,0
1302,8,station_19,19,49.873,1.25,0.9,1,0
1302,8,station_25,25,83.221,0.9,0.666,1,0
1302,8,station_28,28,89.191,0.9,0.755,1,0
1303,58,outside,0,0.0,0.0,0.0,0,1
1303,58,station_8,8,70.988,1.25,0.35,1,0
1303,58,station_19,19,46.308,1.25,0.9,1,0
1303,58,station_25,25,35.817,0.9,0.666,1,0
1303,58,station_28,28,89.487,0.9,0.755,1,0
1304,27,outside,0,0.0,0.0,0.0,0,1
1304,27,station_8,8,83.882,1.25,0.35,1,0
1304,27,station_19,19,95.907,1.25,0.9,1,0
1304,27,station_25,25,33.242,0.9,0.666,1,0
1304,27,station_28,28,31.308,0.9,0.755,1,0
1305,68,outside,0,0.0,0.0,0.0,0,1
1305,68,station_8,8,30.047,1.25,0.35,1,0
1305,68,station_19,19,72.698,1.25,0.9,1,0
1305,68,station_25,25,75.575,0.9,0.666,1,0
1305,68,station_28,28,63.183,0.9,0.755,1,0
1306,19,outside,0,0.0,0.0,0.0,0,1
1306,19,station_8,8,135.682,1.25,0.35,1,0
1306,19,station_19,19,169.296,1.25,0.9,1,0
1306,19,station_25,25,115.78,0.9,0.666,1,0
1306,19,station_28,28,53.427,0.9,0.755,1,0
1307,46,outside,0,0.0,0.0,0.0,0,1
1307,46,station_8,8,50.091,1.25,0.35,1,0
1307,46,station_19,19,85.489,1.25,0.9,1,0
1307,46,station_25,25,66.439,0.9,0.666,1,0
1307,46,station_28,28,42.432,0.9,0.755,1,0
1308,46,outside,0,0.0,0.0,0.0,0,1
1308,46,station_8,8,50.091,1.25,0.35,1,0
1308,46,station_19,19,85.489,1.25,0.9,1,0
1308,46,station_25,25,66.439,0.9,0.666,1,0
1308,46,station_28,28,42.432,0.9,0.755,1,0
1309,41,outside,0,0.0,0.0,0.0,0,1
1309,41,station_8,8,84.6,1.25,0.35,1,0
1309,41,station_19,19,44.709,1.25,0.9,1,0
1309,41,station_25,25,54.471,0.9,0.666,1,0
1309,41,station_28,28,112.197,0.9,0.755,1,0
1310,64,outside,0,0.0,0.0,0.0,0,0
1310,64,station_8,8,88.473,1.25,0.35,1,0
1310,64,station_19,19,113.427,1.25,0.9,1,0
1310,64,station_25,25,60.627,0.9,0.666,1,0
1310,64,station_28,28,4.372,0.9,0.755,1,1
1311,23,outside,0,0.0,0.0,0.0,0,0
1311,23,station_8,8,90.334,1.25,0.35,1,0
1311,23,station_19,19,112.064,1.25,0.9,1,0
1311,23,station_25,25,55.093,0.9,0.666,1,0
1311,23,station_28,28,9.747,0.9,0.755,1,1
1312,57,outside,0,0.0,0.0,0.0,0,0
1312,57,station_8,8,83.823,1.25,0.35,1,0
1312,57,station_19,19,81.369,1.25,0.9,1,0
1312,57,station_25,25,8.476,0.9,0.666,1,1
1312,57,station_28,28,56.282,0.9,0.755,1,0
1313,13,outside,0,0.0,0.0,0.0,0,1
1313,13,station_8,8,26.846,1.25,0.35,1,0
1313,13,station_19,19,29.228,1.25,0.9,1,0
1313,13,station_25,25,89.473,0.9,0.666,1,0
1313,13,station_28,28,110.088,0.9,0.755,1,0
1314,12,outside,0,0.0,0.0,0.0,0,0
1314,12,station_8,8,16.711,1.25,0.35,1,1
1314,12,station_19,19,45.818,1.25,0.9,1,0
1314,12,station_25,25,97.417,0.9,0.666,1,0
1314,12,station_28,28,107.888,0.9,0.755,1,0
1315,22,outside,0,0.0,0.0,0.0,0,1
1315,22,station_8,8,75.15,1.25,0.35,1,0
1315,22,station_19,19,59.51,1.25,0.9,1,0
1315,22,station_25,25,21.007,0.9,0.666,1,0
1315,22,station_28,28,77.226,0.9,0.755,1,0
1316,50,outside,0,0.0,0.0,0.0,0,0
1316,50,station_8,8,75.498,1.25,0.35,1,0
1316,50,station_19,19,77.73,1.25,0.9,1,0
1316,50,station_25,25,16.997,0.9,0.666,1,1
1316,50,station_28,28,50.967,0.9,0.755,1,0
1317,24,outside,0,0.0,0.0,0.0,0,1
1317,24,station_8,8,59.502,1.25,0.35,1,0
1317,24,station_19,19,71.183,1.25,0.9,1,0
1317,24,station_25,25,33.7,0.9,0.666,1,0
1317,24,station_28,28,47.589,0.9,0.755,1,0
1318,50,outside,0,0.0,0.0,0.0,0,1
1318,50,station_8,8,75.498,1.25,0.35,1,0
1318,50,station_19,19,77.73,1.25,0.9,1,0
1318,50,station_25,25,16.997,0.9,0.666,1,0
1318,50,station_28,28,50.967,0.9,0.755,1,0
1319,14,outside,0,0.0,0.0,0.0,0,0
1319,14,station_8,8,69.896,1.25,0.35,1,0
1319,14,station_19,19,67.32,1.25,0.9,1,0
1319,14,station_25,25,17.838,0.9,0.666,1,1
1319,14,station_28,28,60.29,0.9,0.755,1,0
1320,24,outside,0,0.0,0.0,0.0,0,1
1320,24,station_8,8,59.502,1.25,0.35,1,0
1320,24,station_19,19,71.183,1.25,0.9,1,0
1320,24,station_25,25,33.7,0.9,0.666,1,0
1320,24,station_28,28,47.589,0.9,0.755,1,0
1321,15,outside,0,0.0,0.0,0.0,0,1
1321,15,station_8,8,76.282,1.25,0.35,1,0
1321,15,station_19,19,40.814,1.25,0.9,1,0
1321,15,station_25,25,48.434,0.9,0.666,1,0
1321,15,station_28,28,103.654,0.9,0.755,1,0
1322,59,outside,0,0.0,0.0,0.0,0,1
1322,59,station_8,8,101.758,1.25,0.35,1,0
1322,59,station_19,19,111.107,1.25,0.9,1,0
1322,59,station_25,25,38.654,0.9,0.666,1,0
1322,59,station_28,28,35.203,0.9,0.755,1,0
1323,57,outside,0,0.0,0.0,0.0,0,0
1323,57,station_8,8,83.823,1.25,0.35,1,0
1323,57,station_19,19,81.369,1.25,0.9,1,0
1323,57,station_25,25,8.476,0.9,0.666,1,1
1323,57,station_28,28,56.282,0.9,0.755,1,0
1324,24,outside,0,0.0,0.0,0.0,0,1
1324,24,station_8,8,59.502,1.25,0.35,1,0
1324,24,station_19,19,71.183,1.25,0.9,1,0
1324,24,station_25,25,33.7,0.9,0.666,1,0
1324,24,station_28,28,47.589,0.9,0.755,1,0
1325,48,outside,0,0.0,0.0,0.0,0,0
1325,48,station_8,8,60.151,1.25,0.35,1,0
1325,48,station_19,19,7.649,1.25,0.9,1,1
1325,48,station_25,25,80.4,0.9,0.666,1,0
1325,48,station_28,28,121.872,0.9,0.755,1,0
1326,79,outside,0,0.0,0.0,0.0,0,1
1326,79,station_8,8,99.13,1.25,0.35,1,0
1326,79,station_19,19,126.347,1.25,0.9,1,0
1326,79,station_25,25,72.25,0.9,0.666,1,0
1326,79,station_28,28,8.805,0.9,0.755,1,0
1327,57,outside,0,0.0,0.0,0.0,0,1
1327,57,station_8,8,83.823,1.25,0.35,1,0
1327,57,station_19,19,81.369,1.25,0.9,1,0
1327,57,station_25,25,8.476,0.9,0.666,1,0
1327,57,station_28,28,56.282,0.9,0.755,1,0
1328,35,outside,0,0.0,0.0,0.0,0,1
1328,35,station_8,8,5.157,1.25,0.35,1,0
1328,35,station_19,19,56.506,1.25,0.9,1,0
1328,35,station_25,25,92.499,0.9,0.666,1,0
1328,35,station_28,28,94.18,0.9,0.755,1,0
1329,10,outside,0,0.0,0.0,0.0,0,1
1329,10,station_8,8,39.742,1.25,0.35,1,0
1329,10,station_19,19,76.751,1.25,0.9,1,0
1329,10,station_25,25,67.733,0.9,0.666,1,0
1329,10,station_28,28,52.375,0.9,0.755,1,0
1330,30,outside,0,0.0,0.0,0.0,0,1
1330,30,station_8,8,143.851,1.25,0.35,1,0
1330,30,station_19,19,166.198,1.25,0.9,1,0
1330,30,station_25,25,98.299,0.9,0.666,1,0
1330,30,station_28,28,52.084,0.9,0.755,1,0
1331,18,outside,0,0.0,0.0,0.0,0,1
1331,18,station_8,8,57.722,1.25,0.35,1,0
1331,18,station_19,19,85.165,1.25,0.9,1,0
1331,18,station_25,25,54.276,0.9,0.666,1,0
1331,18,station_28,28,34.63,0.9,0.755,1,0
1332,16,outside,0,0.0,0.0,0.0,0,1
1332,16,station_8,8,76.931,1.25,0.35,1,0
1332,16,station_19,19,80.887,1.25,0.9,1,0
1332,16,station_25,25,18.805,0.9,0.666,1,0
1332,16,station_28,28,47.707,0.9,0.755,1,0
1333,58,outside,0,0.0,0.0,0.0,0,1
1333,58,station_8,8,70.988,1.25,0.35,1,0
1333,58,station_19,19,46.308,1.25,0.9,1,0
1333,58,station_25,25,35.817,0.9,0.666,1,0
1333,58,station_28,28,89.487,0.9,0.755,1,0
1334,77,outside,0,0.0,0.0,0.0,0,1
1334,77,station_8,8,15.566,1.25,0.35,1,0
1334,77,station_19,19,38.912,1.25,0.9,1,0
1334,77,station_25,25,76.359,0.9,0.666,1,0
1334,77,station_28,28,90.868,0.9,0.755,1,0
1335,1,outside,0,0.0,0.0,0.0,0,1
1335,1,station_8,8,70.31,1.25,0.35,1,0
1335,1,station_19,19,20.578,1.25,0.9,1,0
1335,1,station_25,25,73.376,0.9,0.666,1,0
1335,1,station_28,28,121.38,0.9,0.755,1,0
1336,27,outside,0,0.0,0.0,0.0,0,1
1336,27,station_8,8,83.882,1.25,0.35,1,0
1336,27,station_19,19,95.907,1.25,0.9,1,0
1336,27,station_25,25,33.242,0.9,0.666,1,0
1336,27,station_28,28,31.308,0.9,0.755,1,0
1337,23,outside,0,0.0,0.0,0.0,0,0
1337,23,station_8,8,90.334,1.25,0.35,1,0
1337,23,station_19,19,112.064,1.25,0.9,1,0
1337,23,station_25,25,55.093,0.9,0.666,1,0
1337,23,station_28,28,9.747,0.9,0.755,1,1
1338,6,outside,0,0.0,0.0,0.0,0,0
1338,6,station_8,8,98.145,1.25,0.35,1,0
1338,6,station_19,19,113.947,1.25,0.9,1,0
1338,6,station_25,25,48.196,0.9,0.666,1,1
1338,6,station_28,28,21.955,0.9,0.755,1,0
1339,57,outside,0,0.0,0.0,0.0,0,0
1339,57,station_8,8,83.823,1.25,0.35,1,0
1339,57,station_19,19,81.369,1.25,0.9,1,0
1339,57,station_25,25,8.476,0.9,0.666,1,1
1339,57,station_28,28,56.282,0.9,0.755,1,0
1340,6,outside,0,0.0,0.0,0.0,0,0
1340,6,station_8,8,98.145,1.25,0.35,1,0
1340,6,station_19,19,113.947,1.25,0.9,1,0
1340,6,station_25,25,48.196,0.9,0.666,1,0
1340,6,station_28,28,21.955,0.9,0.755,1,1
1341,69,outside,0,0.0,0.0,0.0,0,1
1341,69,station_8,8,146.654,1.25,0.35,1,0
1341,69,station_19,19,170.447,1.25,0.9,1,0
1341,69,station_25,25,103.682,0.9,0.666,1,0
1341,69,station_28,28,55.049,0.9,0.755,1,0
1342,24,outside,0,0.0,0.0,0.0,0,1
1342,24,station_8,8,59.502,1.25,0.35,1,0
1342,24,station_19,19,71.183,1.25,0.9,1,0
1342,24,station_25,25,33.7,0.9,0.666,1,0
1342,24,station_28,28,47.589,0.9,0.755,1,0
1343,14,outside,0,0.0,0.0,0.0,0,1
1343,14,station_8,8,69.896,1.25,0.35,1,0
1343,14,station_19,19,67.32,1.25,0.9,1,0
1343,14,station_25,25,17.838,0.9,0.666,1,0
1343,14,station_28,28,60.29,0.9,0.755,1,0
1344,58,outside,0,0.0,0.0,0.0,0,1
1344,58,station_8,8,70.988,1.25,0.35,1,0
1344,58,station_19,19,46.308,1.25,0.9,1,0
1344,58,station_25,25,35.817,0.9,0.666,1,0
1344,58,station_28,28,89.487,0.9,0.755,1,0
1345,9,outside,0,0.0,0.0,0.0,0,0
1345,9,station_8,8,60.179,1.25,0.35,1,0
1345,9,station_19,19,10.891,1.25,0.9,1,1
1345,9,station_25,25,89.553,0.9,0.666,1,0
1345,9,station_28,28,128.538,0.9,0.755,1,0
1346,31,outside,0,0.0,0.0,0.0,0,1
1346,31,station_8,8,78.215,1.25,0.35,1,0
1346,31,station_19,19,113.719,1.25,0.9,1,0
1346,31,station_25,25,77.83,0.9,0.666,1,0
1346,31,station_28,28,24.111,0.9,0.755,1,0
1347,31,outside,0,0.0,0.0,0.0,0,1
1347,31,station_8,8,78.215,1.25,0.35,1,0
1347,31,station_19,19,113.719,1.25,0.9,1,0
1347,31,station_25,25,77.83,0.9,0.666,1,0
1347,31,station_28,28,24.111,0.9,0.755,1,0
1348,56,outside,0,0.0,0.0,0.0,0,1
1348,56,station_8,8,65.404,1.25,0.35,1,0
1348,56,station_19,19,111.818,1.25,0.9,1,0
1348,56,station_25,25,98.529,0.9,0.666,1,0
1348,56,station_28,28,55.292,0.9,0.755,1,0
1349,40,outside,0,0.0,0.0,0.0,0,1
1349,40,station_8,8,50.28,1.25,0.35,1,0
1349,40,station_19,19,63.179,1.25,0.9,1,0
1349,40,station_25,25,39.841,0.9,0.666,1,0
1349,40,station_28,28,54.545,0.9,0.755,1,0
1350,69,outside,0,0.0,0.0,0.0,0,1
1350,69,station_8,8,146.654,1.25,0.35,1,0
1350,69,station_19,19,170.447,1.25,0.9,1,0
1350,69,station_25,25,103.682,0.9,0.666,1,0
1350,69,station_28,28,55.049,0.9,0.755,1,0
1351,28,outside,0,0.0,0.0,0.0,0,1
1351,28,station_8,8,45.893,1.25,0.35,1,0
1351,28,station_19,19,17.858,1.25,0.9,1,0
1351,28,station_25,25,63.65,0.9,0.666,1,0
1351,28,station_28,28,100.112,0.9,0.755,1,0
1352,77,outside,0,0.0,0.0,0.0,0,1
1352,77,station_8,8,15.566,1.25,0.35,1,0
1352,77,station_19,19,38.912,1.25,0.9,1,0
1352,77,station_25,25,76.359,0.9,0.666,1,0
1352,77,station_28,28,90.868,0.9,0.755,1,0
1353,26,outside,0,0.0,0.0,0.0,0,1
1353,26,station_8,8,81.733,1.25,0.35,1,0
1353,26,station_19,19,123.747,1.25,0.9,1,0
1353,26,station_25,25,96.277,0.9,0.666,1,0
1353,26,station_28,28,41.766,0.9,0.755,1,0
1354,78,outside,0,0.0,0.0,0.0,0,1
1354,78,station_8,8,85.507,1.25,0.35,1,0
1354,78,station_19,19,51.361,1.25,0.9,1,0
1354,78,station_25,25,44.406,0.9,0.666,1,0
1354,78,station_28,28,104.032,0.9,0.755,1,0
1355,46,outside,0,0.0,0.0,0.0,0,1
1355,46,station_8,8,50.091,1.25,0.35,1,0
1355,46,station_19,19,85.489,1.25,0.9,1,0
1355,46,station_25,25,66.439,0.9,0.666,1,0
1355,46,station_28,28,42.432,0.9,0.755,1,0
1356,40,outside,0,0.0,0.0,0.0,0,1
1356,40,station_8,8,50.28,1.25,0.35,1,0
1356,40,station_19,19,63.179,1.25,0.9,1,0
1356,40,station_25,25,39.841,0.9,0.666,1,0
1356,40,station_28,28,54.545,0.9,0.755,1,0
1357,42,outside,0,0.0,0.0,0.0,0,1
1357,42,station_8,8,67.43,1.25,0.35,1,0
1357,42,station_19,19,14.888,1.25,0.9,1,0
1357,42,station_25,25,85.138,0.9,0.666,1,0
1357,42,station_28,28,128.906,0.9,0.755,1,0
1358,62,outside,0,0.0,0.0,0.0,0,0
1358,62,station_8,8,101.631,1.25,0.35,1,0
1358,62,station_19,19,125.187,1.25,0.9,1,0
1358,62,station_25,25,66.178,0.9,0.666,1,0
1358,62,station_28,28,10.43,0.9,0.755,1,1
1359,57,outside,0,0.0,0.0,0.0,0,1
1359,57,station_8,8,83.823,1.25,0.35,1,0
1359,57,station_19,19,81.369,1.25,0.9,1,0
1359,57,station_25,25,8.476,0.9,0.666,1,0
1359,57,station_28,28,56.282,0.9,0.755,1,0
1360,47,outside,0,0.0,0.0,0.0,0,1
1360,47,station_8,8,69.469,1.25,0.35,1,0
1360,47,station_19,19,26.159,1.25,0.9,1,0
1360,47,station_25,25,62.253,0.9,0.666,1,0
1360,47,station_28,28,112.087,0.9,0.755,1,0
1361,42,outside,0,0.0,0.0,0.0,0,1
1361,42,station_8,8,67.43,1.25,0.35,1,0
1361,42,station_19,19,14.888,1.25,0.9,1,0
1361,42,station_25,25,85.138,0.9,0.666,1,0
1361,42,station_28,28,128.906,0.9,0.755,1,0
1362,29,outside,0,0.0,0.0,0.0,0,1
1362,29,station_8,8,90.575,1.25,0.35,1,0
1362,29,station_19,19,126.377,1.25,0.9,1,0
1362,29,station_25,25,86.174,0.9,0.666,1,0
1362,29,station_28,28,24.94,0.9,0.755,1,0
1363,28,outside,0,0.0,0.0,0.0,0,1
1363,28,station_8,8,45.893,1.25,0.35,1,0
1363,28,station_19,19,17.858,1.25,0.9,1,0
1363,28,station_25,25,63.65,0.9,0.666,1,0
1363,28,station_28,28,100.112,0.9,0.755,1,0
1364,13,outside,0,0.0,0.0,0.0,0,1
1364,13,station_8,8,26.846,1.25,0.35,1,0
1364,13,station_19,19,29.228,1.25,0.9,1,0
1364,13,station_25,25,89.473,0.9,0.666,1,0
1364,13,station_28,28,110.088,0.9,0.755,1,0
1365,15,outside,0,0.0,0.0,0.0,0,1
1365,15,station_8,8,76.282,1.25,0.35,1,0
1365,15,station_19,19,40.814,1.25,0.9,1,0
1365,15,station_25,25,48.434,0.9,0.666,1,0
1365,15,station_28,28,103.654,0.9,0.755,1,0
1366,59,outside,0,0.0,0.0,0.0,0,1
1366,59,station_8,8,101.758,1.25,0.35,1,0
1366,59,station_19,19,111.107,1.25,0.9,1,0
1366,59,station_25,25,38.654,0.9,0.666,1,0
1366,59,station_28,28,35.203,0.9,0.755,1,0
1367,62,outside,0,0.0,0.0,0.0,0,1
1367,62,station_8,8,101.631,1.25,0.35,1,0
1367,62,station_19,19,125.187,1.25,0.9,1,0
1367,62,station_25,25,66.178,0.9,0.666,1,0
1367,62,station_28,28,10.43,0.9,0.755,1,0
1368,17,outside,0,0.0,0.0,0.0,0,1
1368,17,station_8,8,63.784,1.25,0.35,1,0
1368,17,station_19,19,70.418,1.25,0.9,1,0
1368,17,station_25,25,27.153,0.9,0.666,1,0
1368,17,station_28,28,50.824,0.9,0.755,1,0
1369,3,outside,0,0.0,0.0,0.0,0,1
1369,3,station_8,8,66.181,1.25,0.35,1,0
1369,3,station_19,19,106.175,1.25,0.9,1,0
1369,3,station_25,25,81.895,0.9,0.666,1,0
1369,3,station_28,28,37.637,0.9,0.755,1,0
1370,77,outside,0,0.0,0.0,0.0,0,0
1370,77,station_8,8,15.566,1.25,0.35,1,1
1370,77,station_19,19,38.912,1.25,0.9,1,0
1370,77,station_25,25,76.359,0.9,0.666,1,0
1370,77,station_28,28,90.868,0.9,0.755,1,0
1371,23,outside,0,0.0,0.0,0.0,0,0
1371,23,station_8,8,90.334,1.25,0.35,1,0
1371,23,station_19,19,112.064,1.25,0.9,1,0
1371,23,station_25,25,55.093,0.9,0.666,1,0
1371,23,station_28,28,9.747,0.9,0.755,1,1
1372,75,outside,0,0.0,0.0,0.0,0,1
1372,75,station_8,8,75.194,1.25,0.35,1,0
1372,75,station_19,19,33.56,1.25,0.9,1,0
1372,75,station_25,25,112.096,0.9,0.666,1,0
1372,75,station_28,28,150.687,0.9,0.755,1,0
1373,77,outside,0,0.0,0.0,0.0,0,1
1373,77,station_8,8,15.566,1.25,0.35,1,0
1373,77,station_19,19,38.912,1.25,0.9,1,0
1373,77,station_25,25,76.359,0.9,0.666,1,0
1373,77,station_28,28,90.868,0.9,0.755,1,0
1374,14,outside,0,0.0,0.0,0.0,0,0
1374,14,station_8,8,69.896,1.25,0.35,1,0
1374,14,station_19,19,67.32,1.25,0.9,1,0
1374,14,station_25,25,17.838,0.9,0.666,1,1
1374,14,station_28,28,60.29,0.9,0.755,1,0
1375,5,outside,0,0.0,0.0,0.0,0,1
1375,5,station_8,8,100.125,1.25,0.35,1,0
1375,5,station_19,19,116.708,1.25,0.9,1,0
1375,5,station_25,25,51.061,0.9,0.666,1,0
1375,5,station_28,28,20.857,0.9,0.755,1,0
1376,32,outside,0,0.0,0.0,0.0,0,1
1376,32,station_8,8,122.583,1.25,0.35,1,0
1376,32,station_19,19,145.912,1.25,0.9,1,0
1376,32,station_25,25,81.891,0.9,0.666,1,0
1376,32,station_28,28,30.819,0.9,0.755,1,0
1377,2,outside,0,0.0,0.0,0.0,0,1
1377,2,station_8,8,4.679,1.25,0.35,1,0
1377,2,station_19,19,57.165,1.25,0.9,1,0
1377,2,station_25,25,90.696,0.9,0.666,1,0
1377,2,station_28,28,91.632,0.9,0.755,1,0
1378,23,outside,0,0.0,0.0,0.0,0,0
1378,23,station_8,8,90.334,1.25,0.35,1,0
1378,23,station_19,19,112.064,1.25,0.9,1,0
1378,23,station_25,25,55.093,0.9,0.666,1,0
1378,23,station_28,28,9.747,0.9,0.755,1,1
1379,16,outside,0,0.0,0.0,0.0,0,1
1379,16,station_8,8,76.931,1.25,0.35,1,0
1379,16,station_19,19,80.887,1.25,0.9,1,0
1379,16,station_25,25,18.805,0.9,0.666,1,0
1379,16,station_28,28,47.707,0.9,0.755,1,0
1380,28,outside,0,0.0,0.0,0.0,0,0
1380,28,station_8,8,45.893,1.25,0.35,1,0
1380,28,station_19,19,17.858,1.25,0.9,1,1
1380,28,station_25,25,63.65,0.9,0.666,1,0
1380,28,station_28,28,100.112,0.9,0.755,1,0
1381,41,outside,0,0.0,0.0,0.0,0,1
1381,41,station_8,8,84.6,1.25,0.35,1,0
1381,41,station_19,19,44.709,1.25,0.9,1,0
1381,41,station_25,25,54.471,0.9,0.666,1,0
1381,41,station_28,28,112.197,0.9,0.755,1,0
1382,27,outside,0,0.0,0.0,0.0,0,1
1382,27,station_8,8,83.882,1.25,0.35,1,0
1382,27,station_19,19,95.907,1.25,0.9,1,0
1382,27,station_25,25,33.242,0.9,0.666,1,0
1382,27,station_28,28,31.308,0.9,0.755,1,0
1383,40,outside,0,0.0,0.0,0.0,0,1
1383,40,station_8,8,50.28,1.25,0.35,1,0
1383,40,station_19,19,63.179,1.25,0.9,1,0
1383,40,station_25,25,39.841,0.9,0.666,1,0
1383,40,station_28,28,54.545,0.9,0.755,1,0
1384,57,outside,0,0.0,0.0,0.0,0,0
1384,57,station_8,8,83.823,1.25,0.35,1,0
1384,57,station_19,19,81.369,1.25,0.9,1,0
1384,57,station_25,25,8.476,0.9,0.666,1,1
1384,57,station_28,28,56.282,0.9,0.755,1,0
1385,57,outside,0,0.0,0.0,0.0,0,0
1385,57,station_8,8,83.823,1.25,0.35,1,0
1385,57,station_19,19,81.369,1.25,0.9,1,0
1385,57,station_25,25,8.476,0.9,0.666,1,1
1385,57,station_28,28,56.282,0.9,0.755,1,0
1386,20,outside,0,0.0,0.0,0.0,0,1
1386,20,station_8,8,125.682,1.25,0.35,1,0
1386,20,station_19,19,154.077,1.25,0.9,1,0
1386,20,station_25,25,95.28,0.9,0.666,1,0
1386,20,station_28,28,36.427,0.9,0.755,1,0
1387,78,outside,0,0.0,0.0,0.0,0,1
1387,78,station_8,8,85.507,1.25,0.35,1,0
1387,78,station_19,19,51.361,1.25,0.9,1,0
1387,78,station_25,25,44.406,0.9,0.666,1,0
1387,78,station_28,28,104.032,0.9,0.755,1,0
1388,19,outside,0,0.0,0.0,0.0,0,1
1388,19,station_8,8,135.682,1.25,0.35,1,0
1388,19,station_19,19,169.296,1.25,0.9,1,0
1388,19,station_25,25,115.78,0.9,0.666,1,0
1388,19,station_28,28,53.427,0.9,0.755,1,0
1389,44,outside,0,0.0,0.0,0.0,0,1
1389,44,station_8,8,109.761,1.25,0.35,1,0
1389,44,station_19,19,154.467,1.25,0.9,1,0
1389,44,station_25,25,125.06,0.9,0.666,1,0
1389,44,station_28,28,63.989,0.9,0.755,1,0
1390,54,outside,0,0.0,0.0,0.0,0,1
1390,54,station_8,8,62.425,1.25,0.35,1,0
1390,54,station_19,19,108.183,1.25,0.9,1,0
1390,54,station_25,25,94.799,0.9,0.666,1,0
1390,54,station_28,28,53.296,0.9,0.755,1,0
1391,64,outside,0,0.0,0.0,0.0,0,0
1391,64,station_8,8,88.473,1.25,0.35,1,0
1391,64,station_19,19,113.427,1.25,0.9,1,0
1391,64,station_25,25,60.627,0.9,0.666,1,0
1391,64,station_28,28,4.372,0.9,0.755,1,1
1392,67,outside,0,0.0,0.0,0.0,0,1
1392,67,station_8,8,75.235,1.25,0.35,1,0
1392,67,station_19,19,63.443,1.25,0.9,1,0
1392,67,station_25,25,16.514,0.9,0.666,1,0
1392,67,station_28,28,71.834,0.9,0.755,1,0
1393,78,outside,0,0.0,0.0,0.0,0,1
1393,78,station_8,8,85.507,1.25,0.35,1,0
1393,78,station_19,19,51.361,1.25,0.9,1,0
1393,78,station_25,25,44.406,0.9,0.666,1,0
1393,78,station_28,28,104.032,0.9,0.755,1,0
1394,36,outside,0,0.0,0.0,0.0,0,1
1394,36,station_8,8,49.761,1.25,0.35,1,0
1394,36,station_19,19,23.538,1.25,0.9,1,0
1394,36,station_25,25,101.025,0.9,0.666,1,0
1394,36,station_28,28,130.581,0.9,0.755,1,0
1395,74,outside,0,0.0,0.0,0.0,0,1
1395,74,station_8,8,32.229,1.25,0.35,1,0
1395,74,station_19,19,75.711,1.25,0.9,1,0
1395,74,station_25,25,77.248,0.9,0.666,1,0
1395,74,station_28,28,62.103,0.9,0.755,1,0
1396,20,outside,0,0.0,0.0,0.0,0,1
1396,20,station_8,8,125.682,1.25,0.35,1,0
1396,20,station_19,19,154.077,1.25,0.9,1,0
1396,20,station_25,25,95.28,0.9,0.666,1,0
1396,20,station_28,28,36.427,0.9,0.755,1,0
1397,43,outside,0,0.0,0.0,0.0,0,1
1397,43,station_8,8,108.193,1.25,0.35,1,0
1397,43,station_19,19,120.051,1.25,0.9,1,0
1397,43,station_25,25,48.125,0.9,0.666,1,0
1397,43,station_28,28,32.62,0.9,0.755,1,0
1398,6,outside,0,0.0,0.0,0.0,0,1
1398,6,station_8,8,98.145,1.25,0.35,1,0
1398,6,station_19,19,113.947,1.25,0.9,1,0
1398,6,station_25,25,48.196,0.9,0.666,1,0
1398,6,station_28,28,21.955,0.9,0.755,1,0
1399,56,outside,0,0.0,0.0,0.0,0,1
1399,56,station_8,8,65.404,1.25,0.35,1,0
1399,56,station_19,19,111.818,1.25,0.9,1,0
1399,56,station_25,25,98.529,0.9,0.666,1,0
1399,56,station_28,28,55.292,0.9,0.755,1,0
1400,19,outside,0,0.0,0.0,0.0,0,1
1400,19,station_8,8,135.682,1.25,0.35,1,0
1400,19,station_19,19,169.296,1.25,0.9,1,0
1400,19,station_25,25,115.78,0.9,0.666,1,0
1400,19,station_28,28,53.427,0.9,0.755,1,0
1401,68,outside,0,0.0,0.0,0.0,0,1
1401,68,station_8,8,30.047,1.25,0.35,1,0
1401,68,station_19,19,72.698,1.25,0.9,1,0
1401,68,station_25,25,75.575,0.9,0.666,1,0
1401,68,station_28,28,63.183,0.9,0.755,1,0
1402,8,outside,0,0.0,0.0,0.0,0,0
1402,8,station_8,8,4.571,1.25,0.35,1,1
1402,8,station_19,19,49.873,1.25,0.9,1,0
1402,8,station_25,25,83.221,0.9,0.666,1,0
1402,8,station_28,28,89.191,0.9,0.755,1,0
1403,65,outside,0,0.0,0.0,0.0,0,1
1403,65,station_8,8,95.69,1.25,0.35,1,0
1403,65,station_19,19,118.286,1.25,0.9,1,0
1403,65,station_25,25,60.162,0.9,0.666,1,0
1403,65,station_28,28,7.765,0.9,0.755,1,0
1404,45,outside,0,0.0,0.0,0.0,0,1
1404,45,station_8,8,106.32,1.25,0.35,1,0
1404,45,station_19,19,130.298,1.25,0.9,1,0
1404,45,station_25,25,70.449,0.9,0.666,1,0
1404,45,station_28,28,14.633,0.9,0.755,1,0
1405,65,outside,0,0.0,0.0,0.0,0,1
1405,65,station_8,8,95.69,1.25,0.35,1,0
1405,65,station_19,19,118.286,1.25,0.9,1,0
1405,65,station_25,25,60.162,0.9,0.666,1,0
1405,65,station_28,28,7.765,0.9,0.755,1,0
1406,8,outside,0,0.0,0.0,0.0,0,1
1406,8,station_8,8,4.571,1.25,0.35,1,0
1406,8,station_19,19,49.873,1.25,0.9,1,0
1406,8,station_25,25,83.221,0.9,0.666,1,0
1406,8,station_28,28,89.191,0.9,0.755,1,0
1407,40,outside,0,0.0,0.0,0.0,0,1
1407,40,station_8,8,50.28,1.25,0.35,1,0
1407,40,station_19,19,63.179,1.25,0.9,1,0
1407,40,station_25,25,39.841,0.9,0.666,1,0
1407,40,station_28,28,54.545,0.9,0.755,1,0
1408,10,outside,0,0.0,0.0,0.0,0,1
1408,10,station_8,8,39.742,1.25,0.35,1,0
1408,10,station_19,19,76.751,1.25,0.9,1,0
1408,10,station_25,25,67.733,0.9,0.666,1,0
1408,10,station_28,28,52.375,0.9,0.755,1,0
1409,40,outside,0,0.0,0.0,0.0,0,1
1409,40,station_8,8,50.28,1.25,0.35,1,0
1409,40,station_19,19,63.179,1.25,0.9,1,0
1409,40,station_25,25,39.841,0.9,0.666,1,0
1409,40,station_28,28,54.545,0.9,0.755,1,0
1410,26,outside,0,0.0,0.0,0.0,0,1
1410,26,station_8,8,81.733,1.25,0.35,1,0
1410,26,station_19,19,123.747,1.25,0.9,1,0
1410,26,station_25,25,96.277,0.9,0.666,1,0
1410,26,station_28,28,41.766,0.9,0.755,1,0
1411,22,outside,0,0.0,0.0,0.0,0,0
1411,22,station_8,8,75.15,1.25,0.35,1,0
1411,22,station_19,19,59.51,1.25,0.9,1,0
1411,22,station_25,25,21.007,0.9,0.666,1,1
1411,22,station_28,28,77.226,0.9,0.755,1,0
1412,24,outside,0,0.0,0.0,0.0,0,1
1412,24,station_8,8,59.502,1.25,0.35,1,0
1412,24,station_19,19,71.183,1.25,0.9,1,0
1412,24,station_25,25,33.7,0.9,0.666,1,0
1412,24,station_28,28,47.589,0.9,0.755,1,0
1413,57,outside,0,0.0,0.0,0.0,0,0
1413,57,station_8,8,83.823,1.25,0.35,1,0
1413,57,station_19,19,81.369,1.25,0.9,1,0
1413,57,station_25,25,8.476,0.9,0.666,1,1
1413,57,station_28,28,56.282,0.9,0.755,1,0
1414,10,outside,0,0.0,0.0,0.0,0,1
1414,10,station_8,8,39.742,1.25,0.35,1,0
1414,10,station_19,19,76.751,1.25,0.9,1,0
1414,10,station_25,25,67.733,0.9,0.666,1,0
1414,10,station_28,28,52.375,0.9,0.755,1,0
1415,39,outside,0,0.0,0.0,0.0,0,1
1415,39,station_8,8,57.569,1.25,0.35,1,0
1415,39,station_19,19,15.638,1.25,0.9,1,0
1415,39,station_25,25,95.59,0.9,0.666,1,0
1415,39,station_28,28,131.33,0.9,0.755,1,0
1416,8,outside,0,0.0,0.0,0.0,0,1
1416,8,station_8,8,4.571,1.25,0.35,1,0
1416,8,station_19,19,49.873,1.25,0.9,1,0
1416,8,station_25,25,83.221,0.9,0.666,1,0
1416,8,station_28,28,89.191,0.9,0.755,1,0
1417,77,outside,0,0.0,0.0,0.0,0,1
1417,77,station_8,8,15.566,1.25,0.35,1,0
1417,77,station_19,19,38.912,1.25,0.9,1,0
1417,77,station_25,25,76.359,0.9,0.666,1,0
1417,77,station_28,28,90.868,0.9,0.755,1,0
1418,58,outside,0,0.0,0.0,0.0,0,1
1418,58,station_8,8,70.988,1.25,0.35,1,0
1418,58,station_19,19,46.308,1.25,0.9,1,0
1418,58,station_25,25,35.817,0.9,0.666,1,0
1418,58,station_28,28,89.487,0.9,0.755,1,0
1419,62,outside,0,0.0,0.0,0.0,0,1
1419,62,station_8,8,101.631,1.25,0.35,1,0
1419,62,station_19,19,125.187,1.25,0.9,1,0
1419,62,station_25,25,66.178,0.9,0.666,1,0
1419,62,station_28,28,10.43,0.9,0.755,1,0
1420,70,outside,0,0.0,0.0,0.0,0,1
1420,70,station_8,8,75.014,1.25,0.35,1,0
1420,70,station_19,19,122.596,1.25,0.9,1,0
1420,70,station_25,25,108.626,0.9,0.666,1,0
1420,70,station_28,28,60.868,0.9,0.755,1,0
1421,64,outside,0,0.0,0.0,0.0,0,0
1421,64,station_8,8,88.473,1.25,0.35,1,0
1421,64,station_19,19,113.427,1.25,0.9,1,0
1421,64,station_25,25,60.627,0.9,0.666,1,0
1421,64,station_28,28,4.372,0.9,0.755,1,1
1422,42,outside,0,0.0,0.0,0.0,0,1
1422,42,station_8,8,67.43,1.25,0.35,1,0
1422,42,station_19,19,14.888,1.25,0.9,1,0
1422,42,station_25,25,85.138,0.9,0.666,1,0
1422,42,station_28,28,128.906,0.9,0.755,1,0
1423,24,outside,0,0.0,0.0,0.0,0,1
1423,24,station_8,8,59.502,1.25,0.35,1,0
1423,24,station_19,19,71.183,1.25,0.9,1,0
1423,24,station_25,25,33.7,0.9,0.666,1,0
1423,24,station_28,28,47.589,0.9,0.755,1,0
1424,50,outside,0,0.0,0.0,0.0,0,1
1424,50,station_8,8,75.498,1.25,0.35,1,0
1424,50,station_19,19,77.73,1.25,0.9,1,0
1424,50,station_25,25,16.997,0.9,0.666,1,0
1424,50,station_28,28,50.967,0.9,0.755,1,0
1425,67,outside,0,0.0,0.0,0.0,0,0
1425,67,station_8,8,75.235,1.25,0.35,1,0
1425,67,station_19,19,63.443,1.25,0.9,1,0
1425,67,station_25,25,16.514,0.9,0.666,1,1
1425,67,station_28,28,71.834,0.9,0.755,1,0
1426,38,outside,0,0.0,0.0,0.0,0,1
1426,38,station_8,8,122.799,1.25,0.35,1,0
1426,38,station_19,19,142.992,1.25,0.9,1,0
1426,38,station_25,25,75.759,0.9,0.666,1,0
1426,38,station_28,28,32.057,0.9,0.755,1,0
1427,26,outside,0,0.0,0.0,0.0,0,1
1427,26,station_8,8,81.733,1.25,0.35,1,0
1427,26,station_19,19,123.747,1.25,0.9,1,0
1427,26,station_25,25,96.277,0.9,0.666,1,0
1427,26,station_28,28,41.766,0.9,0.755,1,0
1428,65,outside,0,0.0,0.0,0.0,0,1
1428,65,station_8,8,95.69,1.25,0.35,1,0
1428,65,station_19,19,118.286,1.25,0.9,1,0
1428,65,station_25,25,60.162,0.9,0.666,1,0
1428,65,station_28,28,7.765,0.9,0.755,1,0
1429,33,outside,0,0.0,0.0,0.0,0,1
1429,33,station_8,8,102.404,1.25,0.35,1,0
1429,33,station_19,19,53.528,1.25,0.9,1,0
1429,33,station_25,25,79.257,0.9,0.666,1,0
1429,33,station_28,28,138.237,0.9,0.755,1,0
1430,74,outside,0,0.0,0.0,0.0,0,1
1430,74,station_8,8,32.229,1.25,0.35,1,0
1430,74,station_19,19,75.711,1.25,0.9,1,0
1430,74,station_25,25,77.248,0.9,0.666,1,0
1430,74,station_28,28,62.103,0.9,0.755,1,0
1431,24,outside,0,0.0,0.0,0.0,0,1
1431,24,station_8,8,59.502,1.25,0.35,1,0
1431,24,station_19,19,71.183,1.25,0.9,1,0
1431,24,station_25,25,33.7,0.9,0.666,1,0
1431,24,station_28,28,47.589,0.9,0.755,1,0
1432,67,outside,0,0.0,0.0,0.0,0,1
1432,67,station_8,8,75.235,1.25,0.35,1,0
1432,67,station_19,19,63.443,1.25,0.9,1,0
1432,67,station_25,25,16.514,0.9,0.666,1,0
1432,67,station_28,28,71.834,0.9,0.755,1,0
1433,72,outside,0,0.0,0.0,0.0,0,1
1433,72,station_8,8,108.042,1.25,0.35,1,0
1433,72,station_19,19,129.488,1.25,0.9,1,0
1433,72,station_25,25,66.488,0.9,0.666,1,0
1433,72,station_28,28,17.792,0.9,0.755,1,0
1434,26,outside,0,0.0,0.0,0.0,0,1
1434,26,station_8,8,81.733,1.25,0.35,1,0
1434,26,station_19,19,123.747,1.25,0.9,1,0
1434,26,station_25,25,96.277,0.9,0.666,1,0
1434,26,station_28,28,41.766,0.9,0.755,1,0
1435,50,outside,0,0.0,0.0,0.0,0,1
1435,50,station_8,8,75.498,1.25,0.35,1,0
1435,50,station_19,19,77.73,1.25,0.9,1,0
1435,50,station_25,25,16.997,0.9,0.666,1,0
1435,50,station_28,28,50.967,0.9,0.755,1,0
1436,39,outside,0,0.0,0.0,0.0,0,1
1436,39,station_8,8,57.569,1.25,0.35,1,0
1436,39,station_19,19,15.638,1.25,0.9,1,0
1436,39,station_25,25,95.59,0.9,0.666,1,0
1436,39,station_28,28,131.33,0.9,0.755,1,0
1437,57,outside,0,0.0,0.0,0.0,0,0
1437,57,station_8,8,83.823,1.25,0.35,1,0
1437,57,station_19,19,81.369,1.25,0.9,1,0
1437,57,station_25,25,8.476,0.9,0.666,1,1
1437,57,station_28,28,56.282,0.9,0.755,1,0
1438,7,outside,0,0.0,0.0,0.0,0,1
1438,7,station_8,8,85.244,1.25,0.35,1,0
1438,7,station_19,19,55.162,1.25,0.9,1,0
1438,7,station_25,25,37.637,0.9,0.666,1,0
1438,7,station_28,28,98.08,0.9,0.755,1,0
1439,27,outside,0,0.0,0.0,0.0,0,1
1439,27,station_8,8,83.882,1.25,0.35,1,0
1439,27,station_19,19,95.907,1.25,0.9,1,0
1439,27,station_25,25,33.242,0.9,0.666,1,0
1439,27,station_28,28,31.308,0.9,0.755,1,0
1440,28,outside,0,0.0,0.0,0.0,0,1
1440,28,station_8,8,45.893,1.25,0.35,1,0
1440,28,station_19,19,17.858,1.25,0.9,1,0
1440,28,station_25,25,63.65,0.9,0.666,1,0
1440,28,station_28,28,100.112,0.9,0.755,1,0
1441,57,outside,0,0.0,0.0,0.0,0,1
1441,57,station_8,8,83.823,1.25,0.35,1,0
1441,57,station_19,19,81.369,1.25,0.9,1,0
1441,57,station_25,25,8.476,0.9,0.666,1,0
1441,57,station_28,28,56.282,0.9,0.755,1,0
1442,24,outside,0,0.0,0.0,0.0,0,1
1442,24,station_8,8,59.502,1.25,0.35,1,0
1442,24,station_19,19,71.183,1.25,0.9,1,0
1442,24,station_25,25,33.7,0.9,0.666,1,0
1442,24,station_28,28,47.589,0.9,0.755,1,0
1443,46,outside,0,0.0,0.0,0.0,0,1
1443,46,station_8,8,50.091,1.25,0.35,1,0
1443,46,station_19,19,85.489,1.25,0.9,1,0
1443,46,station_25,25,66.439,0.9,0.666,1,0
1443,46,station_28,28,42.432,0.9,0.755,1,0
1444,60,outside,0,0.0,0.0,0.0,0,1
1444,60,station_8,8,90.016,1.25,0.35,1,0
1444,60,station_19,19,37.449,1.25,0.9,1,0
1444,60,station_25,25,92.489,0.9,0.666,1,0
1444,60,station_28,28,144.031,0.9,0.755,1,0
1445,14,outside,0,0.0,0.0,0.0,0,0
1445,14,station_8,8,69.896,1.25,0.35,1,0
1445,14,station_19,19,67.32,1.25,0.9,1,0
1445,14,station_25,25,17.838,0.9,0.666,1,1
1445,14,station_28,28,60.29,0.9,0.755,1,0
1446,15,outside,0,0.0,0.0,0.0,0,1
1446,15,station_8,8,76.282,1.25,0.35,1,0
1446,15,station_19,19,40.814,1.25,0.9,1,0
1446,15,station_25,25,48.434,0.9,0.666,1,0
1446,15,station_28,28,103.654,0.9,0.755,1,0
1447,43,outside,0,0.0,0.0,0.0,0,1
1447,43,station_8,8,108.193,1.25,0.35,1,0
1447,43,station_19,19,120.051,1.25,0.9,1,0
1447,43,station_25,25,48.125,0.9,0.666,1,0
1447,43,station_28,28,32.62,0.9,0.755,1,0
1448,12,outside,0,0.0,0.0,0.0,0,1
1448,12,station_8,8,16.711,1.25,0.35,1,0
1448,12,station_19,19,45.818,1.25,0.9,1,0
1448,12,station_25,25,97.417,0.9,0.666,1,0
1448,12,station_28,28,107.888,0.9,0.755,1,0
1449,27,outside,0,0.0,0.0,0.0,0,1
1449,27,station_8,8,83.882,1.25,0.35,1,0
1449,27,station_19,19,95.907,1.25,0.9,1,0
1449,27,station_25,25,33.242,0.9,0.666,1,0
1449,27,station_28,28,31.308,0.9,0.755,1,0
1450,38,outside,0,0.0,0.0,0.0,0,1
1450,38,station_8,8,122.799,1.25,0.35,1,0
1450,38,station_19,19,142.992,1.25,0.9,1,0
1450,38,station_25,25,75.759,0.9,0.666,1,0
1450,38,station_28,28,32.057,0.9,0.755,1,0
1451,76,outside,0,0.0,0.0,0.0,0,1
1451,76,station_8,8,84.21,1.25,0.35,1,0
1451,76,station_19,19,124.474,1.25,0.9,1,0
1451,76,station_25,25,93.218,0.9,0.666,1,0
1451,76,station_28,28,36.679,0.9,0.755,1,0
1452,77,outside,0,0.0,0.0,0.0,0,1
1452,77,station_8,8,15.566,1.25,0.35,1,0
1452,77,station_19,19,38.912,1.25,0.9,1,0
1452,77,station_25,25,76.359,0.9,0.666,1,0
1452,77,station_28,28,90.868,0.9,0.755,1,0
1453,53,outside,0,0.0,0.0,0.0,0,1
1453,53,station_8,8,107.748,1.25,0.35,1,0
1453,53,station_19,19,153.115,1.25,0.9,1,0
1453,53,station_25,25,125.618,0.9,0.666,1,0
1453,53,station_28,28,65.388,0.9,0.755,1,0
1454,15,outside,0,0.0,0.0,0.0,0,1
1454,15,station_8,8,76.282,1.25,0.35,1,0
1454,15,station_19,19,40.814,1.25,0.9,1,0
1454,15,station_25,25,48.434,0.9,0.666,1,0
1454,15,station_28,28,103.654,0.9,0.755,1,0
1455,18,outside,0,0.0,0.0,0.0,0,1
1455,18,station_8,8,57.722,1.25,0.35,1,0
1455,18,station_19,19,85.165,1.25,0.9,1,0
1455,18,station_25,25,54.276,0.9,0.666,1,0
1455,18,station_28,28,34.63,0.9,0.755,1,0
1456,67,outside,0,0.0,0.0,0.0,0,0
1456,67,station_8,8,75.235,1.25,0.35,1,0
1456,67,station_19,19,63.443,1.25,0.9,1,0
1456,67,station_25,25,16.514,0.9,0.666,1,1
1456,67,station_28,28,71.834,0.9,0.755,1,0
1457,66,outside,0,0.0,0.0,0.0,0,1
1457,66,station_8,8,130.066,1.25,0.35,1,0
1457,66,station_19,19,166.347,1.25,0.9,1,0
1457,66,station_25,25,117.664,0.9,0.666,1,0
1457,66,station_28,28,53.6,0.9,0.755,1,0
1458,27,outside,0,0.0,0.0,0.0,0,1
1458,27,station_8,8,83.882,1.25,0.35,1,0
1458,27,station_19,19,95.907,1.25,0.9,1,0
1458,27,station_25,25,33.242,0.9,0.666,1,0
1458,27,station_28,28,31.308,0.9,0.755,1,0
1459,34,outside,0,0.0,0.0,0.0,0,1
1459,34,station_8,8,35.693,1.25,0.35,1,0
1459,34,station_19,19,36.459,1.25,0.9,1,0
1459,34,station_25,25,104.209,0.9,0.666,1,0
1459,34,station_28,28,123.909,0.9,0.755,1,0
1460,50,outside,0,0.0,0.0,0.0,0,1
1460,50,station_8,8,75.498,1.25,0.35,1,0
1460,50,station_19,19,77.73,1.25,0.9,1,0
1460,50,station_25,25,16.997,0.9,0.666,1,0
1460,50,station_28,28,50.967,0.9,0.755,1,0
1461,80,outside,0,0.0,0.0,0.0,0,1
1461,80,station_8,8,79.716,1.25,0.35,1,0
1461,80,station_19,19,50.2,1.25,0.9,1,0
1461,80,station_25,25,38.164,0.9,0.666,1,0
1461,80,station_28,28,96.269,0.9,0.755,1,0
1462,21,outside,0,0.0,0.0,0.0,0,1
1462,21,station_8,8,129.476,1.25,0.35,1,0
1462,21,station_19,19,167.479,1.25,0.9,1,0
1462,21,station_25,25,121.663,0.9,0.666,1,0
1462,21,station_28,28,57.205,0.9,0.755,1,0
1463,77,outside,0,0.0,0.0,0.0,0,1
1463,77,station_8,8,15.566,1.25,0.35,1,0
1463,77,station_19,19,38.912,1.25,0.9,1,0
1463,77,station_25,25,76.359,0.9,0.666,1,0
1463,77,station_28,28,90.868,0.9,0.755,1,0
1464,7,outside,0,0.0,0.0,0.0,0,1
1464,7,station_8,8,85.244,1.25,0.35,1,0
1464,7,station_19,19,55.162,1.25,0.9,1,0
1464,7,station_25,25,37.637,0.9,0.666,1,0
1464,7,station_28,28,98.08,0.9,0.755,1,0
1465,11,outside,0,0.0,0.0,0.0,0,1
1465,11,station_8,8,138.319,1.25,0.35,1,0
1465,11,station_19,19,158.632,1.25,0.9,1,0
1465,11,station_25,25,89.422,0.9,0.666,1,0
1465,11,station_28,28,46.921,0.9,0.755,1,0
1466,68,outside,0,0.0,0.0,0.0,0,1
1466,68,station_8,8,30.047,1.25,0.35,1,0
1466,68,station_19,19,72.698,1.25,0.9,1,0
1466,68,station_25,25,75.575,0.9,0.666,1,0
1466,68,station_28,28,63.183,0.9,0.755,1,0
1467,17,outside,0,0.0,0.0,0.0,0,1
1467,17,station_8,8,63.784,1.25,0.35,1,0
1467,17,station_19,19,70.418,1.25,0.9,1,0
1467,17,station_25,25,27.153,0.9,0.666,1,0
1467,17,station_28,28,50.824,0.9,0.755,1,0
1468,77,outside,0,0.0,0.0,0.0,0,0
1468,77,station_8,8,15.566,1.25,0.35,1,1
1468,77,station_19,19,38.912,1.25,0.9,1,0
1468,77,station_25,25,76.359,0.9,0.666,1,0
1468,77,station_28,28,90.868,0.9,0.755,1,0
1469,2,outside,0,0.0,0.0,0.0,0,1
1469,2,station_8,8,4.679,1.25,0.35,1,0
1469,2,station_19,19,57.165,1.25,0.9,1,0
1469,2,station_25,25,90.696,0.9,0.666,1,0
1469,2,station_28,28,91.632,0.9,0.755,1,0
1470,65,outside,0,0.0,0.0,0.0,0,1
1470,65,station_8,8,95.69,1.25,0.35,1,0
1470,65,station_19,19,118.286,1.25,0.9,1,0
1470,65,station_25,25,60.162,0.9,0.666,1,0
1470,65,station_28,28,7.765,0.9,0.755,1,0
1471,15,outside,0,0.0,0.0,0.0,0,1
1471,15,station_8,8,76.282,1.25,0.35,1,0
1471,15,station_19,19,40.814,1.25,0.9,1,0
1471,15,station_25,25,48.434,0.9,0.666,1,0
1471,15,station_28,28,103.654,0.9,0.755,1,0
1472,24,outside,0,0.0,0.0,0.0,0,1
1472,24,station_8,8,59.502,1.25,0.35,1,0
1472,24,station_19,19,71.183,1.25,0.9,1,0
1472,24,station_25,25,33.7,0.9,0.666,1,0
1472,24,station_28,28,47.589,0.9,0.755,1,0
1473,67,outside,0,0.0,0.0,0.0,0,1
1473,67,station_8,8,75.235,1.25,0.35,1,0
1473,67,station_19,19,63.443,1.25,0.9,1,0
1473,67,station_25,25,16.514,0.9,0.666,1,0
1473,67,station_28,28,71.834,0.9,0.755,1,0
1474,27,outside,0,0.0,0.0,0.0,0,1
1474,27,station_8,8,83.882,1.25,0.35,1,0
1474,27,station_19,19,95.907,1.25,0.9,1,0
1474,27,station_25,25,33.242,0.9,0.666,1,0
1474,27,station_28,28,31.308,0.9,0.755,1,0
1475,8,outside,0,0.0,0.0,0.0,0,1
1475,8,station_8,8,4.571,1.25,0.35,1,0
1475,8,station_19,19,49.873,1.25,0.9,1,0
1475,8,station_25,25,83.221,0.9,0.666,1,0
1475,8,station_28,28,89.191,0.9,0.755,1,0
1476,48,outside,0,0.0,0.0,0.0,0,0
1476,48,station_8,8,60.151,1.25,0.35,1,0
1476,48,station_19,19,7.649,1.25,0.9,1,1
1476,48,station_25,25,80.4,0.9,0.666,1,0
1476,48,station_28,28,121.872,0.9,0.755,1,0
1477,53,outside,0,0.0,0.0,0.0,0,1
1477,53,station_8,8,107.748,1.25,0.35,1,0
1477,53,station_19,19,153.115,1.25,0.9,1,0
1477,53,station_25,25,125.618,0.9,0.666,1,0
1477,53,station_28,28,65.388,0.9,0.755,1,0
1478,13,outside,0,0.0,0.0,0.0,0,0
1478,13,station_8,8,26.846,1.25,0.35,1,0
1478,13,station_19,19,29.228,1.25,0.9,1,1
1478,13,station_25,25,89.473,0.9,0.666,1,0
1478,13,station_28,28,110.088,0.9,0.755,1,0
1479,16,outside,0,0.0,0.0,0.0,0,0
1479,16,station_8,8,76.931,1.25,0.35,1,0
1479,16,station_19,19,80.887,1.25,0.9,1,0
1479,16,station_25,25,18.805,0.9,0.666,1,1
1479,16,station_28,28,47.707,0.9,0.755,1,0
1480,2,outside,0,0.0,0.0,0.0,0,1
1480,2,station_8,8,4.679,1.25,0.35,1,0
1480,2,station_19,19,57.165,1.25,0.9,1,0
1480,2,station_25,25,90.696,0.9,0.666,1,0
1480,2,station_28,28,91.632,0.9,0.755,1,0
1481,14,outside,0,0.0,0.0,0.0,0,1
1481,14,station_8,8,69.896,1.25,0.35,1,0
1481,14,station_19,19,67.32,1.25,0.9,1,0
1481,14,station_25,25,17.838,0.9,0.666,1,0
1481,14,station_28,28,60.29,0.9,0.755,1,0
1482,23,outside,0,0.0,0.0,0.0,0,0
1482,23,station_8,8,90.334,1.25,0.35,1,0
1482,23,station_19,19,112.064,1.25,0.9,1,0
1482,23,station_25,25,55.093,0.9,0.666,1,0
1482,23,station_28,28,9.747,0.9,0.755,1,1
1483,57,outside,0,0.0,0.0,0.0,0,1
1483,57,station_8,8,83.823,1.25,0.35,1,0
1483,57,station_19,19,81.369,1.25,0.9,1,0
1483,57,station_25,25,8.476,0.9,0.666,1,0
1483,57,station_28,28,56.282,0.9,0.755,1,0
1484,5,outside,0,0.0,0.0,0.0,0,1
1484,5,station_8,8,100.125,1.25,0.35,1,0
1484,5,station_19,19,116.708,1.25,0.9,1,0
1484,5,station_25,25,51.061,0.9,0.666,1,0
1484,5,station_28,28,20.857,0.9,0.755,1,0
1485,26,outside,0,0.0,0.0,0.0,0,1
1485,26,station_8,8,81.733,1.25,0.35,1,0
1485,26,station_19,19,123.747,1.25,0.9,1,0
1485,26,station_25,25,96.277,0.9,0.666,1,0
1485,26,station_28,28,41.766,0.9,0.755,1,0
1486,24,outside,0,0.0,0.0,0.0,0,1
1486,24,station_8,8,59.502,1.25,0.35,1,0
1486,24,station_19,19,71.183,1.25,0.9,1,0
1486,24,station_25,25,33.7,0.9,0.666,1,0
1486,24,station_28,28,47.589,0.9,0.755,1,0
1487,64,outside,0,0.0,0.0,0.0,0,0
1487,64,station_8,8,88.473,1.25,0.35,1,0
1487,64,station_19,19,113.427,1.25,0.9,1,0
1487,64,station_25,25,60.627,0.9,0.666,1,0
1487,64,station_28,28,4.372,0.9,0.755,1,1
1488,65,outside,0,0.0,0.0,0.0,0,0
1488,65,station_8,8,95.69,1.25,0.35,1,0
1488,65,station_19,19,118.286,1.25,0.9,1,0
1488,65,station_25,25,60.162,0.9,0.666,1,0
1488,65,station_28,28,7.765,0.9,0.755,1,1
1489,24,outside,0,0.0,0.0,0.0,0,0
1489,24,station_8,8,59.502,1.25,0.35,1,0
1489,24,station_19,19,71.183,1.25,0.9,1,0
1489,24,station_25,25,33.7,0.9,0.666,1,1
1489,24,station_28,28,47.589,0.9,0.755,1,0
1490,75,outside,0,0.0,0.0,0.0,0,1
1490,75,station_8,8,75.194,1.25,0.35,1,0
1490,75,station_19,19,33.56,1.25,0.9,1,0
1490,75,station_25,25,112.096,0.9,0.666,1,0
1490,75,station_28,28,150.687,0.9,0.755,1,0
1491,22,outside,0,0.0,0.0,0.0,0,1
1491,22,station_8,8,75.15,1.25,0.35,1,0
1491,22,station_19,19,59.51,1.25,0.9,1,0
1491,22,station_25,25,21.007,0.9,0.666,1,0
1491,22,station_28,28,77.226,0.9,0.755,1,0
1492,18,outside,0,0.0,0.0,0.0,0,1
1492,18,station_8,8,57.722,1.25,0.35,1,0
1492,18,station_19,19,85.165,1.25,0.9,1,0
1492,18,station_25,25,54.276,0.9,0.666,1,0
1492,18,station_28,28,34.63,0.9,0.755,1,0
1493,45,outside,0,0.0,0.0,0.0,0,1
1493,45,station_8,8,106.32,1.25,0.35,1,0
1493,45,station_19,19,130.298,1.25,0.9,1,0
1493,45,station_25,25,70.449,0.9,0.666,1,0
1493,45,station_28,28,14.633,0.9,0.755,1,0
1494,67,outside,0,0.0,0.0,0.0,0,0
1494,67,station_8,8,75.235,1.25,0.35,1,0
1494,67,station_19,19,63.443,1.25,0.9,1,0
1494,67,station_25,25,16.514,0.9,0.666,1,1
1494,67,station_28,28,71.834,0.9,0.755,1,0
1495,24,outside,0,0.0,0.0,0.0,0,1
1495,24,station_8,8,59.502,1.25,0.35,1,0
1495,24,station_19,19,71.183,1.25,0.9,1,0
1495,24,station_25,25,33.7,0.9,0.666,1,0
1495,24,station_28,28,47.589,0.9,0.755,1,0
1496,36,outside,0,0.0,0.0,0.0,0,1
1496,36,station_8,8,49.761,1.25,0.35,1,0
1496,36,station_19,19,23.538,1.25,0.9,1,0
1496,36,station_25,25,101.025,0.9,0.666,1,0
1496,36,station_28,28,130.581,0.9,0.755,1,0
1497,16,outside,0,0.0,0.0,0.0,0,0
1497,16,station_8,8,76.931,1.25,0.35,1,0
1497,16,station_19,19,80.887,1.25,0.9,1,0
1497,16,station_25,25,18.805,0.9,0.666,1,1
1497,16,station_28,28,47.707,0.9,0.755,1,0
1498,67,outside,0,0.0,0.0,0.0,0,1
1498,67,station_8,8,75.235,1.25,0.35,1,0
1498,67,station_19,19,63.443,1.25,0.9,1,0
1498,67,station_25,25,16.514,0.9,0.666,1,0
1498,67,station_28,28,71.834,0.9,0.755,1,0
1499,77,outside,0,0.0,0.0,0.0,0,1
1499,77,station_8,8,15.566,1.25,0.35,1,0
1499,77,station_19,19,38.912,1.25,0.9,1,0
1499,77,station_25,25,76.359,0.9,0.666,1,0
1499,77,station_28,28,90.868,0.9,0.755,1,0
1500,28,outside,0,0.0,0.0,0.0,0,0
1500,28,station_8,8,45.893,1.25,0.35,1,0
1500,28,station_19,19,17.858,1.25,0.9,1,1
1500,28,station_25,25,63.65,0.9,0.666,1,0
1500,28,station_28,28,100.112,0.9,0.755,1,0
1501,32,outside,0,0.0,0.0,0.0,0,1
1501,32,station_8,8,122.583,1.25,0.35,1,0
1501,32,station_19,19,145.912,1.25,0.9,1,0
1501,32,station_25,25,81.891,0.9,0.666,1,0
1501,32,station_28,28,30.819,0.9,0.755,1,0
1502,30,outside,0,0.0,0.0,0.0,0,1
1502,30,station_8,8,143.851,1.25,0.35,1,0
1502,30,station_19,19,166.198,1.25,0.9,1,0
1502,30,station_25,25,98.299,0.9,0.666,1,0
1502,30,station_28,28,52.084,0.9,0.755,1,0
1503,10,outside,0,0.0,0.0,0.0,0,1
1503,10,station_8,8,39.742,1.25,0.35,1,0
1503,10,station_19,19,76.751,1.25,0.9,1,0
1503,10,station_25,25,67.733,0.9,0.666,1,0
1503,10,station_28,28,52.375,0.9,0.755,1,0
1504,24,outside,0,0.0,0.0,0.0,0,1
1504,24,station_8,8,59.502,1.25,0.35,1,0
1504,24,station_19,19,71.183,1.25,0.9,1,0
1504,24,station_25,25,33.7,0.9,0.666,1,0
1504,24,station_28,28,47.589,0.9,0.755,1,0
1505,2,outside,0,0.0,0.0,0.0,0,1
1505,2,station_8,8,4.679,1.25,0.35,1,0
1505,2,station_19,19,57.165,1.25,0.9,1,0
1505,2,station_25,25,90.696,0.9,0.666,1,0
1505,2,station_28,28,91.632,0.9,0.755,1,0
1506,18,outside,0,0.0,0.0,0.0,0,1
1506,18,station_8,8,57.722,1.25,0.35,1,0
1506,18,station_19,19,85.165,1.25,0.9,1,0
1506,18,station_25,25,54.276,0.9,0.666,1,0
1506,18,station_28,28,34.63,0.9,0.755,1,0
1507,68,outside,0,0.0,0.0,0.0,0,1
1507,68,station_8,8,30.047,1.25,0.35,1,0
1507,68,station_19,19,72.698,1.25,0.9,1,0
1507,68,station_25,25,75.575,0.9,0.666,1,0
1507,68,station_28,28,63.183,0.9,0.755,1,0
1508,24,outside,0,0.0,0.0,0.0,0,1
1508,24,station_8,8,59.502,1.25,0.35,1,0
1508,24,station_19,19,71.183,1.25,0.9,1,0
1508,24,station_25,25,33.7,0.9,0.666,1,0
1508,24,station_28,28,47.589,0.9,0.755,1,0
1509,56,outside,0,0.0,0.0,0.0,0,1
1509,56,station_8,8,65.404,1.25,0.35,1,0
1509,56,station_19,19,111.818,1.25,0.9,1,0
1509,56,station_25,25,98.529,0.9,0.666,1,0
1509,56,station_28,28,55.292,0.9,0.755,1,0
1510,77,outside,0,0.0,0.0,0.0,0,1
1510,77,station_8,8,15.566,1.25,0.35,1,0
1510,77,station_19,19,38.912,1.25,0.9,1,0
1510,77,station_25,25,76.359,0.9,0.666,1,0
1510,77,station_28,28,90.868,0.9,0.755,1,0
1511,78,outside,0,0.0,0.0,0.0,0,1
1511,78,station_8,8,85.507,1.25,0.35,1,0
1511,78,station_19,19,51.361,1.25,0.9,1,0
1511,78,station_25,25,44.406,0.9,0.666,1,0
1511,78,station_28,28,104.032,0.9,0.755,1,0
1512,64,outside,0,0.0,0.0,0.0,0,0
1512,64,station_8,8,88.473,1.25,0.35,1,0
1512,64,station_19,19,113.427,1.25,0.9,1,0
1512,64,station_25,25,60.627,0.9,0.666,1,0
1512,64,station_28,28,4.372,0.9,0.755,1,1
1513,14,outside,0,0.0,0.0,0.0,0,1
1513,14,station_8,8,69.896,1.25,0.35,1,0
1513,14,station_19,19,67.32,1.25,0.9,1,0
1513,14,station_25,25,17.838,0.9,0.666,1,0
1513,14,station_28,28,60.29,0.9,0.755,1,0
1514,27,outside,0,0.0,0.0,0.0,0,1
1514,27,station_8,8,83.882,1.25,0.35,1,0
1514,27,station_19,19,95.907,1.25,0.9,1,0
1514,27,station_25,25,33.242,0.9,0.666,1,0
1514,27,station_28,28,31.308,0.9,0.755,1,0
1515,36,outside,0,0.0,0.0,0.0,0,1
1515,36,station_8,8,49.761,1.25,0.35,1,0
1515,36,station_19,19,23.538,1.25,0.9,1,0
1515,36,station_25,25,101.025,0.9,0.666,1,0
1515,36,station_28,28,130.581,0.9,0.755,1,0
1516,17,outside,0,0.0,0.0,0.0,0,1
1516,17,station_8,8,63.784,1.25,0.35,1,0
1516,17,station_19,19,70.418,1.25,0.9,1,0
1516,17,station_25,25,27.153,0.9,0.666,1,0
1516,17,station_28,28,50.824,0.9,0.755,1,0
1517,77,outside,0,0.0,0.0,0.0,0,0
1517,77,station_8,8,15.566,1.25,0.35,1,1
1517,77,station_19,19,38.912,1.25,0.9,1,0
1517,77,station_25,25,76.359,0.9,0.666,1,0
1517,77,station_28,28,90.868,0.9,0.755,1,0
1518,8,outside,0,0.0,0.0,0.0,0,1
1518,8,station_8,8,4.571,1.25,0.35,1,0
1518,8,station_19,19,49.873,1.25,0.9,1,0
1518,8,station_25,25,83.221,0.9,0.666,1,0
1518,8,station_28,28,89.191,0.9,0.755,1,0
1519,57,outside,0,0.0,0.0,0.0,0,0
1519,57,station_8,8,83.823,1.25,0.35,1,0
1519,57,station_19,19,81.369,1.25,0.9,1,0
1519,57,station_25,25,8.476,0.9,0.666,1,1
1519,57,station_28,28,56.282,0.9,0.755,1,0
1520,12,outside,0,0.0,0.0,0.0,0,1
1520,12,station_8,8,16.711,1.25,0.35,1,0
1520,12,station_19,19,45.818,1.25,0.9,1,0
1520,12,station_25,25,97.417,0.9,0.666,1,0
1520,12,station_28,28,107.888,0.9,0.755,1,0
1521,72,outside,0,0.0,0.0,0.0,0,1
1521,72,station_8,8,108.042,1.25,0.35,1,0
1521,72,station_19,19,129.488,1.25,0.9,1,0
1521,72,station_25,25,66.488,0.9,0.666,1,0
1521,72,station_28,28,17.792,0.9,0.755,1,0
1522,31,outside,0,0.0,0.0,0.0,0,1
1522,31,station_8,8,78.215,1.25,0.35,1,0
1522,31,station_19,19,113.719,1.25,0.9,1,0
1522,31,station_25,25,77.83,0.9,0.666,1,0
1522,31,station_28,28,24.111,0.9,0.755,1,0
1523,17,outside,0,0.0,0.0,0.0,0,1
1523,17,station_8,8,63.784,1.25,0.35,1,0
1523,17,station_19,19,70.418,1.25,0.9,1,0
1523,17,station_25,25,27.153,0.9,0.666,1,0
1523,17,station_28,28,50.824,0.9,0.755,1,0
1524,13,outside,0,0.0,0.0,0.0,0,1
1524,13,station_8,8,26.846,1.25,0.35,1,0
1524,13,station_19,19,29.228,1.25,0.9,1,0
1524,13,station_25,25,89.473,0.9,0.666,1,0
1524,13,station_28,28,110.088,0.9,0.755,1,0
1525,10,outside,0,0.0,0.0,0.0,0,1
1525,10,station_8,8,39.742,1.25,0.35,1,0
1525,10,station_19,19,76.751,1.25,0.9,1,0
1525,10,station_25,25,67.733,0.9,0.666,1,0
1525,10,station_28,28,52.375,0.9,0.755,1,0
1526,64,outside,0,0.0,0.0,0.0,0,0
1526,64,station_8,8,88.473,1.25,0.35,1,0
1526,64,station_19,19,113.427,1.25,0.9,1,0
1526,64,station_25,25,60.627,0.9,0.666,1,0
1526,64,station_28,28,4.372,0.9,0.755,1,1
1527,4,outside,0,0.0,0.0,0.0,0,1
1527,4,station_8,8,123.283,1.25,0.35,1,0
1527,4,station_19,19,160.772,1.25,0.9,1,0
1527,4,station_25,25,115.162,0.9,0.666,1,0
1527,4,station_28,28,50.64,0.9,0.755,1,0
1528,58,outside,0,0.0,0.0,0.0,0,1
1528,58,station_8,8,70.988,1.25,0.35,1,0
1528,58,station_19,19,46.308,1.25,0.9,1,0
1528,58,station_25,25,35.817,0.9,0.666,1,0
1528,58,station_28,28,89.487,0.9,0.755,1,0
1529,61,outside,0,0.0,0.0,0.0,0,1
1529,61,station_8,8,84.684,1.25,0.35,1,0
1529,61,station_19,19,32.123,1.25,0.9,1,0
1529,61,station_25,25,92.771,0.9,0.666,1,0
1529,61,station_28,28,142.075,0.9,0.755,1,0
1530,13,outside,0,0.0,0.0,0.0,0,1
1530,13,station_8,8,26.846,1.25,0.35,1,0
1530,13,station_19,19,29.228,1.25,0.9,1,0
1530,13,station_25,25,89.473,0.9,0.666,1,0
1530,13,station_28,28,110.088,0.9,0.755,1,0
1531,24,outside,0,0.0,0.0,0.0,0,1
1531,24,station_8,8,59.502,1.25,0.35,1,0
1531,24,station_19,19,71.183,1.25,0.9,1,0
1531,24,station_25,25,33.7,0.9,0.666,1,0
1531,24,station_28,28,47.589,0.9,0.755,1,0
1532,41,outside,0,0.0,0.0,0.0,0,1
1532,41,station_8,8,84.6,1.25,0.35,1,0
1532,41,station_19,19,44.709,1.25,0.9,1,0
1532,41,station_25,25,54.471,0.9,0.666,1,0
1532,41,station_28,28,112.197,0.9,0.755,1,0
1533,40,outside,0,0.0,0.0,0.0,0,1
1533,40,station_8,8,50.28,1.25,0.35,1,0
1533,40,station_19,19,63.179,1.25,0.9,1,0
1533,40,station_25,25,39.841,0.9,0.666,1,0
1533,40,station_28,28,54.545,0.9,0.755,1,0
1534,12,outside,0,0.0,0.0,0.0,0,1
1534,12,station_8,8,16.711,1.25,0.35,1,0
1534,12,station_19,19,45.818,1.25,0.9,1,0
1534,12,station_25,25,97.417,0.9,0.666,1,0
1534,12,station_28,28,107.888,0.9,0.755,1,0
1535,8,outside,0,0.0,0.0,0.0,0,1
1535,8,station_8,8,4.571,1.25,0.35,1,0
1535,8,station_19,19,49.873,1.25,0.9,1,0
1535,8,station_25,25,83.221,0.9,0.666,1,0
1535,8,station_28,28,89.191,0.9,0.755,1,0
1536,59,outside,0,0.0,0.0,0.0,0,1
1536,59,station_8,8,101.758,1.25,0.35,1,0
1536,59,station_19,19,111.107,1.25,0.9,1,0
1536,59,station_25,25,38.654,0.9,0.666,1,0
1536,59,station_28,28,35.203,0.9,0.755,1,0
1537,46,outside,0,0.0,0.0,0.0,0,1
1537,46,station_8,8,50.091,1.25,0.35,1,0
1537,46,station_19,19,85.489,1.25,0.9,1,0
1537,46,station_25,25,66.439,0.9,0.666,1,0
1537,46,station_28,28,42.432,0.9,0.755,1,0
1538,78,outside,0,0.0,0.0,0.0,0,1
1538,78,station_8,8,85.507,1.25,0.35,1,0
1538,78,station_19,19,51.361,1.25,0.9,1,0
1538,78,station_25,25,44.406,0.9,0.666,1,0
1538,78,station_28,28,104.032,0.9,0.755,1,0
1539,76,outside,0,0.0,0.0,0.0,0,1
1539,76,station_8,8,84.21,1.25,0.35,1,0
1539,76,station_19,19,124.474,1.25,0.9,1,0
1539,76,station_25,25,93.218,0.9,0.666,1,0
1539,76,station_28,28,36.679,0.9,0.755,1,0
1540,16,outside,0,0.0,0.0,0.0,0,1
1540,16,station_8,8,76.931,1.25,0.35,1,0
1540,16,station_19,19,80.887,1.25,0.9,1,0
1540,16,station_25,25,18.805,0.9,0.666,1,0
1540,16,station_28,28,47.707,0.9,0.755,1,0
1541,27,outside,0,0.0,0.0,0.0,0,1
1541,27,station_8,8,83.882,1.25,0.35,1,0
1541,27,station_19,19,95.907,1.25,0.9,1,0
1541,27,station_25,25,33.242,0.9,0.666,1,0
1541,27,station_28,28,31.308,0.9,0.755,1,0
1542,43,outside,0,0.0,0.0,0.0,0,1
1542,43,station_8,8,108.193,1.25,0.35,1,0
1542,43,station_19,19,120.051,1.25,0.9,1,0
1542,43,station_25,25,48.125,0.9,0.666,1,0
1542,43,station_28,28,32.62,0.9,0.755,1,0
1543,1,outside,0,0.0,0.0,0.0,0,1
1543,1,station_8,8,70.31,1.25,0.35,1,0
1543,1,station_19,19,20.578,1.25,0.9,1,0
1543,1,station_25,25,73.376,0.9,0.666,1,0
1543,1,station_28,28,121.38,0.9,0.755,1,0
1544,24,outside,0,0.0,0.0,0.0,0,1
1544,24,station_8,8,59.502,1.25,0.35,1,0
1544,24,station_19,19,71.183,1.25,0.9,1,0
1544,24,station_25,25,33.7,0.9,0.666,1,0
1544,24,station_28,28,47.589,0.9,0.755,1,0
1545,18,outside,0,0.0,0.0,0.0,0,1
1545,18,station_8,8,57.722,1.25,0.35,1,0
1545,18,station_19,19,85.165,1.25,0.9,1,0
1545,18,station_25,25,54.276,0.9,0.666,1,0
1545,18,station_28,28,34.63,0.9,0.755,1,0
1546,43,outside,0,0.0,0.0,0.0,0,1
1546,43,station_8,8,108.193,1.25,0.35,1,0
1546,43,station_19,19,120.051,1.25,0.9,1,0
1546,43,station_25,25,48.125,0.9,0.666,1,0
1546,43,station_28,28,32.62,0.9,0.755,1,0
1547,62,outside,0,0.0,0.0,0.0,0,1
1547,62,station_8,8,101.631,1.25,0.35,1,0
1547,62,station_19,19,125.187,1.25,0.9,1,0
1547,62,station_25,25,66.178,0.9,0.666,1,0
1547,62,station_28,28,10.43,0.9,0.755,1,0
1548,35,outside,0,0.0,0.0,0.0,0,1
1548,35,station_8,8,5.157,1.25,0.35,1,0
1548,35,station_19,19,56.506,1.25,0.9,1,0
1548,35,station_25,25,92.499,0.9,0.666,1,0
1548,35,station_28,28,94.18,0.9,0.755,1,0
1549,46,outside,0,0.0,0.0,0.0,0,1
1549,46,station_8,8,50.091,1.25,0.35,1,0
1549,46,station_19,19,85.489,1.25,0.9,1,0
1549,46,station_25,25,66.439,0.9,0.666,1,0
1549,46,station_28,28,42.432,0.9,0.755,1,0
1550,27,outside,0,0.0,0.0,0.0,0,1
1550,27,station_8,8,83.882,1.25,0.35,1,0
1550,27,station_19,19,95.907,1.25,0.9,1,0
1550,27,station_25,25,33.242,0.9,0.666,1,0
1550,27,station_28,28,31.308,0.9,0.755,1,0
1551,17,outside,0,0.0,0.0,0.0,0,1
1551,17,station_8,8,63.784,1.25,0.35,1,0
1551,17,station_19,19,70.418,1.25,0.9,1,0
1551,17,station_25,25,27.153,0.9,0.666,1,0
1551,17,station_28,28,50.824,0.9,0.755,1,0
1552,22,outside,0,0.0,0.0,0.0,0,1
1552,22,station_8,8,75.15,1.25,0.35,1,0
1552,22,station_19,19,59.51,1.25,0.9,1,0
1552,22,station_25,25,21.007,0.9,0.666,1,0
1552,22,station_28,28,77.226,0.9,0.755,1,0
1553,37,outside,0,0.0,0.0,0.0,0,1
1553,37,station_8,8,68.494,1.25,0.35,1,0
1553,37,station_19,19,27.417,1.25,0.9,1,0
1553,37,station_25,25,59.272,0.9,0.666,1,0
1553,37,station_28,28,109.137,0.9,0.755,1,0
1554,45,outside,0,0.0,0.0,0.0,0,0
1554,45,station_8,8,106.32,1.25,0.35,1,0
1554,45,station_19,19,130.298,1.25,0.9,1,0
1554,45,station_25,25,70.449,0.9,0.666,1,0
1554,45,station_28,28,14.633,0.9,0.755,1,1
1555,56,outside,0,0.0,0.0,0.0,0,1
1555,56,station_8,8,65.404,1.25,0.35,1,0
1555,56,station_19,19,111.818,1.25,0.9,1,0
1555,56,station_25,25,98.529,0.9,0.666,1,0
1555,56,station_28,28,55.292,0.9,0.755,1,0
1556,23,outside,0,0.0,0.0,0.0,0,0
1556,23,station_8,8,90.334,1.25,0.35,1,0
1556,23,station_19,19,112.064,1.25,0.9,1,0
1556,23,station_25,25,55.093,0.9,0.666,1,0
1556,23,station_28,28,9.747,0.9,0.755,1,1
1557,22,outside,0,0.0,0.0,0.0,0,1
1557,22,station_8,8,75.15,1.25,0.35,1,0
1557,22,station_19,19,59.51,1.25,0.9,1,0
1557,22,station_25,25,21.007,0.9,0.666,1,0
1557,22,station_28,28,77.226,0.9,0.755,1,0
1558,12,outside,0,0.0,0.0,0.0,0,1
1558,12,station_8,8,16.711,1.25,0.35,1,0
1558,12,station_19,19,45.818,1.25,0.9,1,0
1558,12,station_25,25,97.417,0.9,0.666,1,0
1558,12,station_28,28,107.888,0.9,0.755,1,0
1559,13,outside,0,0.0,0.0,0.0,0,1
1559,13,station_8,8,26.846,1.25,0.35,1,0
1559,13,station_19,19,29.228,1.25,0.9,1,0
1559,13,station_25,25,89.473,0.9,0.666,1,0
1559,13,station_28,28,110.088,0.9,0.755,1,0
1560,14,outside,0,0.0,0.0,0.0,0,1
1560,14,station_8,8,69.896,1.25,0.35,1,0
1560,14,station_19,19,67.32,1.25,0.9,1,0
1560,14,station_25,25,17.838,0.9,0.666,1,0
1560,14,station_28,28,60.29,0.9,0.755,1,0
1561,40,outside,0,0.0,0.0,0.0,0,1
1561,40,station_8,8,50.28,1.25,0.35,1,0
1561,40,station_19,19,63.179,1.25,0.9,1,0
1561,40,station_25,25,39.841,0.9,0.666,1,0
1561,40,station_28,28,54.545,0.9,0.755,1,0
1562,26,outside,0,0.0,0.0,0.0,0,1
1562,26,station_8,8,81.733,1.25,0.35,1,0
1562,26,station_19,19,123.747,1.25,0.9,1,0
1562,26,station_25,25,96.277,0.9,0.666,1,0
1562,26,station_28,28,41.766,0.9,0.755,1,0
1563,72,outside,0,0.0,0.0,0.0,0,1
1563,72,station_8,8,108.042,1.25,0.35,1,0
1563,72,station_19,19,129.488,1.25,0.9,1,0
1563,72,station_25,25,66.488,0.9,0.666,1,0
1563,72,station_28,28,17.792,0.9,0.755,1,0
1564,63,outside,0,0.0,0.0,0.0,0,1
1564,63,station_8,8,30.308,1.25,0.35,1,0
1564,63,station_19,19,74.577,1.25,0.9,1,0
1564,63,station_25,25,78.28,0.9,0.666,1,0
1564,63,station_28,28,64.16,0.9,0.755,1,0
1565,54,outside,0,0.0,0.0,0.0,0,1
1565,54,station_8,8,62.425,1.25,0.35,1,0
1565,54,station_19,19,108.183,1.25,0.9,1,0
1565,54,station_25,25,94.799,0.9,0.666,1,0
1565,54,station_28,28,53.296,0.9,0.755,1,0
1566,4,outside,0,0.0,0.0,0.0,0,1
1566,4,station_8,8,123.283,1.25,0.35,1,0
1566,4,station_19,19,160.772,1.25,0.9,1,0
1566,4,station_25,25,115.162,0.9,0.666,1,0
1566,4,station_28,28,50.64,0.9,0.755,1,0
1567,34,outside,0,0.0,0.0,0.0,0,1
1567,34,station_8,8,35.693,1.25,0.35,1,0
1567,34,station_19,19,36.459,1.25,0.9,1,0
1567,34,station_25,25,104.209,0.9,0.666,1,0
1567,34,station_28,28,123.909,0.9,0.755,1,0
1568,41,outside,0,0.0,0.0,0.0,0,1
1568,41,station_8,8,84.6,1.25,0.35,1,0
1568,41,station_19,19,44.709,1.25,0.9,1,0
1568,41,station_25,25,54.471,0.9,0.666,1,0
1568,41,station_28,28,112.197,0.9,0.755,1,0
1569,47,outside,0,0.0,0.0,0.0,0,0
1569,47,station_8,8,69.469,1.25,0.35,1,0
1569,47,station_19,19,26.159,1.25,0.9,1,1
1569,47,station_25,25,62.253,0.9,0.666,1,0
1569,47,station_28,28,112.087,0.9,0.755,1,0
1570,14,outside,0,0.0,0.0,0.0,0,1
1570,14,station_8,8,69.896,1.25,0.35,1,0
1570,14,station_19,19,67.32,1.25,0.9,1,0
1570,14,station_25,25,17.838,0.9,0.666,1,0
1570,14,station_28,28,60.29,0.9,0.755,1,0
1571,27,outside,0,0.0,0.0,0.0,0,1
1571,27,station_8,8,83.882,1.25,0.35,1,0
1571,27,station_19,19,95.907,1.25,0.9,1,0
1571,27,station_25,25,33.242,0.9,0.666,1,0
1571,27,station_28,28,31.308,0.9,0.755,1,0
1572,17,outside,0,0.0,0.0,0.0,0,0
1572,17,station_8,8,63.784,1.25,0.35,1,0
1572,17,station_19,19,70.418,1.25,0.9,1,0
1572,17,station_25,25,27.153,0.9,0.666,1,1
1572,17,station_28,28,50.824,0.9,0.755,1,0
1573,41,outside,0,0.0,0.0,0.0,0,1
1573,41,station_8,8,84.6,1.25,0.35,1,0
1573,41,station_19,19,44.709,1.25,0.9,1,0
1573,41,station_25,25,54.471,0.9,0.666,1,0
1573,41,station_28,28,112.197,0.9,0.755,1,0
1574,14,outside,0,0.0,0.0,0.0,0,1
1574,14,station_8,8,69.896,1.25,0.35,1,0
1574,14,station_19,19,67.32,1.25,0.9,1,0
1574,14,station_25,25,17.838,0.9,0.666,1,0
1574,14,station_28,28,60.29,0.9,0.755,1,0
1575,66,outside,0,0.0,0.0,0.0,0,1
1575,66,station_8,8,130.066,1.25,0.35,1,0
1575,66,station_19,19,166.347,1.25,0.9,1,0
1575,66,station_25,25,117.664,0.9,0.666,1,0
1575,66,station_28,28,53.6,0.9,0.755,1,0
1576,12,outside,0,0.0,0.0,0.0,0,1
1576,12,station_8,8,16.711,1.25,0.35,1,0
1576,12,station_19,19,45.818,1.25,0.9,1,0
1576,12,station_25,25,97.417,0.9,0.666,1,0
1576,12,station_28,28,107.888,0.9,0.755,1,0
1577,78,outside,0,0.0,0.0,0.0,0,1
1577,78,station_8,8,85.507,1.25,0.35,1,0
1577,78,station_19,19,51.361,1.25,0.9,1,0
1577,78,station_25,25,44.406,0.9,0.666,1,0
1577,78,station_28,28,104.032,0.9,0.755,1,0
1578,74,outside,0,0.0,0.0,0.0,0,1
1578,74,station_8,8,32.229,1.25,0.35,1,0
1578,74,station_19,19,75.711,1.25,0.9,1,0
1578,74,station_25,25,77.248,0.9,0.666,1,0
1578,74,station_28,28,62.103,0.9,0.755,1,0
1579,23,outside,0,0.0,0.0,0.0,0,1
1579,23,station_8,8,90.334,1.25,0.35,1,0
1579,23,station_19,19,112.064,1.25,0.9,1,0
1579,23,station_25,25,55.093,0.9,0.666,1,0
1579,23,station_28,28,9.747,0.9,0.755,1,0
1580,38,outside,0,0.0,0.0,0.0,0,1
1580,38,station_8,8,122.799,1.25,0.35,1,0
1580,38,station_19,19,142.992,1.25,0.9,1,0
1580,38,station_25,25,75.759,0.9,0.666,1,0
1580,38,station_28,28,32.057,0.9,0.755,1,0
1581,67,outside,0,0.0,0.0,0.0,0,1
1581,67,station_8,8,75.235,1.25,0.35,1,0
1581,67,station_19,19,63.443,1.25,0.9,1,0
1581,67,station_25,25,16.514,0.9,0.666,1,0
1581,67,station_28,28,71.834,0.9,0.755,1,0
1582,78,outside,0,0.0,0.0,0.0,0,1
1582,78,station_8,8,85.507,1.25,0.35,1,0
1582,78,station_19,19,51.361,1.25,0.9,1,0
1582,78,station_25,25,44.406,0.9,0.666,1,0
1582,78,station_28,28,104.032,0.9,0.755,1,0
1583,38,outside,0,0.0,0.0,0.0,0,1
1583,38,station_8,8,122.799,1.25,0.35,1,0
1583,38,station_19,19,142.992,1.25,0.9,1,0
1583,38,station_25,25,75.759,0.9,0.666,1,0
1583,38,station_28,28,32.057,0.9,0.755,1,0
1584,17,outside,0,0.0,0.0,0.0,0,0
1584,17,station_8,8,63.784,1.25,0.35,1,0
1584,17,station_19,19,70.418,1.25,0.9,1,0
1584,17,station_25,25,27.153,0.9,0.666,1,1
1584,17,station_28,28,50.824,0.9,0.755,1,0
1585,60,outside,0,0.0,0.0,0.0,0,1
1585,60,station_8,8,90.016,1.25,0.35,1,0
1585,60,station_19,19,37.449,1.25,0.9,1,0
1585,60,station_25,25,92.489,0.9,0.666,1,0
1585,60,station_28,28,144.031,0.9,0.755,1,0
1586,35,outside,0,0.0,0.0,0.0,0,0
1586,35,station_8,8,5.157,1.25,0.35,1,1
1586,35,station_19,19,56.506,1.25,0.9,1,0
1586,35,station_25,25,92.499,0.9,0.666,1,0
1586,35,station_28,28,94.18,0.9,0.755,1,0
1587,45,outside,0,0.0,0.0,0.0,0,0
1587,45,station_8,8,106.32,1.25,0.35,1,0
1587,45,station_19,19,130.298,1.25,0.9,1,0
1587,45,station_25,25,70.449,0.9,0.666,1,0
1587,45,station_28,28,14.633,0.9,0.755,1,1
1588,31,outside,0,0.0,0.0,0.0,0,1
1588,31,station_8,8,78.215,1.25,0.35,1,0
1588,31,station_19,19,113.719,1.25,0.9,1,0
1588,31,station_25,25,77.83,0.9,0.666,1,0
1588,31,station_28,28,24.111,0.9,0.755,1,0
1589,7,outside,0,0.0,0.0,0.0,0,1
1589,7,station_8,8,85.244,1.25,0.35,1,0
1589,7,station_19,19,55.162,1.25,0.9,1,0
1589,7,station_25,25,37.637,0.9,0.666,1,0
1589,7,station_28,28,98.08,0.9,0.755,1,0
1590,50,outside,0,0.0,0.0,0.0,0,0
1590,50,station_8,8,75.498,1.25,0.35,1,0
1590,50,station_19,19,77.73,1.25,0.9,1,0
1590,50,station_25,25,16.997,0.9,0.666,1,1
1590,50,station_28,28,50.967,0.9,0.755,1,0
1591,16,outside,0,0.0,0.0,0.0,0,1
1591,16,station_8,8,76.931,1.25,0.35,1,0
1591,16,station_19,19,80.887,1.25,0.9,1,0
1591,16,station_25,25,18.805,0.9,0.666,1,0
1591,16,station_28,28,47.707,0.9,0.755,1,0
1592,22,outside,0,0.0,0.0,0.0,0,1
1592,22,station_8,8,75.15,1.25,0.35,1,0
1592,22,station_19,19,59.51,1.25,0.9,1,0
1592,22,station_25,25,21.007,0.9,0.666,1,0
1592,22,station_28,28,77.226,0.9,0.755,1,0
1593,31,outside,0,0.0,0.0,0.0,0,1
1593,31,station_8,8,78.215,1.25,0.35,1,0
1593,31,station_19,19,113.719,1.25,0.9,1,0
1593,31,station_25,25,77.83,0.9,0.666,1,0
1593,31,station_28,28,24.111,0.9,0.755,1,0
1594,18,outside,0,0.0,0.0,0.0,0,1
1594,18,station_8,8,57.722,1.25,0.35,1,0
1594,18,station_19,19,85.165,1.25,0.9,1,0
1594,18,station_25,25,54.276,0.9,0.666,1,0
1594,18,station_28,28,34.63,0.9,0.755,1,0
1595,13,outside,0,0.0,0.0,0.0,0,1
1595,13,station_8,8,26.846,1.25,0.35,1,0
1595,13,station_19,19,29.228,1.25,0.9,1,0
1595,13,station_25,25,89.473,0.9,0.666,1,0
1595,13,station_28,28,110.088,0.9,0.755,1,0
1596,2,outside,0,0.0,0.0,0.0,0,0
1596,2,station_8,8,4.679,1.25,0.35,1,1
1596,2,station_19,19,57.165,1.25,0.9,1,0
1596,2,station_25,25,90.696,0.9,0.666,1,0
1596,2,station_28,28,91.632,0.9,0.755,1,0
1597,59,outside,0,0.0,0.0,0.0,0,1
1597,59,station_8,8,101.758,1.25,0.35,1,0
1597,59,station_19,19,111.107,1.25,0.9,1,0
1597,59,station_25,25,38.654,0.9,0.666,1,0
1597,59,station_28,28,35.203,0.9,0.755,1,0
1598,15,outside,0,0.0,0.0,0.0,0,1
1598,15,station_8,8,76.282,1.25,0.35,1,0
1598,15,station_19,19,40.814,1.25,0.9,1,0
1598,15,station_25,25,48.434,0.9,0.666,1,0
1598,15,station_28,28,103.654,0.9,0.755,1,0
1599,24,outside,0,0.0,0.0,0.0,0,1
1599,24,station_8,8,59.502,1.25,0.35,1,0
1599,24,station_19,19,71.183,1.25,0.9,1,0
1599,24,station_25,25,33.7,0.9,0.666,1,0
1599,24,station_28,28,47.589,0.9,0.755,1,0
1600,23,outside,0,0.0,0.0,0.0,0,1
1600,23,station_8,8,90.334,1.25,0.35,1,0
1600,23,station_19,19,112.064,1.25,0.9,1,0
1600,23,station_25,25,55.093,0.9,0.666,1,0
1600,23,station_28,28,9.747,0.9,0.755,1,0
1601,34,outside,0,0.0,0.0,0.0,0,1
1601,34,station_8,8,35.693,1.25,0.35,1,0
1601,34,station_19,19,36.459,1.25,0.9,1,0
1601,34,station_25,25,104.209,0.9,0.666,1,0
1601,34,station_28,28,123.909,0.9,0.755,1,0
1602,4,outside,0,0.0,0.0,0.0,0,1
1602,4,station_8,8,123.283,1.25,0.35,1,0
1602,4,station_19,19,160.772,1.25,0.9,1,0
1602,4,station_25,25,115.162,0.9,0.666,1,0
1602,4,station_28,28,50.64,0.9,0.755,1,0
1603,69,outside,0,0.0,0.0,0.0,0,1
1603,69,station_8,8,146.654,1.25,0.35,1,0
1603,69,station_19,19,170.447,1.25,0.9,1,0
1603,69,station_25,25,103.682,0.9,0.666,1,0
1603,69,station_28,28,55.049,0.9,0.755,1,0
1604,14,outside,0,0.0,0.0,0.0,0,1
1604,14,station_8,8,69.896,1.25,0.35,1,0
1604,14,station_19,19,67.32,1.25,0.9,1,0
1604,14,station_25,25,17.838,0.9,0.666,1,0
1604,14,station_28,28,60.29,0.9,0.755,1,0
1605,34,outside,0,0.0,0.0,0.0,0,1
1605,34,station_8,8,35.693,1.25,0.35,1,0
1605,34,station_19,19,36.459,1.25,0.9,1,0
1605,34,station_25,25,104.209,0.9,0.666,1,0
1605,34,station_28,28,123.909,0.9,0.755,1,0
1606,40,outside,0,0.0,0.0,0.0,0,1
1606,40,station_8,8,50.28,1.25,0.35,1,0
1606,40,station_19,19,63.179,1.25,0.9,1,0
1606,40,station_25,25,39.841,0.9,0.666,1,0
1606,40,station_28,28,54.545,0.9,0.755,1,0
1607,7,outside,0,0.0,0.0,0.0,0,1
1607,7,station_8,8,85.244,1.25,0.35,1,0
1607,7,station_19,19,55.162,1.25,0.9,1,0
1607,7,station_25,25,37.637,0.9,0.666,1,0
1607,7,station_28,28,98.08,0.9,0.755,1,0
1608,53,outside,0,0.0,0.0,0.0,0,1
1608,53,station_8,8,107.748,1.25,0.35,1,0
1608,53,station_19,19,153.115,1.25,0.9,1,0
1608,53,station_25,25,125.618,0.9,0.666,1,0
1608,53,station_28,28,65.388,0.9,0.755,1,0
1609,3,outside,0,0.0,0.0,0.0,0,1
1609,3,station_8,8,66.181,1.25,0.35,1,0
1609,3,station_19,19,106.175,1.25,0.9,1,0
1609,3,station_25,25,81.895,0.9,0.666,1,0
1609,3,station_28,28,37.637,0.9,0.755,1,0
1610,64,outside,0,0.0,0.0,0.0,0,0
1610,64,station_8,8,88.473,1.25,0.35,1,0
1610,64,station_19,19,113.427,1.25,0.9,1,0
1610,64,station_25,25,60.627,0.9,0.666,1,0
1610,64,station_28,28,4.372,0.9,0.755,1,1
1611,27,outside,0,0.0,0.0,0.0,0,1
1611,27,station_8,8,83.882,1.25,0.35,1,0
1611,27,station_19,19,95.907,1.25,0.9,1,0
1611,27,station_25,25,33.242,0.9,0.666,1,0
1611,27,station_28,28,31.308,0.9,0.755,1,0
1612,68,outside,0,0.0,0.0,0.0,0,1
1612,68,station_8,8,30.047,1.25,0.35,1,0
1612,68,station_19,19,72.698,1.25,0.9,1,0
1612,68,station_25,25,75.575,0.9,0.666,1,0
1612,68,station_28,28,63.183,0.9,0.755,1,0
1613,59,outside,0,0.0,0.0,0.0,0,1
1613,59,station_8,8,101.758,1.25,0.35,1,0
1613,59,station_19,19,111.107,1.25,0.9,1,0
1613,59,station_25,25,38.654,0.9,0.666,1,0
1613,59,station_28,28,35.203,0.9,0.755,1,0
1614,28,outside,0,0.0,0.0,0.0,0,1
1614,28,station_8,8,45.893,1.25,0.35,1,0
1614,28,station_19,19,17.858,1.25,0.9,1,0
1614,28,station_25,25,63.65,0.9,0.666,1,0
1614,28,station_28,28,100.112,0.9,0.755,1,0
1615,51,outside,0,0.0,0.0,0.0,0,1
1615,51,station_8,8,46.117,1.25,0.35,1,0
1615,51,station_19,19,95.044,1.25,0.9,1,0
1615,51,station_25,25,95.245,0.9,0.666,1,0
1615,51,station_28,28,65.741,0.9,0.755,1,0
1616,47,outside,0,0.0,0.0,0.0,0,1
1616,47,station_8,8,69.469,1.25,0.35,1,0
1616,47,station_19,19,26.159,1.25,0.9,1,0
1616,47,station_25,25,62.253,0.9,0.666,1,0
1616,47,station_28,28,112.087,0.9,0.755,1,0
1617,77,outside,0,0.0,0.0,0.0,0,1
1617,77,station_8,8,15.566,1.25,0.35,1,0
1617,77,station_19,19,38.912,1.25,0.9,1,0
1617,77,station_25,25,76.359,0.9,0.666,1,0
1617,77,station_28,28,90.868,0.9,0.755,1,0
1618,8,outside,0,0.0,0.0,0.0,0,0
1618,8,station_8,8,4.571,1.25,0.35,1,1
1618,8,station_19,19,49.873,1.25,0.9,1,0
1618,8,station_25,25,83.221,0.9,0.666,1,0
1618,8,station_28,28,89.191,0.9,0.755,1,0
1619,40,outside,0,0.0,0.0,0.0,0,1
1619,40,station_8,8,50.28,1.25,0.35,1,0
1619,40,station_19,19,63.179,1.25,0.9,1,0
1619,40,station_25,25,39.841,0.9,0.666,1,0
1619,40,station_28,28,54.545,0.9,0.755,1,0
1620,78,outside,0,0.0,0.0,0.0,0,1
1620,78,station_8,8,85.507,1.25,0.35,1,0
1620,78,station_19,19,51.361,1.25,0.9,1,0
1620,78,station_25,25,44.406,0.9,0.666,1,0
1620,78,station_28,28,104.032,0.9,0.755,1,0
1621,14,outside,0,0.0,0.0,0.0,0,0
1621,14,station_8,8,69.896,1.25,0.35,1,0
1621,14,station_19,19,67.32,1.25,0.9,1,0
1621,14,station_25,25,17.838,0.9,0.666,1,1
1621,14,station_28,28,60.29,0.9,0.755,1,0
1622,8,outside,0,0.0,0.0,0.0,0,0
1622,8,station_8,8,4.571,1.25,0.35,1,1
1622,8,station_19,19,49.873,1.25,0.9,1,0
1622,8,station_25,25,83.221,0.9,0.666,1,0
1622,8,station_28,28,89.191,0.9,0.755,1,0
1623,42,outside,0,0.0,0.0,0.0,0,1
1623,42,station_8,8,67.43,1.25,0.35,1,0
1623,42,station_19,19,14.888,1.25,0.9,1,0
1623,42,station_25,25,85.138,0.9,0.666,1,0
1623,42,station_28,28,128.906,0.9,0.755,1,0
1624,5,outside,0,0.0,0.0,0.0,0,1
1624,5,station_8,8,100.125,1.25,0.35,1,0
1624,5,station_19,19,116.708,1.25,0.9,1,0
1624,5,station_25,25,51.061,0.9,0.666,1,0
1624,5,station_28,28,20.857,0.9,0.755,1,0
1625,54,outside,0,0.0,0.0,0.0,0,1
1625,54,station_8,8,62.425,1.25,0.35,1,0
1625,54,station_19,19,108.183,1.25,0.9,1,0
1625,54,station_25,25,94.799,0.9,0.666,1,0
1625,54,station_28,28,53.296,0.9,0.755,1,0
1626,77,outside,0,0.0,0.0,0.0,0,1
1626,77,station_8,8,15.566,1.25,0.35,1,0
1626,77,station_19,19,38.912,1.25,0.9,1,0
1626,77,station_25,25,76.359,0.9,0.666,1,0
1626,77,station_28,28,90.868,0.9,0.755,1,0
1627,17,outside,0,0.0,0.0,0.0,0,1
1627,17,station_8,8,63.784,1.25,0.35,1,0
1627,17,station_19,19,70.418,1.25,0.9,1,0
1627,17,station_25,25,27.153,0.9,0.666,1,0
1627,17,station_28,28,50.824,0.9,0.755,1,0
1628,24,outside,0,0.0,0.0,0.0,0,1
1628,24,station_8,8,59.502,1.25,0.35,1,0
1628,24,station_19,19,71.183,1.25,0.9,1,0
1628,24,station_25,25,33.7,0.9,0.666,1,0
1628,24,station_28,28,47.589,0.9,0.755,1,0
1629,8,outside,0,0.0,0.0,0.0,0,0
1629,8,station_8,8,4.571,1.25,0.35,1,1
1629,8,station_19,19,49.873,1.25,0.9,1,0
1629,8,station_25,25,83.221,0.9,0.666,1,0
1629,8,station_28,28,89.191,0.9,0.755,1,0
1630,13,outside,0,0.0,0.0,0.0,0,1
1630,13,station_8,8,26.846,1.25,0.35,1,0
1630,13,station_19,19,29.228,1.25,0.9,1,0
1630,13,station_25,25,89.473,0.9,0.666,1,0
1630,13,station_28,28,110.088,0.9,0.755,1,0
1631,67,outside,0,0.0,0.0,0.0,0,1
1631,67,station_8,8,75.235,1.25,0.35,1,0
1631,67,station_19,19,63.443,1.25,0.9,1,0
1631,67,station_25,25,16.514,0.9,0.666,1,0
1631,67,station_28,28,71.834,0.9,0.755,1,0
1632,22,outside,0,0.0,0.0,0.0,0,1
1632,22,station_8,8,75.15,1.25,0.35,1,0
1632,22,station_19,19,59.51,1.25,0.9,1,0
1632,22,station_25,25,21.007,0.9,0.666,1,0
1632,22,station_28,28,77.226,0.9,0.755,1,0
1633,24,outside,0,0.0,0.0,0.0,0,1
1633,24,station_8,8,59.502,1.25,0.35,1,0
1633,24,station_19,19,71.183,1.25,0.9,1,0
1633,24,station_25,25,33.7,0.9,0.666,1,0
1633,24,station_28,28,47.589,0.9,0.755,1,0
1634,38,outside,0,0.0,0.0,0.0,0,1
1634,38,station_8,8,122.799,1.25,0.35,1,0
1634,38,station_19,19,142.992,1.25,0.9,1,0
1634,38,station_25,25,75.759,0.9,0.666,1,0
1634,38,station_28,28,32.057,0.9,0.755,1,0
1635,78,outside,0,0.0,0.0,0.0,0,1
1635,78,station_8,8,85.507,1.25,0.35,1,0
1635,78,station_19,19,51.361,1.25,0.9,1,0
1635,78,station_25,25,44.406,0.9,0.666,1,0
1635,78,station_28,28,104.032,0.9,0.755,1,0
1636,27,outside,0,0.0,0.0,0.0,0,1
1636,27,station_8,8,83.882,1.25,0.35,1,0
1636,27,station_19,19,95.907,1.25,0.9,1,0
1636,27,station_25,25,33.242,0.9,0.666,1,0
1636,27,station_28,28,31.308,0.9,0.755,1,0
1637,57,outside,0,0.0,0.0,0.0,0,0
1637,57,station_8,8,83.823,1.25,0.35,1,0
1637,57,station_19,19,81.369,1.25,0.9,1,0
1637,57,station_25,25,8.476,0.9,0.666,1,1
1637,57,station_28,28,56.282,0.9,0.755,1,0
1638,9,outside,0,0.0,0.0,0.0,0,0
1638,9,station_8,8,60.179,1.25,0.35,1,0
1638,9,station_19,19,10.891,1.25,0.9,1,1
1638,9,station_25,25,89.553,0.9,0.666,1,0
1638,9,station_28,28,128.538,0.9,0.755,1,0
1639,1,outside,0,0.0,0.0,0.0,0,1
1639,1,station_8,8,70.31,1.25,0.35,1,0
1639,1,station_19,19,20.578,1.25,0.9,1,0
1639,1,station_25,25,73.376,0.9,0.666,1,0
1639,1,station_28,28,121.38,0.9,0.755,1,0
1640,13,outside,0,0.0,0.0,0.0,0,0
1640,13,station_8,8,26.846,1.25,0.35,1,0
1640,13,station_19,19,29.228,1.25,0.9,1,1
1640,13,station_25,25,89.473,0.9,0.666,1,0
1640,13,station_28,28,110.088,0.9,0.755,1,0
1641,80,outside,0,0.0,0.0,0.0,0,1
1641,80,station_8,8,79.716,1.25,0.35,1,0
1641,80,station_19,19,50.2,1.25,0.9,1,0
1641,80,station_25,25,38.164,0.9,0.666,1,0
1641,80,station_28,28,96.269,0.9,0.755,1,0
1642,24,outside,0,0.0,0.0,0.0,0,1
1642,24,station_8,8,59.502,1.25,0.35,1,0
1642,24,station_19,19,71.183,1.25,0.9,1,0
1642,24,station_25,25,33.7,0.9,0.666,1,0
1642,24,station_28,28,47.589,0.9,0.755,1,0
1643,35,outside,0,0.0,0.0,0.0,0,0
1643,35,station_8,8,5.157,1.25,0.35,1,1
1643,35,station_19,19,56.506,1.25,0.9,1,0
1643,35,station_25,25,92.499,0.9,0.666,1,0
1643,35,station_28,28,94.18,0.9,0.755,1,0
1644,24,outside,0,0.0,0.0,0.0,0,1
1644,24,station_8,8,59.502,1.25,0.35,1,0
1644,24,station_19,19,71.183,1.25,0.9,1,0
1644,24,station_25,25,33.7,0.9,0.666,1,0
1644,24,station_28,28,47.589,0.9,0.755,1,0
1645,24,outside,0,0.0,0.0,0.0,0,0
1645,24,station_8,8,59.502,1.25,0.35,1,0
1645,24,station_19,19,71.183,1.25,0.9,1,0
1645,24,station_25,25,33.7,0.9,0.666,1,0
1645,24,station_28,28,47.589,0.9,0.755,1,1
1646,42,outside,0,0.0,0.0,0.0,0,0
1646,42,station_8,8,67.43,1.25,0.35,1,0
1646,42,station_19,19,14.888,1.25,0.9,1,1
1646,42,station_25,25,85.138,0.9,0.666,1,0
1646,42,station_28,28,128.906,0.9,0.755,1,0
1647,40,outside,0,0.0,0.0,0.0,0,1
1647,40,station_8,8,50.28,1.25,0.35,1,0
1647,40,station_19,19,63.179,1.25,0.9,1,0
1647,40,station_25,25,39.841,0.9,0.666,1,0
1647,40,station_28,28,54.545,0.9,0.755,1,0
1648,24,outside,0,0.0,0.0,0.0,0,1
1648,24,station_8,8,59.502,1.25,0.35,1,0
1648,24,station_19,19,71.183,1.25,0.9,1,0
1648,24,station_25,25,33.7,0.9,0.666,1,0
1648,24,station_28,28,47.589,0.9,0.755,1,0
1649,15,outside,0,0.0,0.0,0.0,0,1
1649,15,station_8,8,76.282,1.25,0.35,1,0
1649,15,station_19,19,40.814,1.25,0.9,1,0
1649,15,station_25,25,48.434,0.9,0.666,1,0
1649,15,station_28,28,103.654,0.9,0.755,1,0
1650,79,outside,0,0.0,0.0,0.0,0,1
1650,79,station_8,8,99.13,1.25,0.35,1,0
1650,79,station_19,19,126.347,1.25,0.9,1,0
1650,79,station_25,25,72.25,0.9,0.666,1,0
1650,79,station_28,28,8.805,0.9,0.755,1,0
1651,18,outside,0,0.0,0.0,0.0,0,1
1651,18,station_8,8,57.722,1.25,0.35,1,0
1651,18,station_19,19,85.165,1.25,0.9,1,0
1651,18,station_25,25,54.276,0.9,0.666,1,0
1651,18,station_28,28,34.63,0.9,0.755,1,0
1652,65,outside,0,0.0,0.0,0.0,0,0
1652,65,station_8,8,95.69,1.25,0.35,1,0
1652,65,station_19,19,118.286,1.25,0.9,1,0
1652,65,station_25,25,60.162,0.9,0.666,1,0
1652,65,station_28,28,7.765,0.9,0.755,1,1
1653,72,outside,0,0.0,0.0,0.0,0,1
1653,72,station_8,8,108.042,1.25,0.35,1,0
1653,72,station_19,19,129.488,1.25,0.9,1,0
1653,72,station_25,25,66.488,0.9,0.666,1,0
1653,72,station_28,28,17.792,0.9,0.755,1,0
1654,35,outside,0,0.0,0.0,0.0,0,0
1654,35,station_8,8,5.157,1.25,0.35,1,1
1654,35,station_19,19,56.506,1.25,0.9,1,0
1654,35,station_25,25,92.499,0.9,0.666,1,0
1654,35,station_28,28,94.18,0.9,0.755,1,0
1655,54,outside,0,0.0,0.0,0.0,0,1
1655,54,station_8,8,62.425,1.25,0.35,1,0
1655,54,station_19,19,108.183,1.25,0.9,1,0
1655,54,station_25,25,94.799,0.9,0.666,1,0
1655,54,station_28,28,53.296,0.9,0.755,1,0
1656,14,outside,0,0.0,0.0,0.0,0,1
1656,14,station_8,8,69.896,1.25,0.35,1,0
1656,14,station_19,19,67.32,1.25,0.9,1,0
1656,14,station_25,25,17.838,0.9,0.666,1,0
1656,14,station_28,28,60.29,0.9,0.755,1,0
1657,42,outside,0,0.0,0.0,0.0,0,1
1657,42,station_8,8,67.43,1.25,0.35,1,0
1657,42,station_19,19,14.888,1.25,0.9,1,0
1657,42,station_25,25,85.138,0.9,0.666,1,0
1657,42,station_28,28,128.906,0.9,0.755,1,0
1658,77,outside,0,0.0,0.0,0.0,0,1
1658,77,station_8,8,15.566,1.25,0.35,1,0
1658,77,station_19,19,38.912,1.25,0.9,1,0
1658,77,station_25,25,76.359,0.9,0.666,1,0
1658,77,station_28,28,90.868,0.9,0.755,1,0
1659,48,outside,0,0.0,0.0,0.0,0,0
1659,48,station_8,8,60.151,1.25,0.35,1,0
1659,48,station_19,19,7.649,1.25,0.9,1,1
1659,48,station_25,25,80.4,0.9,0.666,1,0
1659,48,station_28,28,121.872,0.9,0.755,1,0
1660,40,outside,0,0.0,0.0,0.0,0,1
1660,40,station_8,8,50.28,1.25,0.35,1,0
1660,40,station_19,19,63.179,1.25,0.9,1,0
1660,40,station_25,25,39.841,0.9,0.666,1,0
1660,40,station_28,28,54.545,0.9,0.755,1,0
1661,80,outside,0,0.0,0.0,0.0,0,1
1661,80,station_8,8,79.716,1.25,0.35,1,0
1661,80,station_19,19,50.2,1.25,0.9,1,0
1661,80,station_25,25,38.164,0.9,0.666,1,0
1661,80,station_28,28,96.269,0.9,0.755,1,0
1662,67,outside,0,0.0,0.0,0.0,0,1
1662,67,station_8,8,75.235,1.25,0.35,1,0
1662,67,station_19,19,63.443,1.25,0.9,1,0
1662,67,station_25,25,16.514,0.9,0.666,1,0
1662,67,station_28,28,71.834,0.9,0.755,1,0
1663,50,outside,0,0.0,0.0,0.0,0,0
1663,50,station_8,8,75.498,1.25,0.35,1,0
1663,50,station_19,19,77.73,1.25,0.9,1,0
1663,50,station_25,25,16.997,0.9,0.666,1,1
1663,50,station_28,28,50.967,0.9,0.755,1,0
1664,5,outside,0,0.0,0.0,0.0,0,1
1664,5,station_8,8,100.125,1.25,0.35,1,0
1664,5,station_19,19,116.708,1.25,0.9,1,0
1664,5,station_25,25,51.061,0.9,0.666,1,0
1664,5,station_28,28,20.857,0.9,0.755,1,0
1665,68,outside,0,0.0,0.0,0.0,0,1
1665,68,station_8,8,30.047,1.25,0.35,1,0
1665,68,station_19,19,72.698,1.25,0.9,1,0
1665,68,station_25,25,75.575,0.9,0.666,1,0
1665,68,station_28,28,63.183,0.9,0.755,1,0
1666,52,outside,0,0.0,0.0,0.0,0,1
1666,52,station_8,8,87.473,1.25,0.35,1,0
1666,52,station_19,19,129.185,1.25,0.9,1,0
1666,52,station_25,25,99.326,0.9,0.666,1,0
1666,52,station_28,28,42.06,0.9,0.755,1,0
1667,27,outside,0,0.0,0.0,0.0,0,1
1667,27,station_8,8,83.882,1.25,0.35,1,0
1667,27,station_19,19,95.907,1.25,0.9,1,0
1667,27,station_25,25,33.242,0.9,0.666,1,0
1667,27,station_28,28,31.308,0.9,0.755,1,0
1668,5,outside,0,0.0,0.0,0.0,0,1
1668,5,station_8,8,100.125,1.25,0.35,1,0
1668,5,station_19,19,116.708,1.25,0.9,1,0
1668,5,station_25,25,51.061,0.9,0.666,1,0
1668,5,station_28,28,20.857,0.9,0.755,1,0
1669,77,outside,0,0.0,0.0,0.0,0,1
1669,77,station_8,8,15.566,1.25,0.35,1,0
1669,77,station_19,19,38.912,1.25,0.9,1,0
1669,77,station_25,25,76.359,0.9,0.666,1,0
1669,77,station_28,28,90.868,0.9,0.755,1,0
1670,59,outside,0,0.0,0.0,0.0,0,1
1670,59,station_8,8,101.758,1.25,0.35,1,0
1670,59,station_19,19,111.107,1.25,0.9,1,0
1670,59,station_25,25,38.654,0.9,0.666,1,0
1670,59,station_28,28,35.203,0.9,0.755,1,0
1671,56,outside,0,0.0,0.0,0.0,0,1
1671,56,station_8,8,65.404,1.25,0.35,1,0
1671,56,station_19,19,111.818,1.25,0.9,1,0
1671,56,station_25,25,98.529,0.9,0.666,1,0
1671,56,station_28,28,55.292,0.9,0.755,1,0
1672,75,outside,0,0.0,0.0,0.0,0,1
1672,75,station_8,8,75.194,1.25,0.35,1,0
1672,75,station_19,19,33.56,1.25,0.9,1,0
1672,75,station_25,25,112.096,0.9,0.666,1,0
1672,75,station_28,28,150.687,0.9,0.755,1,0
1673,17,outside,0,0.0,0.0,0.0,0,1
1673,17,station_8,8,63.784,1.25,0.35,1,0
1673,17,station_19,19,70.418,1.25,0.9,1,0
1673,17,station_25,25,27.153,0.9,0.666,1,0
1673,17,station_28,28,50.824,0.9,0.755,1,0
1674,5,outside,0,0.0,0.0,0.0,0,1
1674,5,station_8,8,100.125,1.25,0.35,1,0
1674,5,station_19,19,116.708,1.25,0.9,1,0
1674,5,station_25,25,51.061,0.9,0.666,1,0
1674,5,station_28,28,20.857,0.9,0.755,1,0
1675,77,outside,0,0.0,0.0,0.0,0,1
1675,77,station_8,8,15.566,1.25,0.35,1,0
1675,77,station_19,19,38.912,1.25,0.9,1,0
1675,77,station_25,25,76.359,0.9,0.666,1,0
1675,77,station_28,28,90.868,0.9,0.755,1,0
1676,77,outside,0,0.0,0.0,0.0,0,0
1676,77,station_8,8,15.566,1.25,0.35,1,1
1676,77,station_19,19,38.912,1.25,0.9,1,0
1676,77,station_25,25,76.359,0.9,0.666,1,0
1676,77,station_28,28,90.868,0.9,0.755,1,0
1677,61,outside,0,0.0,0.0,0.0,0,1
1677,61,station_8,8,84.684,1.25,0.35,1,0
1677,61,station_19,19,32.123,1.25,0.9,1,0
1677,61,station_25,25,92.771,0.9,0.666,1,0
1677,61,station_28,28,142.075,0.9,0.755,1,0
1678,76,outside,0,0.0,0.0,0.0,0,1
1678,76,station_8,8,84.21,1.25,0.35,1,0
1678,76,station_19,19,124.474,1.25,0.9,1,0
1678,76,station_25,25,93.218,0.9,0.666,1,0
1678,76,station_28,28,36.679,0.9,0.755,1,0
1679,47,outside,0,0.0,0.0,0.0,0,1
1679,47,station_8,8,69.469,1.25,0.35,1,0
1679,47,station_19,19,26.159,1.25,0.9,1,0
1679,47,station_25,25,62.253,0.9,0.666,1,0
1679,47,station_28,28,112.087,0.9,0.755,1,0
1680,58,outside,0,0.0,0.0,0.0,0,1
1680,58,station_8,8,70.988,1.25,0.35,1,0
1680,58,station_19,19,46.308,1.25,0.9,1,0
1680,58,station_25,25,35.817,0.9,0.666,1,0
1680,58,station_28,28,89.487,0.9,0.755,1,0
1681,33,outside,0,0.0,0.0,0.0,0,1
1681,33,station_8,8,102.404,1.25,0.35,1,0
1681,33,station_19,19,53.528,1.25,0.9,1,0
1681,33,station_25,25,79.257,0.9,0.666,1,0
1681,33,station_28,28,138.237,0.9,0.755,1,0
1682,1,outside,0,0.0,0.0,0.0,0,1
1682,1,station_8,8,70.31,1.25,0.35,1,0
1682,1,station_19,19,20.578,1.25,0.9,1,0
1682,1,station_25,25,73.376,0.9,0.666,1,0
1682,1,station_28,28,121.38,0.9,0.755,1,0
1683,17,outside,0,0.0,0.0,0.0,0,1
1683,17,station_8,8,63.784,1.25,0.35,1,0
1683,17,station_19,19,70.418,1.25,0.9,1,0
1683,17,station_25,25,27.153,0.9,0.666,1,0
1683,17,station_28,28,50.824,0.9,0.755,1,0
1684,77,outside,0,0.0,0.0,0.0,0,1
1684,77,station_8,8,15.566,1.25,0.35,1,0
1684,77,station_19,19,38.912,1.25,0.9,1,0
1684,77,station_25,25,76.359,0.9,0.666,1,0
1684,77,station_28,28,90.868,0.9,0.755,1,0
1685,37,outside,0,0.0,0.0,0.0,0,1
1685,37,station_8,8,68.494,1.25,0.35,1,0
1685,37,station_19,19,27.417,1.25,0.9,1,0
1685,37,station_25,25,59.272,0.9,0.666,1,0
1685,37,station_28,28,109.137,0.9,0.755,1,0
1686,2,outside,0,0.0,0.0,0.0,0,1
1686,2,station_8,8,4.679,1.25,0.35,1,0
1686,2,station_19,19,57.165,1.25,0.9,1,0
1686,2,station_25,25,90.696,0.9,0.666,1,0
1686,2,station_28,28,91.632,0.9,0.755,1,0
1687,59,outside,0,0.0,0.0,0.0,0,1
1687,59,station_8,8,101.758,1.25,0.35,1,0
1687,59,station_19,19,111.107,1.25,0.9,1,0
1687,59,station_25,25,38.654,0.9,0.666,1,0
1687,59,station_28,28,35.203,0.9,0.755,1,0
1688,48,outside,0,0.0,0.0,0.0,0,0
1688,48,station_8,8,60.151,1.25,0.35,1,0
1688,48,station_19,19,7.649,1.25,0.9,1,1
1688,48,station_25,25,80.4,0.9,0.666,1,0
1688,48,station_28,28,121.872,0.9,0.755,1,0
1689,65,outside,0,0.0,0.0,0.0,0,0
1689,65,station_8,8,95.69,1.25,0.35,1,0
1689,65,station_19,19,118.286,1.25,0.9,1,0
1689,65,station_25,25,60.162,0.9,0.666,1,0
1689,65,station_28,28,7.765,0.9,0.755,1,1
1690,24,outside,0,0.0,0.0,0.0,0,1
1690,24,station_8,8,59.502,1.25,0.35,1,0
1690,24,station_19,19,71.183,1.25,0.9,1,0
1690,24,station_25,25,33.7,0.9,0.666,1,0
1690,24,station_28,28,47.589,0.9,0.755,1,0
1691,37,outside,0,0.0,0.0,0.0,0,1
1691,37,station_8,8,68.494,1.25,0.35,1,0
1691,37,station_19,19,27.417,1.25,0.9,1,0
1691,37,station_25,25,59.272,0.9,0.666,1,0
1691,37,station_28,28,109.137,0.9,0.755,1,0
1692,43,outside,0,0.0,0.0,0.0,0,1
1692,43,station_8,8,108.193,1.25,0.35,1,0
1692,43,station_19,19,120.051,1.25,0.9,1,0
1692,43,station_25,25,48.125,0.9,0.666,1,0
1692,43,station_28,28,32.62,0.9,0.755,1,0
1693,70,outside,0,0.0,0.0,0.0,0,1
1693,70,station_8,8,75.014,1.25,0.35,1,0
1693,70,station_19,19,122.596,1.25,0.9,1,0
1693,70,station_25,25,108.626,0.9,0.666,1,0
1693,70,station_28,28,60.868,0.9,0.755,1,0
1694,9,outside,0,0.0,0.0,0.0,0,1
1694,9,station_8,8,60.179,1.25,0.35,1,0
1694,9,station_19,19,10.891,1.25,0.9,1,0
1694,9,station_25,25,89.553,0.9,0.666,1,0
1694,9,station_28,28,128.538,0.9,0.755,1,0
1695,39,outside,0,0.0,0.0,0.0,0,0
1695,39,station_8,8,57.569,1.25,0.35,1,0
1695,39,station_19,19,15.638,1.25,0.9,1,1
1695,39,station_25,25,95.59,0.9,0.666,1,0
1695,39,station_28,28,131.33,0.9,0.755,1,0
1696,34,outside,0,0.0,0.0,0.0,0,1
1696,34,station_8,8,35.693,1.25,0.35,1,0
1696,34,station_19,19,36.459,1.25,0.9,1,0
1696,34,station_25,25,104.209,0.9,0.666,1,0
1696,34,station_28,28,123.909,0.9,0.755,1,0
1697,18,outside,0,0.0,0.0,0.0,0,1
1697,18,station_8,8,57.722,1.25,0.35,1,0
1697,18,station_19,19,85.165,1.25,0.9,1,0
1697,18,station_25,25,54.276,0.9,0.666,1,0
1697,18,station_28,28,34.63,0.9,0.755,1,0
1698,29,outside,0,0.0,0.0,0.0,0,1
1698,29,station_8,8,90.575,1.25,0.35,1,0
1698,29,station_19,19,126.377,1.25,0.9,1,0
1698,29,station_25,25,86.174,0.9,0.666,1,0
1698,29,station_28,28,24.94,0.9,0.755,1,0
1699,18,outside,0,0.0,0.0,0.0,0,1
1699,18,station_8,8,57.722,1.25,0.35,1,0
1699,18,station_19,19,85.165,1.25,0.9,1,0
1699,18,station_25,25,54.276,0.9,0.666,1,0
1699,18,station_28,28,34.63,0.9,0.755,1,0
1700,78,outside,0,0.0,0.0,0.0,0,1
1700,78,station_8,8,85.507,1.25,0.35,1,0
1700,78,station_19,19,51.361,1.25,0.9,1,0
1700,78,station_25,25,44.406,0.9,0.666,1,0
1700,78,station_28,28,104.032,0.9,0.755,1,0
1701,64,outside,0,0.0,0.0,0.0,0,0
1701,64,station_8,8,88.473,1.25,0.35,1,0
1701,64,station_19,19,113.427,1.25,0.9,1,0
1701,64,station_25,25,60.627,0.9,0.666,1,0
1701,64,station_28,28,4.372,0.9,0.755,1,1
1702,16,outside,0,0.0,0.0,0.0,0,1
1702,16,station_8,8,76.931,1.25,0.35,1,0
1702,16,station_19,19,80.887,1.25,0.9,1,0
1702,16,station_25,25,18.805,0.9,0.666,1,0
1702,16,station_28,28,47.707,0.9,0.755,1,0
1703,5,outside,0,0.0,0.0,0.0,0,1
1703,5,station_8,8,100.125,1.25,0.35,1,0
1703,5,station_19,19,116.708,1.25,0.9,1,0
1703,5,station_25,25,51.061,0.9,0.666,1,0
1703,5,station_28,28,20.857,0.9,0.755,1,0
1704,43,outside,0,0.0,0.0,0.0,0,1
1704,43,station_8,8,108.193,1.25,0.35,1,0
1704,43,station_19,19,120.051,1.25,0.9,1,0
1704,43,station_25,25,48.125,0.9,0.666,1,0
1704,43,station_28,28,32.62,0.9,0.755,1,0
1705,67,outside,0,0.0,0.0,0.0,0,1
1705,67,station_8,8,75.235,1.25,0.35,1,0
1705,67,station_19,19,63.443,1.25,0.9,1,0
1705,67,station_25,25,16.514,0.9,0.666,1,0
1705,67,station_28,28,71.834,0.9,0.755,1,0
1706,13,outside,0,0.0,0.0,0.0,0,0
1706,13,station_8,8,26.846,1.25,0.35,1,1
1706,13,station_19,19,29.228,1.25,0.9,1,0
1706,13,station_25,25,89.473,0.9,0.666,1,0
1706,13,station_28,28,110.088,0.9,0.755,1,0
1707,50,outside,0,0.0,0.0,0.0,0,0
1707,50,station_8,8,75.498,1.25,0.35,1,0
1707,50,station_19,19,77.73,1.25,0.9,1,0
1707,50,station_25,25,16.997,0.9,0.666,1,1
1707,50,station_28,28,50.967,0.9,0.755,1,0
1708,17,outside,0,0.0,0.0,0.0,0,1
1708,17,station_8,8,63.784,1.25,0.35,1,0
1708,17,station_19,19,70.418,1.25,0.9,1,0
1708,17,station_25,25,27.153,0.9,0.666,1,0
1708,17,station_28,28,50.824,0.9,0.755,1,0
1709,62,outside,0,0.0,0.0,0.0,0,0
1709,62,station_8,8,101.631,1.25,0.35,1,0
1709,62,station_19,19,125.187,1.25,0.9,1,0
1709,62,station_25,25,66.178,0.9,0.666,1,0
1709,62,station_28,28,10.43,0.9,0.755,1,1
1710,77,outside,0,0.0,0.0,0.0,0,0
1710,77,station_8,8,15.566,1.25,0.35,1,0
1710,77,station_19,19,38.912,1.25,0.9,1,1
1710,77,station_25,25,76.359,0.9,0.666,1,0
1710,77,station_28,28,90.868,0.9,0.755,1,0
1711,3,outside,0,0.0,0.0,0.0,0,1
1711,3,station_8,8,66.181,1.25,0.35,1,0
1711,3,station_19,19,106.175,1.25,0.9,1,0
1711,3,station_25,25,81.895,0.9,0.666,1,0
1711,3,station_28,28,37.637,0.9,0.755,1,0
1712,67,outside,0,0.0,0.0,0.0,0,1
1712,67,station_8,8,75.235,1.25,0.35,1,0
1712,67,station_19,19,63.443,1.25,0.9,1,0
1712,67,station_25,25,16.514,0.9,0.666,1,0
1712,67,station_28,28,71.834,0.9,0.755,1,0
1713,77,outside,0,0.0,0.0,0.0,0,0
1713,77,station_8,8,15.566,1.25,0.35,1,1
1713,77,station_19,19,38.912,1.25,0.9,1,0
1713,77,station_25,25,76.359,0.9,0.666,1,0
1713,77,station_28,28,90.868,0.9,0.755,1,0
1714,24,outside,0,0.0,0.0,0.0,0,1
1714,24,station_8,8,59.502,1.25,0.35,1,0
1714,24,station_19,19,71.183,1.25,0.9,1,0
1714,24,station_25,25,33.7,0.9,0.666,1,0
1714,24,station_28,28,47.589,0.9,0.755,1,0
1715,7,outside,0,0.0,0.0,0.0,0,1
1715,7,station_8,8,85.244,1.25,0.35,1,0
1715,7,station_19,19,55.162,1.25,0.9,1,0
1715,7,station_25,25,37.637,0.9,0.666,1,0
1715,7,station_28,28,98.08,0.9,0.755,1,0
1716,24,outside,0,0.0,0.0,0.0,0,1
1716,24,station_8,8,59.502,1.25,0.35,1,0
1716,24,station_19,19,71.183,1.25,0.9,1,0
1716,24,station_25,25,33.7,0.9,0.666,1,0
1716,24,station_28,28,47.589,0.9,0.755,1,0
1717,80,outside,0,0.0,0.0,0.0,0,1
1717,80,station_8,8,79.716,1.25,0.35,1,0
1717,80,station_19,19,50.2,1.25,0.9,1,0
1717,80,station_25,25,38.164,0.9,0.666,1,0
1717,80,station_28,28,96.269,0.9,0.755,1,0
1718,28,outside,0,0.0,0.0,0.0,0,1
1718,28,station_8,8,45.893,1.25,0.35,1,0
1718,28,station_19,19,17.858,1.25,0.9,1,0
1718,28,station_25,25,63.65,0.9,0.666,1,0
1718,28,station_28,28,100.112,0.9,0.755,1,0
1719,24,outside,0,0.0,0.0,0.0,0,1
1719,24,station_8,8,59.502,1.25,0.35,1,0
1719,24,station_19,19,71.183,1.25,0.9,1,0
1719,24,station_25,25,33.7,0.9,0.666,1,0
1719,24,station_28,28,47.589,0.9,0.755,1,0
1720,72,outside,0,0.0,0.0,0.0,0,1
1720,72,station_8,8,108.042,1.25,0.35,1,0
1720,72,station_19,19,129.488,1.25,0.9,1,0
1720,72,station_25,25,66.488,0.9,0.666,1,0
1720,72,station_28,28,17.792,0.9,0.755,1,0
1721,5,outside,0,0.0,0.0,0.0,0,1
1721,5,station_8,8,100.125,1.25,0.35,1,0
1721,5,station_19,19,116.708,1.25,0.9,1,0
1721,5,station_25,25,51.061,0.9,0.666,1,0
1721,5,station_28,28,20.857,0.9,0.755,1,0
1722,45,outside,0,0.0,0.0,0.0,0,1
1722,45,station_8,8,106.32,1.25,0.35,1,0
1722,45,station_19,19,130.298,1.25,0.9,1,0
1722,45,station_25,25,70.449,0.9,0.666,1,0
1722,45,station_28,28,14.633,0.9,0.755,1,0
1723,39,outside,0,0.0,0.0,0.0,0,1
1723,39,station_8,8,57.569,1.25,0.35,1,0
1723,39,station_19,19,15.638,1.25,0.9,1,0
1723,39,station_25,25,95.59,0.9,0.666,1,0
1723,39,station_28,28,131.33,0.9,0.755,1,0
1724,16,outside,0,0.0,0.0,0.0,0,1
1724,16,station_8,8,76.931,1.25,0.35,1,0
1724,16,station_19,19,80.887,1.25,0.9,1,0
1724,16,station_25,25,18.805,0.9,0.666,1,0
1724,16,station_28,28,47.707,0.9,0.755,1,0
1725,63,outside,0,0.0,0.0,0.0,0,1
1725,63,station_8,8,30.308,1.25,0.35,1,0
1725,63,station_19,19,74.577,1.25,0.9,1,0
1725,63,station_25,25,78.28,0.9,0.666,1,0
1725,63,station_28,28,64.16,0.9,0.755,1,0
1726,79,outside,0,0.0,0.0,0.0,0,1
1726,79,station_8,8,99.13,1.25,0.35,1,0
1726,79,station_19,19,126.347,1.25,0.9,1,0
1726,79,station_25,25,72.25,0.9,0.666,1,0
1726,79,station_28,28,8.805,0.9,0.755,1,0
1727,38,outside,0,0.0,0.0,0.0,0,1
1727,38,station_8,8,122.799,1.25,0.35,1,0
1727,38,station_19,19,142.992,1.25,0.9,1,0
1727,38,station_25,25,75.759,0.9,0.666,1,0
1727,38,station_28,28,32.057,0.9,0.755,1,0
1728,24,outside,0,0.0,0.0,0.0,0,1
1728,24,station_8,8,59.502,1.25,0.35,1,0
1728,24,station_19,19,71.183,1.25,0.9,1,0
1728,24,station_25,25,33.7,0.9,0.666,1,0
1728,24,station_28,28,47.589,0.9,0.755,1,0
1729,64,outside,0,0.0,0.0,0.0,0,1
1729,64,station_8,8,88.473,1.25,0.35,1,0
1729,64,station_19,19,113.427,1.25,0.9,1,0
1729,64,station_25,25,60.627,0.9,0.666,1,0
1729,64,station_28,28,4.372,0.9,0.755,1,0
1730,24,outside,0,0.0,0.0,0.0,0,1
1730,24,station_8,8,59.502,1.25,0.35,1,0
1730,24,station_19,19,71.183,1.25,0.9,1,0
1730,24,station_25,25,33.7,0.9,0.666,1,0
1730,24,station_28,28,47.589,0.9,0.755,1,0
1731,7,outside,0,0.0,0.0,0.0,0,1
1731,7,station_8,8,85.244,1.25,0.35,1,0
1731,7,station_19,19,55.162,1.25,0.9,1,0
1731,7,station_25,25,37.637,0.9,0.666,1,0
1731,7,station_28,28,98.08,0.9,0.755,1,0
1732,14,outside,0,0.0,0.0,0.0,0,1
1732,14,station_8,8,69.896,1.25,0.35,1,0
1732,14,station_19,19,67.32,1.25,0.9,1,0
1732,14,station_25,25,17.838,0.9,0.666,1,0
1732,14,station_28,28,60.29,0.9,0.755,1,0
1733,25,outside,0,0.0,0.0,0.0,0,1
1733,25,station_8,8,71.642,1.25,0.35,1,0
1733,25,station_19,19,19.049,1.25,0.9,1,0
1733,25,station_25,25,85.268,0.9,0.666,1,0
1733,25,station_28,28,130.958,0.9,0.755,1,0
1734,68,outside,0,0.0,0.0,0.0,0,1
1734,68,station_8,8,30.047,1.25,0.35,1,0
1734,68,station_19,19,72.698,1.25,0.9,1,0
1734,68,station_25,25,75.575,0.9,0.666,1,0
1734,68,station_28,28,63.183,0.9,0.755,1,0
1735,50,outside,0,0.0,0.0,0.0,0,1
1735,50,station_8,8,75.498,1.25,0.35,1,0
1735,50,station_19,19,77.73,1.25,0.9,1,0
1735,50,station_25,25,16.997,0.9,0.666,1,0
1735,50,station_28,28,50.967,0.9,0.755,1,0
1736,24,outside,0,0.0,0.0,0.0,0,1
1736,24,station_8,8,59.502,1.25,0.35,1,0
1736,24,station_19,19,71.183,1.25,0.9,1,0
1736,24,station_25,25,33.7,0.9,0.666,1,0
1736,24,station_28,28,47.589,0.9,0.755,1,0
1737,74,outside,0,0.0,0.0,0.0,0,1
1737,74,station_8,8,32.229,1.25,0.35,1,0
1737,74,station_19,19,75.711,1.25,0.9,1,0
1737,74,station_25,25,77.248,0.9,0.666,1,0
1737,74,station_28,28,62.103,0.9,0.755,1,0
1738,39,outside,0,0.0,0.0,0.0,0,0
1738,39,station_8,8,57.569,1.25,0.35,1,0
1738,39,station_19,19,15.638,1.25,0.9,1,1
1738,39,station_25,25,95.59,0.9,0.666,1,0
1738,39,station_28,28,131.33,0.9,0.755,1,0
1739,23,outside,0,0.0,0.0,0.0,0,0
1739,23,station_8,8,90.334,1.25,0.35,1,0
1739,23,station_19,19,112.064,1.25,0.9,1,0
1739,23,station_25,25,55.093,0.9,0.666,1,0
1739,23,station_28,28,9.747,0.9,0.755,1,1
1740,2,outside,0,0.0,0.0,0.0,0,0
1740,2,station_8,8,4.679,1.25,0.35,1,1
1740,2,station_19,19,57.165,1.25,0.9,1,0
1740,2,station_25,25,90.696,0.9,0.666,1,0
1740,2,station_28,28,91.632,0.9,0.755,1,0
1741,78,outside,0,0.0,0.0,0.0,0,1
1741,78,station_8,8,85.507,1.25,0.35,1,0
1741,78,station_19,19,51.361,1.25,0.9,1,0
1741,78,station_25,25,44.406,0.9,0.666,1,0
1741,78,station_28,28,104.032,0.9,0.755,1,0
1742,56,outside,0,0.0,0.0,0.0,0,1
1742,56,station_8,8,65.404,1.25,0.35,1,0
1742,56,station_19,19,111.818,1.25,0.9,1,0
1742,56,station_25,25,98.529,0.9,0.666,1,0
1742,56,station_28,28,55.292,0.9,0.755,1,0
1743,57,outside,0,0.0,0.0,0.0,0,1
1743,57,station_8,8,83.823,1.25,0.35,1,0
1743,57,station_19,19,81.369,1.25,0.9,1,0
1743,57,station_25,25,8.476,0.9,0.666,1,0
1743,57,station_28,28,56.282,0.9,0.755,1,0
1744,72,outside,0,0.0,0.0,0.0,0,1
1744,72,station_8,8,108.042,1.25,0.35,1,0
1744,72,station_19,19,129.488,1.25,0.9,1,0
1744,72,station_25,25,66.488,0.9,0.666,1,0
1744,72,station_28,28,17.792,0.9,0.755,1,0
1745,40,outside,0,0.0,0.0,0.0,0,1
1745,40,station_8,8,50.28,1.25,0.35,1,0
1745,40,station_19,19,63.179,1.25,0.9,1,0
1745,40,station_25,25,39.841,0.9,0.666,1,0
1745,40,station_28,28,54.545,0.9,0.755,1,0
1746,47,outside,0,0.0,0.0,0.0,0,1
1746,47,station_8,8,69.469,1.25,0.35,1,0
1746,47,station_19,19,26.159,1.25,0.9,1,0
1746,47,station_25,25,62.253,0.9,0.666,1,0
1746,47,station_28,28,112.087,0.9,0.755,1,0
1747,16,outside,0,0.0,0.0,0.0,0,0
1747,16,station_8,8,76.931,1.25,0.35,1,0
1747,16,station_19,19,80.887,1.25,0.9,1,0
1747,16,station_25,25,18.805,0.9,0.666,1,1
1747,16,station_28,28,47.707,0.9,0.755,1,0
1748,27,outside,0,0.0,0.0,0.0,0,1
1748,27,station_8,8,83.882,1.25,0.35,1,0
1748,27,station_19,19,95.907,1.25,0.9,1,0
1748,27,station_25,25,33.242,0.9,0.666,1,0
1748,27,station_28,28,31.308,0.9,0.755,1,0
1749,52,outside,0,0.0,0.0,0.0,0,1
1749,52,station_8,8,87.473,1.25,0.35,1,0
1749,52,station_19,19,129.185,1.25,0.9,1,0
1749,52,station_25,25,99.326,0.9,0.666,1,0
1749,52,station_28,28,42.06,0.9,0.755,1,0
1750,24,outside,0,0.0,0.0,0.0,0,1
1750,24,station_8,8,59.502,1.25,0.35,1,0
1750,24,station_19,19,71.183,1.25,0.9,1,0
1750,24,station_25,25,33.7,0.9,0.666,1,0
1750,24,station_28,28,47.589,0.9,0.755,1,0
1751,16,outside,0,0.0,0.0,0.0,0,1
1751,16,station_8,8,76.931,1.25,0.35,1,0
1751,16,station_19,19,80.887,1.25,0.9,1,0
1751,16,station_25,25,18.805,0.9,0.666,1,0
1751,16,station_28,28,47.707,0.9,0.755,1,0
1752,22,outside,0,0.0,0.0,0.0,0,1
1752,22,station_8,8,75.15,1.25,0.35,1,0
1752,22,station_19,19,59.51,1.25,0.9,1,0
1752,22,station_25,25,21.007,0.9,0.666,1,0
1752,22,station_28,28,77.226,0.9,0.755,1,0
1753,2,outside,0,0.0,0.0,0.0,0,0
1753,2,station_8,8,4.679,1.25,0.35,1,1
1753,2,station_19,19,57.165,1.25,0.9,1,0
1753,2,station_25,25,90.696,0.9,0.666,1,0
1753,2,station_28,28,91.632,0.9,0.755,1,0
1754,56,outside,0,0.0,0.0,0.0,0,1
1754,56,station_8,8,65.404,1.25,0.35,1,0
1754,56,station_19,19,111.818,1.25,0.9,1,0
1754,56,station_25,25,98.529,0.9,0.666,1,0
1754,56,station_28,28,55.292,0.9,0.755,1,0
1755,63,outside,0,0.0,0.0,0.0,0,1
1755,63,station_8,8,30.308,1.25,0.35,1,0
1755,63,station_19,19,74.577,1.25,0.9,1,0
1755,63,station_25,25,78.28,0.9,0.666,1,0
1755,63,station_28,28,64.16,0.9,0.755,1,0
1756,27,outside,0,0.0,0.0,0.0,0,1
1756,27,station_8,8,83.882,1.25,0.35,1,0
1756,27,station_19,19,95.907,1.25,0.9,1,0
1756,27,station_25,25,33.242,0.9,0.666,1,0
1756,27,station_28,28,31.308,0.9,0.755,1,0
1757,72,outside,0,0.0,0.0,0.0,0,0
1757,72,station_8,8,108.042,1.25,0.35,1,0
1757,72,station_19,19,129.488,1.25,0.9,1,0
1757,72,station_25,25,66.488,0.9,0.666,1,0
1757,72,station_28,28,17.792,0.9,0.755,1,1
1758,14,outside,0,0.0,0.0,0.0,0,1
1758,14,station_8,8,69.896,1.25,0.35,1,0
1758,14,station_19,19,67.32,1.25,0.9,1,0
1758,14,station_25,25,17.838,0.9,0.666,1,0
1758,14,station_28,28,60.29,0.9,0.755,1,0
1759,8,outside,0,0.0,0.0,0.0,0,0
1759,8,station_8,8,4.571,1.25,0.35,1,1
1759,8,station_19,19,49.873,1.25,0.9,1,0
1759,8,station_25,25,83.221,0.9,0.666,1,0
1759,8,station_28,28,89.191,0.9,0.755,1,0
1760,22,outside,0,0.0,0.0,0.0,0,1
1760,22,station_8,8,75.15,1.25,0.35,1,0
1760,22,station_19,19,59.51,1.25,0.9,1,0
1760,22,station_25,25,21.007,0.9,0.666,1,0
1760,22,station_28,28,77.226,0.9,0.755,1,0
1761,54,outside,0,0.0,0.0,0.0,0,1
1761,54,station_8,8,62.425,1.25,0.35,1,0
1761,54,station_19,19,108.183,1.25,0.9,1,0
1761,54,station_25,25,94.799,0.9,0.666,1,0
1761,54,station_28,28,53.296,0.9,0.755,1,0
1762,46,outside,0,0.0,0.0,0.0,0,1
1762,46,station_8,8,50.091,1.25,0.35,1,0
1762,46,station_19,19,85.489,1.25,0.9,1,0
1762,46,station_25,25,66.439,0.9,0.666,1,0
1762,46,station_28,28,42.432,0.9,0.755,1,0
1763,24,outside,0,0.0,0.0,0.0,0,1
1763,24,station_8,8,59.502,1.25,0.35,1,0
1763,24,station_19,19,71.183,1.25,0.9,1,0
1763,24,station_25,25,33.7,0.9,0.666,1,0
1763,24,station_28,28,47.589,0.9,0.755,1,0
1764,78,outside,0,0.0,0.0,0.0,0,1
1764,78,station_8,8,85.507,1.25,0.35,1,0
1764,78,station_19,19,51.361,1.25,0.9,1,0
1764,78,station_25,25,44.406,0.9,0.666,1,0
1764,78,station_28,28,104.032,0.9,0.755,1,0
1765,23,outside,0,0.0,0.0,0.0,0,1
1765,23,station_8,8,90.334,1.25,0.35,1,0
1765,23,station_19,19,112.064,1.25,0.9,1,0
1765,23,station_25,25,55.093,0.9,0.666,1,0
1765,23,station_28,28,9.747,0.9,0.755,1,0
1766,8,outside,0,0.0,0.0,0.0,0,0
1766,8,station_8,8,4.571,1.25,0.35,1,1
1766,8,station_19,19,49.873,1.25,0.9,1,0
1766,8,station_25,25,83.221,0.9,0.666,1,0
1766,8,station_28,28,89.191,0.9,0.755,1,0
1767,22,outside,0,0.0,0.0,0.0,0,1
1767,22,station_8,8,75.15,1.25,0.35,1,0
1767,22,station_19,19,59.51,1.25,0.9,1,0
1767,22,station_25,25,21.007,0.9,0.666,1,0
1767,22,station_28,28,77.226,0.9,0.755,1,0
1768,27,outside,0,0.0,0.0,0.0,0,1
1768,27,station_8,8,83.882,1.25,0.35,1,0
1768,27,station_19,19,95.907,1.25,0.9,1,0
1768,27,station_25,25,33.242,0.9,0.666,1,0
1768,27,station_28,28,31.308,0.9,0.755,1,0
1769,10,outside,0,0.0,0.0,0.0,0,1
1769,10,station_8,8,39.742,1.25,0.35,1,0
1769,10,station_19,19,76.751,1.25,0.9,1,0
1769,10,station_25,25,67.733,0.9,0.666,1,0
1769,10,station_28,28,52.375,0.9,0.755,1,0
1770,14,outside,0,0.0,0.0,0.0,0,0
1770,14,station_8,8,69.896,1.25,0.35,1,0
1770,14,station_19,19,67.32,1.25,0.9,1,0
1770,14,station_25,25,17.838,0.9,0.666,1,1
1770,14,station_28,28,60.29,0.9,0.755,1,0
1771,13,outside,0,0.0,0.0,0.0,0,1
1771,13,station_8,8,26.846,1.25,0.35,1,0
1771,13,station_19,19,29.228,1.25,0.9,1,0
1771,13,station_25,25,89.473,0.9,0.666,1,0
1771,13,station_28,28,110.088,0.9,0.755,1,0
1772,40,outside,0,0.0,0.0,0.0,0,1
1772,40,station_8,8,50.28,1.25,0.35,1,0
1772,40,station_19,19,63.179,1.25,0.9,1,0
1772,40,station_25,25,39.841,0.9,0.666,1,0
1772,40,station_28,28,54.545,0.9,0.755,1,0
1773,13,outside,0,0.0,0.0,0.0,0,1
1773,13,station_8,8,26.846,1.25,0.35,1,0
1773,13,station_19,19,29.228,1.25,0.9,1,0
1773,13,station_25,25,89.473,0.9,0.666,1,0
1773,13,station_28,28,110.088,0.9,0.755,1,0
1774,3,outside,0,0.0,0.0,0.0,0,1
1774,3,station_8,8,66.181,1.25,0.35,1,0
1774,3,station_19,19,106.175,1.25,0.9,1,0
1774,3,station_25,25,81.895,0.9,0.666,1,0
1774,3,station_28,28,37.637,0.9,0.755,1,0
1775,2,outside,0,0.0,0.0,0.0,0,1
1775,2,station_8,8,4.679,1.25,0.35,1,0
1775,2,station_19,19,57.165,1.25,0.9,1,0
1775,2,station_25,25,90.696,0.9,0.666,1,0
1775,2,station_28,28,91.632,0.9,0.755,1,0
1776,7,outside,0,0.0,0.0,0.0,0,1
1776,7,station_8,8,85.244,1.25,0.35,1,0
1776,7,station_19,19,55.162,1.25,0.9,1,0
1776,7,station_25,25,37.637,0.9,0.666,1,0
1776,7,station_28,28,98.08,0.9,0.755,1,0
1777,8,outside,0,0.0,0.0,0.0,0,0
1777,8,station_8,8,4.571,1.25,0.35,1,1
1777,8,station_19,19,49.873,1.25,0.9,1,0
1777,8,station_25,25,83.221,0.9,0.666,1,0
1777,8,station_28,28,89.191,0.9,0.755,1,0
1778,36,outside,0,0.0,0.0,0.0,0,1
1778,36,station_8,8,49.761,1.25,0.35,1,0
1778,36,station_19,19,23.538,1.25,0.9,1,0
1778,36,station_25,25,101.025,0.9,0.666,1,0
1778,36,station_28,28,130.581,0.9,0.755,1,0
1779,27,outside,0,0.0,0.0,0.0,0,1
1779,27,station_8,8,83.882,1.25,0.35,1,0
1779,27,station_19,19,95.907,1.25,0.9,1,0
1779,27,station_25,25,33.242,0.9,0.666,1,0
1779,27,station_28,28,31.308,0.9,0.755,1,0
1780,56,outside,0,0.0,0.0,0.0,0,1
1780,56,station_8,8,65.404,1.25,0.35,1,0
1780,56,station_19,19,111.818,1.25,0.9,1,0
1780,56,station_25,25,98.529,0.9,0.666,1,0
1780,56,station_28,28,55.292,0.9,0.755,1,0
1781,50,outside,0,0.0,0.0,0.0,0,1
1781,50,station_8,8,75.498,1.25,0.35,1,0
1781,50,station_19,19,77.73,1.25,0.9,1,0
1781,50,station_25,25,16.997,0.9,0.666,1,0
1781,50,station_28,28,50.967,0.9,0.755,1,0
1782,27,outside,0,0.0,0.0,0.0,0,1
1782,27,station_8,8,83.882,1.25,0.35,1,0
1782,27,station_19,19,95.907,1.25,0.9,1,0
1782,27,station_25,25,33.242,0.9,0.666,1,0
1782,27,station_28,28,31.308,0.9,0.755,1,0
1783,24,outside,0,0.0,0.0,0.0,0,0
1783,24,station_8,8,59.502,1.25,0.35,1,0
1783,24,station_19,19,71.183,1.25,0.9,1,0
1783,24,station_25,25,33.7,0.9,0.666,1,1
1783,24,station_28,28,47.589,0.9,0.755,1,0
1784,17,outside,0,0.0,0.0,0.0,0,1
1784,17,station_8,8,63.784,1.25,0.35,1,0
1784,17,station_19,19,70.418,1.25,0.9,1,0
1784,17,station_25,25,27.153,0.9,0.666,1,0
1784,17,station_28,28,50.824,0.9,0.755,1,0
1785,79,outside,0,0.0,0.0,0.0,0,0
1785,79,station_8,8,99.13,1.25,0.35,1,0
1785,79,station_19,19,126.347,1.25,0.9,1,0
1785,79,station_25,25,72.25,0.9,0.666,1,0
1785,79,station_28,28,8.805,0.9,0.755,1,1
1786,24,outside,0,0.0,0.0,0.0,0,1
1786,24,station_8,8,59.502,1.25,0.35,1,0
1786,24,station_19,19,71.183,1.25,0.9,1,0
1786,24,station_25,25,33.7,0.9,0.666,1,0
1786,24,station_28,28,47.589,0.9,0.755,1,0
1787,32,outside,0,0.0,0.0,0.0,0,1
1787,32,station_8,8,122.583,1.25,0.35,1,0
1787,32,station_19,19,145.912,1.25,0.9,1,0
1787,32,station_25,25,81.891,0.9,0.666,1,0
1787,32,station_28,28,30.819,0.9,0.755,1,0
1788,47,outside,0,0.0,0.0,0.0,0,1
1788,47,station_8,8,69.469,1.25,0.35,1,0
1788,47,station_19,19,26.159,1.25,0.9,1,0
1788,47,station_25,25,62.253,0.9,0.666,1,0
1788,47,station_28,28,112.087,0.9,0.755,1,0
1789,18,outside,0,0.0,0.0,0.0,0,1
1789,18,station_8,8,57.722,1.25,0.35,1,0
1789,18,station_19,19,85.165,1.25,0.9,1,0
1789,18,station_25,25,54.276,0.9,0.666,1,0
1789,18,station_28,28,34.63,0.9,0.755,1,0
1790,10,outside,0,0.0,0.0,0.0,0,1
1790,10,station_8,8,39.742,1.25,0.35,1,0
1790,10,station_19,19,76.751,1.25,0.9,1,0
1790,10,station_25,25,67.733,0.9,0.666,1,0
1790,10,station_28,28,52.375,0.9,0.755,1,0
1791,6,outside,0,0.0,0.0,0.0,0,1
1791,6,station_8,8,98.145,1.25,0.35,1,0
1791,6,station_19,19,113.947,1.25,0.9,1,0
1791,6,station_25,25,48.196,0.9,0.666,1,0
1791,6,station_28,28,21.955,0.9,0.755,1,0
1792,16,outside,0,0.0,0.0,0.0,0,1
1792,16,station_8,8,76.931,1.25,0.35,1,0
1792,16,station_19,19,80.887,1.25,0.9,1,0
1792,16,station_25,25,18.805,0.9,0.666,1,0
1792,16,station_28,28,47.707,0.9,0.755,1,0
1793,59,outside,0,0.0,0.0,0.0,0,1
1793,59,station_8,8,101.758,1.25,0.35,1,0
1793,59,station_19,19,111.107,1.25,0.9,1,0
1793,59,station_25,25,38.654,0.9,0.666,1,0
1793,59,station_28,28,35.203,0.9,0.755,1,0
1794,32,outside,0,0.0,0.0,0.0,0,1
1794,32,station_8,8,122.583,1.25,0.35,1,0
1794,32,station_19,19,145.912,1.25,0.9,1,0
1794,32,station_25,25,81.891,0.9,0.666,1,0
1794,32,station_28,28,30.819,0.9,0.755,1,0
1795,69,outside,0,0.0,0.0,0.0,0,1
1795,69,station_8,8,146.654,1.25,0.35,1,0
1795,69,station_19,19,170.447,1.25,0.9,1,0
1795,69,station_25,25,103.682,0.9,0.666,1,0
1795,69,station_28,28,55.049,0.9,0.755,1,0
1796,31,outside,0,0.0,0.0,0.0,0,1
1796,31,station_8,8,78.215,1.25,0.35,1,0
1796,31,station_19,19,113.719,1.25,0.9,1,0
1796,31,station_25,25,77.83,0.9,0.666,1,0
1796,31,station_28,28,24.111,0.9,0.755,1,0
1797,77,outside,0,0.0,0.0,0.0,0,1
1797,77,station_8,8,15.566,1.25,0.35,1,0
1797,77,station_19,19,38.912,1.25,0.9,1,0
1797,77,station_25,25,76.359,0.9,0.666,1,0
1797,77,station_28,28,90.868,0.9,0.755,1,0
1798,18,outside,0,0.0,0.0,0.0,0,1
1798,18,station_8,8,57.722,1.25,0.35,1,0
1798,18,station_19,19,85.165,1.25,0.9,1,0
1798,18,station_25,25,54.276,0.9,0.666,1,0
1798,18,station_28,28,34.63,0.9,0.755,1,0
1799,48,outside,0,0.0,0.0,0.0,0,1
1799,48,station_8,8,60.151,1.25,0.35,1,0
1799,48,station_19,19,7.649,1.25,0.9,1,0
1799,48,station_25,25,80.4,0.9,0.666,1,0
1799,48,station_28,28,121.872,0.9,0.755,1,0
1800,38,outside,0,0.0,0.0,0.0,0,1
1800,38,station_8,8,122.799,1.25,0.35,1,0
1800,38,station_19,19,142.992,1.25,0.9,1,0
1800,38,station_25,25,75.759,0.9,0.666,1,0
1800,38,station_28,28,32.057,0.9,0.755,1,0
1801,50,outside,0,0.0,0.0,0.0,0,1
1801,50,station_8,8,75.498,1.25,0.35,1,0
1801,50,station_19,19,77.73,1.25,0.9,1,0
1801,50,station_25,25,16.997,0.9,0.666,1,0
1801,50,station_28,28,50.967,0.9,0.755,1,0
1802,50,outside,0,0.0,0.0,0.0,0,1
1802,50,station_8,8,75.498,1.25,0.35,1,0
1802,50,station_19,19,77.73,1.25,0.9,1,0
1802,50,station_25,25,16.997,0.9,0.666,1,0
1802,50,station_28,28,50.967,0.9,0.755,1,0
1803,20,outside,0,0.0,0.0,0.0,0,1
1803,20,station_8,8,125.682,1.25,0.35,1,0
1803,20,station_19,19,154.077,1.25,0.9,1,0
1803,20,station_25,25,95.28,0.9,0.666,1,0
1803,20,station_28,28,36.427,0.9,0.755,1,0
1804,78,outside,0,0.0,0.0,0.0,0,1
1804,78,station_8,8,85.507,1.25,0.35,1,0
1804,78,station_19,19,51.361,1.25,0.9,1,0
1804,78,station_25,25,44.406,0.9,0.666,1,0
1804,78,station_28,28,104.032,0.9,0.755,1,0
1805,32,outside,0,0.0,0.0,0.0,0,1
1805,32,station_8,8,122.583,1.25,0.35,1,0
1805,32,station_19,19,145.912,1.25,0.9,1,0
1805,32,station_25,25,81.891,0.9,0.666,1,0
1805,32,station_28,28,30.819,0.9,0.755,1,0
1806,2,outside,0,0.0,0.0,0.0,0,0
1806,2,station_8,8,4.679,1.25,0.35,1,1
1806,2,station_19,19,57.165,1.25,0.9,1,0
1806,2,station_25,25,90.696,0.9,0.666,1,0
1806,2,station_28,28,91.632,0.9,0.755,1,0
1807,5,outside,0,0.0,0.0,0.0,0,0
1807,5,station_8,8,100.125,1.25,0.35,1,0
1807,5,station_19,19,116.708,1.25,0.9,1,0
1807,5,station_25,25,51.061,0.9,0.666,1,0
1807,5,station_28,28,20.857,0.9,0.755,1,1
1808,35,outside,0,0.0,0.0,0.0,0,0
1808,35,station_8,8,5.157,1.25,0.35,1,1
1808,35,station_19,19,56.506,1.25,0.9,1,0
1808,35,station_25,25,92.499,0.9,0.666,1,0
1808,35,station_28,28,94.18,0.9,0.755,1,0
1809,46,outside,0,0.0,0.0,0.0,0,1
1809,46,station_8,8,50.091,1.25,0.35,1,0
1809,46,station_19,19,85.489,1.25,0.9,1,0
1809,46,station_25,25,66.439,0.9,0.666,1,0
1809,46,station_28,28,42.432,0.9,0.755,1,0
1810,12,outside,0,0.0,0.0,0.0,0,1
1810,12,station_8,8,16.711,1.25,0.35,1,0
1810,12,station_19,19,45.818,1.25,0.9,1,0
1810,12,station_25,25,97.417,0.9,0.666,1,0
1810,12,station_28,28,107.888,0.9,0.755,1,0
1811,55,outside,0,0.0,0.0,0.0,0,1
1811,55,station_8,8,70.571,1.25,0.35,1,0
1811,55,station_19,19,22.336,1.25,0.9,1,0
1811,55,station_25,25,98.744,0.9,0.666,1,0
1811,55,station_28,28,139.9,0.9,0.755,1,0
1812,35,outside,0,0.0,0.0,0.0,0,1
1812,35,station_8,8,5.157,1.25,0.35,1,0
1812,35,station_19,19,56.506,1.25,0.9,1,0
1812,35,station_25,25,92.499,0.9,0.666,1,0
1812,35,station_28,28,94.18,0.9,0.755,1,0
1813,79,outside,0,0.0,0.0,0.0,0,0
1813,79,station_8,8,99.13,1.25,0.35,1,0
1813,79,station_19,19,126.347,1.25,0.9,1,0
1813,79,station_25,25,72.25,0.9,0.666,1,0
1813,79,station_28,28,8.805,0.9,0.755,1,1
1814,38,outside,0,0.0,0.0,0.0,0,1
1814,38,station_8,8,122.799,1.25,0.35,1,0
1814,38,station_19,19,142.992,1.25,0.9,1,0
1814,38,station_25,25,75.759,0.9,0.666,1,0
1814,38,station_28,28,32.057,0.9,0.755,1,0
1815,5,outside,0,0.0,0.0,0.0,0,1
1815,5,station_8,8,100.125,1.25,0.35,1,0
1815,5,station_19,19,116.708,1.25,0.9,1,0
1815,5,station_25,25,51.061,0.9,0.666,1,0
1815,5,station_28,28,20.857,0.9,0.755,1,0
1816,13,outside,0,0.0,0.0,0.0,0,0
1816,13,station_8,8,26.846,1.25,0.35,1,1
1816,13,station_19,19,29.228,1.25,0.9,1,0
1816,13,station_25,25,89.473,0.9,0.666,1,0
1816,13,station_28,28,110.088,0.9,0.755,1,0
1817,35,outside,0,0.0,0.0,0.0,0,0
1817,35,station_8,8,5.157,1.25,0.35,1,1
1817,35,station_19,19,56.506,1.25,0.9,1,0
1817,35,station_25,25,92.499,0.9,0.666,1,0
1817,35,station_28,28,94.18,0.9,0.755,1,0
1818,16,outside,0,0.0,0.0,0.0,0,1
1818,16,station_8,8,76.931,1.25,0.35,1,0
1818,16,station_19,19,80.887,1.25,0.9,1,0
1818,16,station_25,25,18.805,0.9,0.666,1,0
1818,16,station_28,28,47.707,0.9,0.755,1,0
1819,28,outside,0,0.0,0.0,0.0,0,1
1819,28,station_8,8,45.893,1.25,0.35,1,0
1819,28,station_19,19,17.858,1.25,0.9,1,0
1819,28,station_25,25,63.65,0.9,0.666,1,0
1819,28,station_28,28,100.112,0.9,0.755,1,0
1820,54,outside,0,0.0,0.0,0.0,0,1
1820,54,station_8,8,62.425,1.25,0.35,1,0
1820,54,station_19,19,108.183,1.25,0.9,1,0
1820,54,station_25,25,94.799,0.9,0.666,1,0
1820,54,station_28,28,53.296,0.9,0.755,1,0
1821,55,outside,0,0.0,0.0,0.0,0,1
1821,55,station_8,8,70.571,1.25,0.35,1,0
1821,55,station_19,19,22.336,1.25,0.9,1,0
1821,55,station_25,25,98.744,0.9,0.666,1,0
1821,55,station_28,28,139.9,0.9,0.755,1,0
1822,70,outside,0,0.0,0.0,0.0,0,1
1822,70,station_8,8,75.014,1.25,0.35,1,0
1822,70,station_19,19,122.596,1.25,0.9,1,0
1822,70,station_25,25,108.626,0.9,0.666,1,0
1822,70,station_28,28,60.868,0.9,0.755,1,0
1823,21,outside,0,0.0,0.0,0.0,0,1
1823,21,station_8,8,129.476,1.25,0.35,1,0
1823,21,station_19,19,167.479,1.25,0.9,1,0
1823,21,station_25,25,121.663,0.9,0.666,1,0
1823,21,station_28,28,57.205,0.9,0.755,1,0
1824,24,outside,0,0.0,0.0,0.0,0,1
1824,24,station_8,8,59.502,1.25,0.35,1,0
1824,24,station_19,19,71.183,1.25,0.9,1,0
1824,24,station_25,25,33.7,0.9,0.666,1,0
1824,24,station_28,28,47.589,0.9,0.755,1,0
1825,58,outside,0,0.0,0.0,0.0,0,1
1825,58,station_8,8,70.988,1.25,0.35,1,0
1825,58,station_19,19,46.308,1.25,0.9,1,0
1825,58,station_25,25,35.817,0.9,0.666,1,0
1825,58,station_28,28,89.487,0.9,0.755,1,0
1826,3,outside,0,0.0,0.0,0.0,0,1
1826,3,station_8,8,66.181,1.25,0.35,1,0
1826,3,station_19,19,106.175,1.25,0.9,1,0
1826,3,station_25,25,81.895,0.9,0.666,1,0
1826,3,station_28,28,37.637,0.9,0.755,1,0
1827,14,outside,0,0.0,0.0,0.0,0,1
1827,14,station_8,8,69.896,1.25,0.35,1,0
1827,14,station_19,19,67.32,1.25,0.9,1,0
1827,14,station_25,25,17.838,0.9,0.666,1,0
1827,14,station_28,28,60.29,0.9,0.755,1,0
1828,54,outside,0,0.0,0.0,0.0,0,1
1828,54,station_8,8,62.425,1.25,0.35,1,0
1828,54,station_19,19,108.183,1.25,0.9,1,0
1828,54,station_25,25,94.799,0.9,0.666,1,0
1828,54,station_28,28,53.296,0.9,0.755,1,0
1829,67,outside,0,0.0,0.0,0.0,0,0
1829,67,station_8,8,75.235,1.25,0.35,1,0
1829,67,station_19,19,63.443,1.25,0.9,1,0
1829,67,station_25,25,16.514,0.9,0.666,1,1
1829,67,station_28,28,71.834,0.9,0.755,1,0
1830,24,outside,0,0.0,0.0,0.0,0,0
1830,24,station_8,8,59.502,1.25,0.35,1,0
1830,24,station_19,19,71.183,1.25,0.9,1,0
1830,24,station_25,25,33.7,0.9,0.666,1,1
1830,24,station_28,28,47.589,0.9,0.755,1,0
1831,40,outside,0,0.0,0.0,0.0,0,1
1831,40,station_8,8,50.28,1.25,0.35,1,0
1831,40,station_19,19,63.179,1.25,0.9,1,0
1831,40,station_25,25,39.841,0.9,0.666,1,0
1831,40,station_28,28,54.545,0.9,0.755,1,0
1832,20,outside,0,0.0,0.0,0.0,0,1
1832,20,station_8,8,125.682,1.25,0.35,1,0
1832,20,station_19,19,154.077,1.25,0.9,1,0
1832,20,station_25,25,95.28,0.9,0.666,1,0
1832,20,station_28,28,36.427,0.9,0.755,1,0
1833,49,outside,0,0.0,0.0,0.0,0,1
1833,49,station_8,8,135.961,1.25,0.35,1,0
1833,49,station_19,19,172.569,1.25,0.9,1,0
1833,49,station_25,25,123.496,0.9,0.666,1,0
1833,49,station_28,28,59.633,0.9,0.755,1,0
1834,62,outside,0,0.0,0.0,0.0,0,0
1834,62,station_8,8,101.631,1.25,0.35,1,0
1834,62,station_19,19,125.187,1.25,0.9,1,0
1834,62,station_25,25,66.178,0.9,0.666,1,0
1834,62,station_28,28,10.43,0.9,0.755,1,1
1835,22,outside,0,0.0,0.0,0.0,0,1
1835,22,station_8,8,75.15,1.25,0.35,1,0
1835,22,station_19,19,59.51,1.25,0.9,1,0
1835,22,station_25,25,21.007,0.9,0.666,1,0
1835,22,station_28,28,77.226,0.9,0.755,1,0
1836,47,outside,0,0.0,0.0,0.0,0,1
1836,47,station_8,8,69.469,1.25,0.35,1,0
1836,47,station_19,19,26.159,1.25,0.9,1,0
1836,47,station_25,25,62.253,0.9,0.666,1,0
1836,47,station_28,28,112.087,0.9,0.755,1,0
1837,64,outside,0,0.0,0.0,0.0,0,1
1837,64,station_8,8,88.473,1.25,0.35,1,0
1837,64,station_19,19,113.427,1.25,0.9,1,0
1837,64,station_25,25,60.627,0.9,0.666,1,0
1837,64,station_28,28,4.372,0.9,0.755,1,0
1838,16,outside,0,0.0,0.0,0.0,0,0
1838,16,station_8,8,76.931,1.25,0.35,1,0
1838,16,station_19,19,80.887,1.25,0.9,1,0
1838,16,station_25,25,18.805,0.9,0.666,1,1
1838,16,station_28,28,47.707,0.9,0.755,1,0
1839,61,outside,0,0.0,0.0,0.0,0,1
1839,61,station_8,8,84.684,1.25,0.35,1,0
1839,61,station_19,19,32.123,1.25,0.9,1,0
1839,61,station_25,25,92.771,0.9,0.666,1,0
1839,61,station_28,28,142.075,0.9,0.755,1,0
1840,40,outside,0,0.0,0.0,0.0,0,1
1840,40,station_8,8,50.28,1.25,0.35,1,0
1840,40,station_19,19,63.179,1.25,0.9,1,0
1840,40,station_25,25,39.841,0.9,0.666,1,0
1840,40,station_28,28,54.545,0.9,0.755,1,0
1841,75,outside,0,0.0,0.0,0.0,0,1
1841,75,station_8,8,75.194,1.25,0.35,1,0
1841,75,station_19,19,33.56,1.25,0.9,1,0
1841,75,station_25,25,112.096,0.9,0.666,1,0
1841,75,station_28,28,150.687,0.9,0.755,1,0
1842,58,outside,0,0.0,0.0,0.0,0,1
1842,58,station_8,8,70.988,1.25,0.35,1,0
1842,58,station_19,19,46.308,1.25,0.9,1,0
1842,58,station_25,25,35.817,0.9,0.666,1,0
1842,58,station_28,28,89.487,0.9,0.755,1,0
1843,76,outside,0,0.0,0.0,0.0,0,1
1843,76,station_8,8,84.21,1.25,0.35,1,0
1843,76,station_19,19,124.474,1.25,0.9,1,0
1843,76,station_25,25,93.218,0.9,0.666,1,0
1843,76,station_28,28,36.679,0.9,0.755,1,0
1844,12,outside,0,0.0,0.0,0.0,0,0
1844,12,station_8,8,16.711,1.25,0.35,1,1
1844,12,station_19,19,45.818,1.25,0.9,1,0
1844,12,station_25,25,97.417,0.9,0.666,1,0
1844,12,station_28,28,107.888,0.9,0.755,1,0
1845,72,outside,0,0.0,0.0,0.0,0,1
1845,72,station_8,8,108.042,1.25,0.35,1,0
1845,72,station_19,19,129.488,1.25,0.9,1,0
1845,72,station_25,25,66.488,0.9,0.666,1,0
1845,72,station_28,28,17.792,0.9,0.755,1,0
1846,65,outside,0,0.0,0.0,0.0,0,0
1846,65,station_8,8,95.69,1.25,0.35,1,0
1846,65,station_19,19,118.286,1.25,0.9,1,0
1846,65,station_25,25,60.162,0.9,0.666,1,0
1846,65,station_28,28,7.765,0.9,0.755,1,1
1847,11,outside,0,0.0,0.0,0.0,0,1
1847,11,station_8,8,138.319,1.25,0.35,1,0
1847,11,station_19,19,158.632,1.25,0.9,1,0
1847,11,station_25,25,89.422,0.9,0.666,1,0
1847,11,station_28,28,46.921,0.9,0.755,1,0
1848,28,outside,0,0.0,0.0,0.0,0,1
1848,28,station_8,8,45.893,1.25,0.35,1,0
1848,28,station_19,19,17.858,1.25,0.9,1,0
1848,28,station_25,25,63.65,0.9,0.666,1,0
1848,28,station_28,28,100.112,0.9,0.755,1,0
1849,79,outside,0,0.0,0.0,0.0,0,1
1849,79,station_8,8,99.13,1.25,0.35,1,0
1849,79,station_19,19,126.347,1.25,0.9,1,0
1849,79,station_25,25,72.25,0.9,0.666,1,0
1849,79,station_28,28,8.805,0.9,0.755,1,0
1850,2,outside,0,0.0,0.0,0.0,0,0
1850,2,station_8,8,4.679,1.25,0.35,1,1
1850,2,station_19,19,57.165,1.25,0.9,1,0
1850,2,station_25,25,90.696,0.9,0.666,1,0
1850,2,station_28,28,91.632,0.9,0.755,1,0
1851,37,outside,0,0.0,0.0,0.0,0,1
1851,37,station_8,8,68.494,1.25,0.35,1,0
1851,37,station_19,19,27.417,1.25,0.9,1,0
1851,37,station_25,25,59.272,0.9,0.666,1,0
1851,37,station_28,28,109.137,0.9,0.755,1,0
1852,28,outside,0,0.0,0.0,0.0,0,0
1852,28,station_8,8,45.893,1.25,0.35,1,0
1852,28,station_19,19,17.858,1.25,0.9,1,1
1852,28,station_25,25,63.65,0.9,0.666,1,0
1852,28,station_28,28,100.112,0.9,0.755,1,0
1853,29,outside,0,0.0,0.0,0.0,0,1
1853,29,station_8,8,90.575,1.25,0.35,1,0
1853,29,station_19,19,126.377,1.25,0.9,1,0
1853,29,station_25,25,86.174,0.9,0.666,1,0
1853,29,station_28,28,24.94,0.9,0.755,1,0
1854,16,outside,0,0.0,0.0,0.0,0,0
1854,16,station_8,8,76.931,1.25,0.35,1,0
1854,16,station_19,19,80.887,1.25,0.9,1,0
1854,16,station_25,25,18.805,0.9,0.666,1,1
1854,16,station_28,28,47.707,0.9,0.755,1,0
1855,22,outside,0,0.0,0.0,0.0,0,1
1855,22,station_8,8,75.15,1.25,0.35,1,0
1855,22,station_19,19,59.51,1.25,0.9,1,0
1855,22,station_25,25,21.007,0.9,0.666,1,0
1855,22,station_28,28,77.226,0.9,0.755,1,0
1856,16,outside,0,0.0,0.0,0.0,0,1
1856,16,station_8,8,76.931,1.25,0.35,1,0
1856,16,station_19,19,80.887,1.25,0.9,1,0
1856,16,station_25,25,18.805,0.9,0.666,1,0
1856,16,station_28,28,47.707,0.9,0.755,1,0
1857,14,outside,0,0.0,0.0,0.0,0,0
1857,14,station_8,8,69.896,1.25,0.35,1,0
1857,14,station_19,19,67.32,1.25,0.9,1,0
1857,14,station_25,25,17.838,0.9,0.666,1,1
1857,14,station_28,28,60.29,0.9,0.755,1,0
1858,12,outside,0,0.0,0.0,0.0,0,1
1858,12,station_8,8,16.711,1.25,0.35,1,0
1858,12,station_19,19,45.818,1.25,0.9,1,0
1858,12,station_25,25,97.417,0.9,0.666,1,0
1858,12,station_28,28,107.888,0.9,0.755,1,0
1859,18,outside,0,0.0,0.0,0.0,0,1
1859,18,station_8,8,57.722,1.25,0.35,1,0
1859,18,station_19,19,85.165,1.25,0.9,1,0
1859,18,station_25,25,54.276,0.9,0.666,1,0
1859,18,station_28,28,34.63,0.9,0.755,1,0
1860,64,outside,0,0.0,0.0,0.0,0,0
1860,64,station_8,8,88.473,1.25,0.35,1,0
1860,64,station_19,19,113.427,1.25,0.9,1,0
1860,64,station_25,25,60.627,0.9,0.666,1,0
1860,64,station_28,28,4.372,0.9,0.755,1,1
1861,3,outside,0,0.0,0.0,0.0,0,1
1861,3,station_8,8,66.181,1.25,0.35,1,0
1861,3,station_19,19,106.175,1.25,0.9,1,0
1861,3,station_25,25,81.895,0.9,0.666,1,0
1861,3,station_28,28,37.637,0.9,0.755,1,0
1862,57,outside,0,0.0,0.0,0.0,0,0
1862,57,station_8,8,83.823,1.25,0.35,1,0
1862,57,station_19,19,81.369,1.25,0.9,1,0
1862,57,station_25,25,8.476,0.9,0.666,1,1
1862,57,station_28,28,56.282,0.9,0.755,1,0
1863,46,outside,0,0.0,0.0,0.0,0,1
1863,46,station_8,8,50.091,1.25,0.35,1,0
1863,46,station_19,19,85.489,1.25,0.9,1,0
1863,46,station_25,25,66.439,0.9,0.666,1,0
1863,46,station_28,28,42.432,0.9,0.755,1,0
1864,80,outside,0,0.0,0.0,0.0,0,1
1864,80,station_8,8,79.716,1.25,0.35,1,0
1864,80,station_19,19,50.2,1.25,0.9,1,0
1864,80,station_25,25,38.164,0.9,0.666,1,0
1864,80,station_28,28,96.269,0.9,0.755,1,0
1865,2,outside,0,0.0,0.0,0.0,0,0
1865,2,station_8,8,4.679,1.25,0.35,1,1
1865,2,station_19,19,57.165,1.25,0.9,1,0
1865,2,station_25,25,90.696,0.9,0.666,1,0
1865,2,station_28,28,91.632,0.9,0.755,1,0
1866,57,outside,0,0.0,0.0,0.0,0,0
1866,57,station_8,8,83.823,1.25,0.35,1,0
1866,57,station_19,19,81.369,1.25,0.9,1,0
1866,57,station_25,25,8.476,0.9,0.666,1,1
1866,57,station_28,28,56.282,0.9,0.755,1,0
1867,4,outside,0,0.0,0.0,0.0,0,1
1867,4,station_8,8,123.283,1.25,0.35,1,0
1867,4,station_19,19,160.772,1.25,0.9,1,0
1867,4,station_25,25,115.162,0.9,0.666,1,0
1867,4,station_28,28,50.64,0.9,0.755,1,0
1868,54,outside,0,0.0,0.0,0.0,0,1
1868,54,station_8,8,62.425,1.25,0.35,1,0
1868,54,station_19,19,108.183,1.25,0.9,1,0
1868,54,station_25,25,94.799,0.9,0.666,1,0
1868,54,station_28,28,53.296,0.9,0.755,1,0
1869,9,outside,0,0.0,0.0,0.0,0,0
1869,9,station_8,8,60.179,1.25,0.35,1,0
1869,9,station_19,19,10.891,1.25,0.9,1,1
1869,9,station_25,25,89.553,0.9,0.666,1,0
1869,9,station_28,28,128.538,0.9,0.755,1,0
1870,28,outside,0,0.0,0.0,0.0,0,1
1870,28,station_8,8,45.893,1.25,0.35,1,0
1870,28,station_19,19,17.858,1.25,0.9,1,0
1870,28,station_25,25,63.65,0.9,0.666,1,0
1870,28,station_28,28,100.112,0.9,0.755,1,0
1871,46,outside,0,0.0,0.0,0.0,0,1
1871,46,station_8,8,50.091,1.25,0.35,1,0
1871,46,station_19,19,85.489,1.25,0.9,1,0
1871,46,station_25,25,66.439,0.9,0.666,1,0
1871,46,station_28,28,42.432,0.9,0.755,1,0
1872,58,outside,0,0.0,0.0,0.0,0,1
1872,58,station_8,8,70.988,1.25,0.35,1,0
1872,58,station_19,19,46.308,1.25,0.9,1,0
1872,58,station_25,25,35.817,0.9,0.666,1,0
1872,58,station_28,28,89.487,0.9,0.755,1,0
1873,16,outside,0,0.0,0.0,0.0,0,1
1873,16,station_8,8,76.931,1.25,0.35,1,0
1873,16,station_19,19,80.887,1.25,0.9,1,0
1873,16,station_25,25,18.805,0.9,0.666,1,0
1873,16,station_28,28,47.707,0.9,0.755,1,0
1874,37,outside,0,0.0,0.0,0.0,0,1
1874,37,station_8,8,68.494,1.25,0.35,1,0
1874,37,station_19,19,27.417,1.25,0.9,1,0
1874,37,station_25,25,59.272,0.9,0.666,1,0
1874,37,station_28,28,109.137,0.9,0.755,1,0
1875,46,outside,0,0.0,0.0,0.0,0,1
1875,46,station_8,8,50.091,1.25,0.35,1,0
1875,46,station_19,19,85.489,1.25,0.9,1,0
1875,46,station_25,25,66.439,0.9,0.666,1,0
1875,46,station_28,28,42.432,0.9,0.755,1,0
1876,42,outside,0,0.0,0.0,0.0,0,0
1876,42,station_8,8,67.43,1.25,0.35,1,0
1876,42,station_19,19,14.888,1.25,0.9,1,1
1876,42,station_25,25,85.138,0.9,0.666,1,0
1876,42,station_28,28,128.906,0.9,0.755,1,0
1877,34,outside,0,0.0,0.0,0.0,0,1
1877,34,station_8,8,35.693,1.25,0.35,1,0
1877,34,station_19,19,36.459,1.25,0.9,1,0
1877,34,station_25,25,104.209,0.9,0.666,1,0
1877,34,station_28,28,123.909,0.9,0.755,1,0
1878,29,outside,0,0.0,0.0,0.0,0,1
1878,29,station_8,8,90.575,1.25,0.35,1,0
1878,29,station_19,19,126.377,1.25,0.9,1,0
1878,29,station_25,25,86.174,0.9,0.666,1,0
1878,29,station_28,28,24.94,0.9,0.755,1,0
1879,50,outside,0,0.0,0.0,0.0,0,1
1879,50,station_8,8,75.498,1.25,0.35,1,0
1879,50,station_19,19,77.73,1.25,0.9,1,0
1879,50,station_25,25,16.997,0.9,0.666,1,0
1879,50,station_28,28,50.967,0.9,0.755,1,0
1880,77,outside,0,0.0,0.0,0.0,0,1
1880,77,station_8,8,15.566,1.25,0.35,1,0
1880,77,station_19,19,38.912,1.25,0.9,1,0
1880,77,station_25,25,76.359,0.9,0.666,1,0
1880,77,station_28,28,90.868,0.9,0.755,1,0
1881,48,outside,0,0.0,0.0,0.0,0,0
1881,48,station_8,8,60.151,1.25,0.35,1,0
1881,48,station_19,19,7.649,1.25,0.9,1,1
1881,48,station_25,25,80.4,0.9,0.666,1,0
1881,48,station_28,28,121.872,0.9,0.755,1,0
1882,74,outside,0,0.0,0.0,0.0,0,1
1882,74,station_8,8,32.229,1.25,0.35,1,0
1882,74,station_19,19,75.711,1.25,0.9,1,0
1882,74,station_25,25,77.248,0.9,0.666,1,0
1882,74,station_28,28,62.103,0.9,0.755,1,0
1883,5,outside,0,0.0,0.0,0.0,0,1
1883,5,station_8,8,100.125,1.25,0.35,1,0
1883,5,station_19,19,116.708,1.25,0.9,1,0
1883,5,station_25,25,51.061,0.9,0.666,1,0
1883,5,station_28,28,20.857,0.9,0.755,1,0
1884,48,outside,0,0.0,0.0,0.0,0,0
1884,48,station_8,8,60.151,1.25,0.35,1,0
1884,48,station_19,19,7.649,1.25,0.9,1,1
1884,48,station_25,25,80.4,0.9,0.666,1,0
1884,48,station_28,28,121.872,0.9,0.755,1,0
1885,55,outside,0,0.0,0.0,0.0,0,1
1885,55,station_8,8,70.571,1.25,0.35,1,0
1885,55,station_19,19,22.336,1.25,0.9,1,0
1885,55,station_25,25,98.744,0.9,0.666,1,0
1885,55,station_28,28,139.9,0.9,0.755,1,0
1886,7,outside,0,0.0,0.0,0.0,0,1
1886,7,station_8,8,85.244,1.25,0.35,1,0
1886,7,station_19,19,55.162,1.25,0.9,1,0
1886,7,station_25,25,37.637,0.9,0.666,1,0
1886,7,station_28,28,98.08,0.9,0.755,1,0
1887,13,outside,0,0.0,0.0,0.0,0,1
1887,13,station_8,8,26.846,1.25,0.35,1,0
1887,13,station_19,19,29.228,1.25,0.9,1,0
1887,13,station_25,25,89.473,0.9,0.666,1,0
1887,13,station_28,28,110.088,0.9,0.755,1,0
1888,77,outside,0,0.0,0.0,0.0,0,1
1888,77,station_8,8,15.566,1.25,0.35,1,0
1888,77,station_19,19,38.912,1.25,0.9,1,0
1888,77,station_25,25,76.359,0.9,0.666,1,0
1888,77,station_28,28,90.868,0.9,0.755,1,0
1889,18,outside,0,0.0,0.0,0.0,0,1
1889,18,station_8,8,57.722,1.25,0.35,1,0
1889,18,station_19,19,85.165,1.25,0.9,1,0
1889,18,station_25,25,54.276,0.9,0.666,1,0
1889,18,station_28,28,34.63,0.9,0.755,1,0
1890,8,outside,0,0.0,0.0,0.0,0,1
1890,8,station_8,8,4.571,1.25,0.35,1,0
1890,8,station_19,19,49.873,1.25,0.9,1,0
1890,8,station_25,25,83.221,0.9,0.666,1,0
1890,8,station_28,28,89.191,0.9,0.755,1,0
1891,50,outside,0,0.0,0.0,0.0,0,1
1891,50,station_8,8,75.498,1.25,0.35,1,0
1891,50,station_19,19,77.73,1.25,0.9,1,0
1891,50,station_25,25,16.997,0.9,0.666,1,0
1891,50,station_28,28,50.967,0.9,0.755,1,0
1892,27,outside,0,0.0,0.0,0.0,0,1
1892,27,station_8,8,83.882,1.25,0.35,1,0
1892,27,station_19,19,95.907,1.25,0.9,1,0
1892,27,station_25,25,33.242,0.9,0.666,1,0
1892,27,station_28,28,31.308,0.9,0.755,1,0
1893,17,outside,0,0.0,0.0,0.0,0,1
1893,17,station_8,8,63.784,1.25,0.35,1,0
1893,17,station_19,19,70.418,1.25,0.9,1,0
1893,17,station_25,25,27.153,0.9,0.666,1,0
1893,17,station_28,28,50.824,0.9,0.755,1,0
1894,33,outside,0,0.0,0.0,0.0,0,1
1894,33,station_8,8,102.404,1.25,0.35,1,0
1894,33,station_19,19,53.528,1.25,0.9,1,0
1894,33,station_25,25,79.257,0.9,0.666,1,0
1894,33,station_28,28,138.237,0.9,0.755,1,0
1895,63,outside,0,0.0,0.0,0.0,0,1
1895,63,station_8,8,30.308,1.25,0.35,1,0
1895,63,station_19,19,74.577,1.25,0.9,1,0
1895,63,station_25,25,78.28,0.9,0.666,1,0
1895,63,station_28,28,64.16,0.9,0.755,1,0
1896,53,outside,0,0.0,0.0,0.0,0,1
1896,53,station_8,8,107.748,1.25,0.35,1,0
1896,53,station_19,19,153.115,1.25,0.9,1,0
1896,53,station_25,25,125.618,0.9,0.666,1,0
1896,53,station_28,28,65.388,0.9,0.755,1,0
1897,43,outside,0,0.0,0.0,0.0,0,1
1897,43,station_8,8,108.193,1.25,0.35,1,0
1897,43,station_19,19,120.051,1.25,0.9,1,0
1897,43,station_25,25,48.125,0.9,0.666,1,0
1897,43,station_28,28,32.62,0.9,0.755,1,0
1898,18,outside,0,0.0,0.0,0.0,0,1
1898,18,station_8,8,57.722,1.25,0.35,1,0
1898,18,station_19,19,85.165,1.25,0.9,1,0
1898,18,station_25,25,54.276,0.9,0.666,1,0
1898,18,station_28,28,34.63,0.9,0.755,1,0
1899,5,outside,0,0.0,0.0,0.0,0,0
1899,5,station_8,8,100.125,1.25,0.35,1,0
1899,5,station_19,19,116.708,1.25,0.9,1,0
1899,5,station_25,25,51.061,0.9,0.666,1,0
1899,5,station_28,28,20.857,0.9,0.755,1,1
1900,2,outside,0,0.0,0.0,0.0,0,1
1900,2,station_8,8,4.679,1.25,0.35,1,0
1900,2,station_19,19,57.165,1.25,0.9,1,0
1900,2,station_25,25,90.696,0.9,0.666,1,0
1900,2,station_28,28,91.632,0.9,0.755,1,0
1901,40,outside,0,0.0,0.0,0.0,0,1
1901,40,station_8,8,50.28,1.25,0.35,1,0
1901,40,station_19,19,63.179,1.25,0.9,1,0
1901,40,station_25,25,39.841,0.9,0.666,1,0
1901,40,station_28,28,54.545,0.9,0.755,1,0
1902,2,outside,0,0.0,0.0,0.0,0,1
1902,2,station_8,8,4.679,1.25,0.35,1,0
1902,2,station_19,19,57.165,1.25,0.9,1,0
1902,2,station_25,25,90.696,0.9,0.666,1,0
1902,2,station_28,28,91.632,0.9,0.755,1,0
1903,41,outside,0,0.0,0.0,0.0,0,1
1903,41,station_8,8,84.6,1.25,0.35,1,0
1903,41,station_19,19,44.709,1.25,0.9,1,0
1903,41,station_25,25,54.471,0.9,0.666,1,0
1903,41,station_28,28,112.197,0.9,0.755,1,0
1904,6,outside,0,0.0,0.0,0.0,0,1
1904,6,station_8,8,98.145,1.25,0.35,1,0
1904,6,station_19,19,113.947,1.25,0.9,1,0
1904,6,station_25,25,48.196,0.9,0.666,1,0
1904,6,station_28,28,21.955,0.9,0.755,1,0
1905,41,outside,0,0.0,0.0,0.0,0,1
1905,41,station_8,8,84.6,1.25,0.35,1,0
1905,41,station_19,19,44.709,1.25,0.9,1,0
1905,41,station_25,25,54.471,0.9,0.666,1,0
1905,41,station_28,28,112.197,0.9,0.755,1,0
1906,28,outside,0,0.0,0.0,0.0,0,0
1906,28,station_8,8,45.893,1.25,0.35,1,0
1906,28,station_19,19,17.858,1.25,0.9,1,1
1906,28,station_25,25,63.65,0.9,0.666,1,0
1906,28,station_28,28,100.112,0.9,0.755,1,0
1907,17,outside,0,0.0,0.0,0.0,0,0
1907,17,station_8,8,63.784,1.25,0.35,1,0
1907,17,station_19,19,70.418,1.25,0.9,1,0
1907,17,station_25,25,27.153,0.9,0.666,1,1
1907,17,station_28,28,50.824,0.9,0.755,1,0
1908,63,outside,0,0.0,0.0,0.0,0,1
1908,63,station_8,8,30.308,1.25,0.35,1,0
1908,63,station_19,19,74.577,1.25,0.9,1,0
1908,63,station_25,25,78.28,0.9,0.666,1,0
1908,63,station_28,28,64.16,0.9,0.755,1,0
1909,58,outside,0,0.0,0.0,0.0,0,1
1909,58,station_8,8,70.988,1.25,0.35,1,0
1909,58,station_19,19,46.308,1.25,0.9,1,0
1909,58,station_25,25,35.817,0.9,0.666,1,0
1909,58,station_28,28,89.487,0.9,0.755,1,0
1910,57,outside,0,0.0,0.0,0.0,0,1
1910,57,station_8,8,83.823,1.25,0.35,1,0
1910,57,station_19,19,81.369,1.25,0.9,1,0
1910,57,station_25,25,8.476,0.9,0.666,1,0
1910,57,station_28,28,56.282,0.9,0.755,1,0
1911,37,outside,0,0.0,0.0,0.0,0,1
1911,37,station_8,8,68.494,1.25,0.35,1,0
1911,37,station_19,19,27.417,1.25,0.9,1,0
1911,37,station_25,25,59.272,0.9,0.666,1,0
1911,37,station_28,28,109.137,0.9,0.755,1,0
1912,47,outside,0,0.0,0.0,0.0,0,1
1912,47,station_8,8,69.469,1.25,0.35,1,0
1912,47,station_19,19,26.159,1.25,0.9,1,0
1912,47,station_25,25,62.253,0.9,0.666,1,0
1912,47,station_28,28,112.087,0.9,0.755,1,0
1913,19,outside,0,0.0,0.0,0.0,0,1
1913,19,station_8,8,135.682,1.25,0.35,1,0
1913,19,station_19,19,169.296,1.25,0.9,1,0
1913,19,station_25,25,115.78,0.9,0.666,1,0
1913,19,station_28,28,53.427,0.9,0.755,1,0
1914,17,outside,0,0.0,0.0,0.0,0,1
1914,17,station_8,8,63.784,1.25,0.35,1,0
1914,17,station_19,19,70.418,1.25,0.9,1,0
1914,17,station_25,25,27.153,0.9,0.666,1,0
1914,17,station_28,28,50.824,0.9,0.755,1,0
1915,79,outside,0,0.0,0.0,0.0,0,0
1915,79,station_8,8,99.13,1.25,0.35,1,0
1915,79,station_19,19,126.347,1.25,0.9,1,0
1915,79,station_25,25,72.25,0.9,0.666,1,0
1915,79,station_28,28,8.805,0.9,0.755,1,1
1916,15,outside,0,0.0,0.0,0.0,0,1
1916,15,station_8,8,76.282,1.25,0.35,1,0
1916,15,station_19,19,40.814,1.25,0.9,1,0
1916,15,station_25,25,48.434,0.9,0.666,1,0
1916,15,station_28,28,103.654,0.9,0.755,1,0
1917,79,outside,0,0.0,0.0,0.0,0,1
1917,79,station_8,8,99.13,1.25,0.35,1,0
1917,79,station_19,19,126.347,1.25,0.9,1,0
1917,79,station_25,25,72.25,0.9,0.666,1,0
1917,79,station_28,28,8.805,0.9,0.755,1,0
1918,72,outside,0,0.0,0.0,0.0,0,1
1918,72,station_8,8,108.042,1.25,0.35,1,0
1918,72,station_19,19,129.488,1.25,0.9,1,0
1918,72,station_25,25,66.488,0.9,0.666,1,0
1918,72,station_28,28,17.792,0.9,0.755,1,0
1919,76,outside,0,0.0,0.0,0.0,0,1
1919,76,station_8,8,84.21,1.25,0.35,1,0
1919,76,station_19,19,124.474,1.25,0.9,1,0
1919,76,station_25,25,93.218,0.9,0.666,1,0
1919,76,station_28,28,36.679,0.9,0.755,1,0
1920,1,outside,0,0.0,0.0,0.0,0,1
1920,1,station_8,8,70.31,1.25,0.35,1,0
1920,1,station_19,19,20.578,1.25,0.9,1,0
1920,1,station_25,25,73.376,0.9,0.666,1,0
1920,1,station_28,28,121.38,0.9,0.755,1,0
1921,62,outside,0,0.0,0.0,0.0,0,0
1921,62,station_8,8,101.631,1.25,0.35,1,0
1921,62,station_19,19,125.187,1.25,0.9,1,0
1921,62,station_25,25,66.178,0.9,0.666,1,0
1921,62,station_28,28,10.43,0.9,0.755,1,1
1922,36,outside,0,0.0,0.0,0.0,0,1
1922,36,station_8,8,49.761,1.25,0.35,1,0
1922,36,station_19,19,23.538,1.25,0.9,1,0
1922,36,station_25,25,101.025,0.9,0.666,1,0
1922,36,station_28,28,130.581,0.9,0.755,1,0
1923,75,outside,0,0.0,0.0,0.0,0,1
1923,75,station_8,8,75.194,1.25,0.35,1,0
1923,75,station_19,19,33.56,1.25,0.9,1,0
1923,75,station_25,25,112.096,0.9,0.666,1,0
1923,75,station_28,28,150.687,0.9,0.755,1,0
1924,77,outside,0,0.0,0.0,0.0,0,1
1924,77,station_8,8,15.566,1.25,0.35,1,0
1924,77,station_19,19,38.912,1.25,0.9,1,0
1924,77,station_25,25,76.359,0.9,0.666,1,0
1924,77,station_28,28,90.868,0.9,0.755,1,0
1925,44,outside,0,0.0,0.0,0.0,0,1
1925,44,station_8,8,109.761,1.25,0.35,1,0
1925,44,station_19,19,154.467,1.25,0.9,1,0
1925,44,station_25,25,125.06,0.9,0.666,1,0
1925,44,station_28,28,63.989,0.9,0.755,1,0
1926,69,outside,0,0.0,0.0,0.0,0,1
1926,69,station_8,8,146.654,1.25,0.35,1,0
1926,69,station_19,19,170.447,1.25,0.9,1,0
1926,69,station_25,25,103.682,0.9,0.666,1,0
1926,69,station_28,28,55.049,0.9,0.755,1,0
1927,13,outside,0,0.0,0.0,0.0,0,1
1927,13,station_8,8,26.846,1.25,0.35,1,0
1927,13,station_19,19,29.228,1.25,0.9,1,0
1927,13,station_25,25,89.473,0.9,0.666,1,0
1927,13,station_28,28,110.088,0.9,0.755,1,0
1928,47,outside,0,0.0,0.0,0.0,0,1
1928,47,station_8,8,69.469,1.25,0.35,1,0
1928,47,station_19,19,26.159,1.25,0.9,1,0
1928,47,station_25,25,62.253,0.9,0.666,1,0
1928,47,station_28,28,112.087,0.9,0.755,1,0
1929,74,outside,0,0.0,0.0,0.0,0,1
1929,74,station_8,8,32.229,1.25,0.35,1,0
1929,74,station_19,19,75.711,1.25,0.9,1,0
1929,74,station_25,25,77.248,0.9,0.666,1,0
1929,74,station_28,28,62.103,0.9,0.755,1,0
1930,14,outside,0,0.0,0.0,0.0,0,1
1930,14,station_8,8,69.896,1.25,0.35,1,0
1930,14,station_19,19,67.32,1.25,0.9,1,0
1930,14,station_25,25,17.838,0.9,0.666,1,0
1930,14,station_28,28,60.29,0.9,0.755,1,0
1931,78,outside,0,0.0,0.0,0.0,0,1
1931,78,station_8,8,85.507,1.25,0.35,1,0
1931,78,station_19,19,51.361,1.25,0.9,1,0
1931,78,station_25,25,44.406,0.9,0.666,1,0
1931,78,station_28,28,104.032,0.9,0.755,1,0
1932,78,outside,0,0.0,0.0,0.0,0,1
1932,78,station_8,8,85.507,1.25,0.35,1,0
1932,78,station_19,19,51.361,1.25,0.9,1,0
1932,78,station_25,25,44.406,0.9,0.666,1,0
1932,78,station_28,28,104.032,0.9,0.755,1,0
1933,17,outside,0,0.0,0.0,0.0,0,1
1933,17,station_8,8,63.784,1.25,0.35,1,0
1933,17,station_19,19,70.418,1.25,0.9,1,0
1933,17,station_25,25,27.153,0.9,0.666,1,0
1933,17,station_28,28,50.824,0.9,0.755,1,0
1934,17,outside,0,0.0,0.0,0.0,0,1
1934,17,station_8,8,63.784,1.25,0.35,1,0
1934,17,station_19,19,70.418,1.25,0.9,1,0
1934,17,station_25,25,27.153,0.9,0.666,1,0
1934,17,station_28,28,50.824,0.9,0.755,1,0
1935,57,outside,0,0.0,0.0,0.0,0,0
1935,57,station_8,8,83.823,1.25,0.35,1,0
1935,57,station_19,19,81.369,1.25,0.9,1,0
1935,57,station_25,25,8.476,0.9,0.666,1,1
1935,57,station_28,28,56.282,0.9,0.755,1,0
1936,55,outside,0,0.0,0.0,0.0,0,1
1936,55,station_8,8,70.571,1.25,0.35,1,0
1936,55,station_19,19,22.336,1.25,0.9,1,0
1936,55,station_25,25,98.744,0.9,0.666,1,0
1936,55,station_28,28,139.9,0.9,0.755,1,0
1937,6,outside,0,0.0,0.0,0.0,0,1
1937,6,station_8,8,98.145,1.25,0.35,1,0
1937,6,station_19,19,113.947,1.25,0.9,1,0
1937,6,station_25,25,48.196,0.9,0.666,1,0
1937,6,station_28,28,21.955,0.9,0.755,1,0
1938,16,outside,0,0.0,0.0,0.0,0,0
1938,16,station_8,8,76.931,1.25,0.35,1,0
1938,16,station_19,19,80.887,1.25,0.9,1,0
1938,16,station_25,25,18.805,0.9,0.666,1,1
1938,16,station_28,28,47.707,0.9,0.755,1,0
1939,15,outside,0,0.0,0.0,0.0,0,0
1939,15,station_8,8,76.282,1.25,0.35,1,0
1939,15,station_19,19,40.814,1.25,0.9,1,0
1939,15,station_25,25,48.434,0.9,0.666,1,1
1939,15,station_28,28,103.654,0.9,0.755,1,0
1940,77,outside,0,0.0,0.0,0.0,0,0
1940,77,station_8,8,15.566,1.25,0.35,1,1
1940,77,station_19,19,38.912,1.25,0.9,1,0
1940,77,station_25,25,76.359,0.9,0.666,1,0
1940,77,station_28,28,90.868,0.9,0.755,1,0
1941,28,outside,0,0.0,0.0,0.0,0,0
1941,28,station_8,8,45.893,1.25,0.35,1,0
1941,28,station_19,19,17.858,1.25,0.9,1,1
1941,28,station_25,25,63.65,0.9,0.666,1,0
1941,28,station_28,28,100.112,0.9,0.755,1,0
1942,34,outside,0,0.0,0.0,0.0,0,1
1942,34,station_8,8,35.693,1.25,0.35,1,0
1942,34,station_19,19,36.459,1.25,0.9,1,0
1942,34,station_25,25,104.209,0.9,0.666,1,0
1942,34,station_28,28,123.909,0.9,0.755,1,0
1943,8,outside,0,0.0,0.0,0.0,0,0
1943,8,station_8,8,4.571,1.25,0.35,1,1
1943,8,station_19,19,49.873,1.25,0.9,1,0
1943,8,station_25,25,83.221,0.9,0.666,1,0
1943,8,station_28,28,89.191,0.9,0.755,1,0
1944,57,outside,0,0.0,0.0,0.0,0,0
1944,57,station_8,8,83.823,1.25,0.35,1,0
1944,57,station_19,19,81.369,1.25,0.9,1,0
1944,57,station_25,25,8.476,0.9,0.666,1,1
1944,57,station_28,28,56.282,0.9,0.755,1,0
1945,16,outside,0,0.0,0.0,0.0,0,1
1945,16,station_8,8,76.931,1.25,0.35,1,0
1945,16,station_19,19,80.887,1.25,0.9,1,0
1945,16,station_25,25,18.805,0.9,0.666,1,0
1945,16,station_28,28,47.707,0.9,0.755,1,0
1946,2,outside,0,0.0,0.0,0.0,0,1
1946,2,station_8,8,4.679,1.25,0.35,1,0
1946,2,station_19,19,57.165,1.25,0.9,1,0
1946,2,station_25,25,90.696,0.9,0.666,1,0
1946,2,station_28,28,91.632,0.9,0.755,1,0
1947,6,outside,0,0.0,0.0,0.0,0,1
1947,6,station_8,8,98.145,1.25,0.35,1,0
1947,6,station_19,19,113.947,1.25,0.9,1,0
1947,6,station_25,25,48.196,0.9,0.666,1,0
1947,6,station_28,28,21.955,0.9,0.755,1,0
1948,45,outside,0,0.0,0.0,0.0,0,1
1948,45,station_8,8,106.32,1.25,0.35,1,0
1948,45,station_19,19,130.298,1.25,0.9,1,0
1948,45,station_25,25,70.449,0.9,0.666,1,0
1948,45,station_28,28,14.633,0.9,0.755,1,0
1949,79,outside,0,0.0,0.0,0.0,0,0
1949,79,station_8,8,99.13,1.25,0.35,1,0
1949,79,station_19,19,126.347,1.25,0.9,1,0
1949,79,station_25,25,72.25,0.9,0.666,1,0
1949,79,station_28,28,8.805,0.9,0.755,1,1
1950,13,outside,0,0.0,0.0,0.0,0,1
1950,13,station_8,8,26.846,1.25,0.35,1,0
1950,13,station_19,19,29.228,1.25,0.9,1,0
1950,13,station_25,25,89.473,0.9,0.666,1,0
1950,13,station_28,28,110.088,0.9,0.755,1,0
1951,27,outside,0,0.0,0.0,0.0,0,1
1951,27,station_8,8,83.882,1.25,0.35,1,0
1951,27,station_19,19,95.907,1.25,0.9,1,0
1951,27,station_25,25,33.242,0.9,0.666,1,0
1951,27,station_28,28,31.308,0.9,0.755,1,0
1952,18,outside,0,0.0,0.0,0.0,0,1
1952,18,station_8,8,57.722,1.25,0.35,1,0
1952,18,station_19,19,85.165,1.25,0.9,1,0
1952,18,station_25,25,54.276,0.9,0.666,1,0
1952,18,station_28,28,34.63,0.9,0.755,1,0
1953,80,outside,0,0.0,0.0,0.0,0,1
1953,80,station_8,8,79.716,1.25,0.35,1,0
1953,80,station_19,19,50.2,1.25,0.9,1,0
1953,80,station_25,25,38.164,0.9,0.666,1,0
1953,80,station_28,28,96.269,0.9,0.755,1,0
1954,22,outside,0,0.0,0.0,0.0,0,1
1954,22,station_8,8,75.15,1.25,0.35,1,0
1954,22,station_19,19,59.51,1.25,0.9,1,0
1954,22,station_25,25,21.007,0.9,0.666,1,0
1954,22,station_28,28,77.226,0.9,0.755,1,0
1955,65,outside,0,0.0,0.0,0.0,0,1
1955,65,station_8,8,95.69,1.25,0.35,1,0
1955,65,station_19,19,118.286,1.25,0.9,1,0
1955,65,station_25,25,60.162,0.9,0.666,1,0
1955,65,station_28,28,7.765,0.9,0.755,1,0
1956,65,outside,0,0.0,0.0,0.0,0,1
1956,65,station_8,8,95.69,1.25,0.35,1,0
1956,65,station_19,19,118.286,1.25,0.9,1,0
1956,65,station_25,25,60.162,0.9,0.666,1,0
1956,65,station_28,28,7.765,0.9,0.755,1,0
1957,61,outside,0,0.0,0.0,0.0,0,1
1957,61,station_8,8,84.684,1.25,0.35,1,0
1957,61,station_19,19,32.123,1.25,0.9,1,0
1957,61,station_25,25,92.771,0.9,0.666,1,0
1957,61,station_28,28,142.075,0.9,0.755,1,0
1958,50,outside,0,0.0,0.0,0.0,0,0
1958,50,station_8,8,75.498,1.25,0.35,1,0
1958,50,station_19,19,77.73,1.25,0.9,1,0
1958,50,station_25,25,16.997,0.9,0.666,1,1
1958,50,station_28,28,50.967,0.9,0.755,1,0
1959,39,outside,0,0.0,0.0,0.0,0,0
1959,39,station_8,8,57.569,1.25,0.35,1,0
1959,39,station_19,19,15.638,1.25,0.9,1,1
1959,39,station_25,25,95.59,0.9,0.666,1,0
1959,39,station_28,28,131.33,0.9,0.755,1,0
1960,14,outside,0,0.0,0.0,0.0,0,1
1960,14,station_8,8,69.896,1.25,0.35,1,0
1960,14,station_19,19,67.32,1.25,0.9,1,0
1960,14,station_25,25,17.838,0.9,0.666,1,0
1960,14,station_28,28,60.29,0.9,0.755,1,0
1961,41,outside,0,0.0,0.0,0.0,0,1
1961,41,station_8,8,84.6,1.25,0.35,1,0
1961,41,station_19,19,44.709,1.25,0.9,1,0
1961,41,station_25,25,54.471,0.9,0.666,1,0
1961,41,station_28,28,112.197,0.9,0.755,1,0
1962,32,outside,0,0.0,0.0,0.0,0,1
1962,32,station_8,8,122.583,1.25,0.35,1,0
1962,32,station_19,19,145.912,1.25,0.9,1,0
1962,32,station_25,25,81.891,0.9,0.666,1,0
1962,32,station_28,28,30.819,0.9,0.755,1,0
1963,72,outside,0,0.0,0.0,0.0,0,1
1963,72,station_8,8,108.042,1.25,0.35,1,0
1963,72,station_19,19,129.488,1.25,0.9,1,0
1963,72,station_25,25,66.488,0.9,0.666,1,0
1963,72,station_28,28,17.792,0.9,0.755,1,0
1964,3,outside,0,0.0,0.0,0.0,0,1
1964,3,station_8,8,66.181,1.25,0.35,1,0
1964,3,station_19,19,106.175,1.25,0.9,1,0
1964,3,station_25,25,81.895,0.9,0.666,1,0
1964,3,station_28,28,37.637,0.9,0.755,1,0
1965,18,outside,0,0.0,0.0,0.0,0,1
1965,18,station_8,8,57.722,1.25,0.35,1,0
1965,18,station_19,19,85.165,1.25,0.9,1,0
1965,18,station_25,25,54.276,0.9,0.666,1,0
1965,18,station_28,28,34.63,0.9,0.755,1,0
1966,78,outside,0,0.0,0.0,0.0,0,1
1966,78,station_8,8,85.507,1.25,0.35,1,0
1966,78,station_19,19,51.361,1.25,0.9,1,0
1966,78,station_25,25,44.406,0.9,0.666,1,0
1966,78,station_28,28,104.032,0.9,0.755,1,0
1967,5,outside,0,0.0,0.0,0.0,0,1
1967,5,station_8,8,100.125,1.25,0.35,1,0
1967,5,station_19,19,116.708,1.25,0.9,1,0
1967,5,station_25,25,51.061,0.9,0.666,1,0
1967,5,station_28,28,20.857,0.9,0.755,1,0
1968,65,outside,0,0.0,0.0,0.0,0,0
1968,65,station_8,8,95.69,1.25,0.35,1,0
1968,65,station_19,19,118.286,1.25,0.9,1,0
1968,65,station_25,25,60.162,0.9,0.666,1,0
1968,65,station_28,28,7.765,0.9,0.755,1,1
1969,36,outside,0,0.0,0.0,0.0,0,1
1969,36,station_8,8,49.761,1.25,0.35,1,0
1969,36,station_19,19,23.538,1.25,0.9,1,0
1969,36,station_25,25,101.025,0.9,0.666,1,0
1969,36,station_28,28,130.581,0.9,0.755,1,0
1970,65,outside,0,0.0,0.0,0.0,0,1
1970,65,station_8,8,95.69,1.25,0.35,1,0
1970,65,station_19,19,118.286,1.25,0.9,1,0
1970,65,station_25,25,60.162,0.9,0.666,1,0
1970,65,station_28,28,7.765,0.9,0.755,1,0
1971,55,outside,0,0.0,0.0,0.0,0,1
1971,55,station_8,8,70.571,1.25,0.35,1,0
1971,55,station_19,19,22.336,1.25,0.9,1,0
1971,55,station_25,25,98.744,0.9,0.666,1,0
1971,55,station_28,28,139.9,0.9,0.755,1,0
1972,77,outside,0,0.0,0.0,0.0,0,0
1972,77,station_8,8,15.566,1.25,0.35,1,1
1972,77,station_19,19,38.912,1.25,0.9,1,0
1972,77,station_25,25,76.359,0.9,0.666,1,0
1972,77,station_28,28,90.868,0.9,0.755,1,0
1973,1,outside,0,0.0,0.0,0.0,0,1
1973,1,station_8,8,70.31,1.25,0.35,1,0
1973,1,station_19,19,20.578,1.25,0.9,1,0
1973,1,station_25,25,73.376,0.9,0.666,1,0
1973,1,station_28,28,121.38,0.9,0.755,1,0
1974,67,outside,0,0.0,0.0,0.0,0,1
1974,67,station_8,8,75.235,1.25,0.35,1,0
1974,67,station_19,19,63.443,1.25,0.9,1,0
1974,67,station_25,25,16.514,0.9,0.666,1,0
1974,67,station_28,28,71.834,0.9,0.755,1,0
1975,46,outside,0,0.0,0.0,0.0,0,1
1975,46,station_8,8,50.091,1.25,0.35,1,0
1975,46,station_19,19,85.489,1.25,0.9,1,0
1975,46,station_25,25,66.439,0.9,0.666,1,0
1975,46,station_28,28,42.432,0.9,0.755,1,0
1976,56,outside,0,0.0,0.0,0.0,0,1
1976,56,station_8,8,65.404,1.25,0.35,1,0
1976,56,station_19,19,111.818,1.25,0.9,1,0
1976,56,station_25,25,98.529,0.9,0.666,1,0
1976,56,station_28,28,55.292,0.9,0.755,1,0
1977,67,outside,0,0.0,0.0,0.0,0,0
1977,67,station_8,8,75.235,1.25,0.35,1,0
1977,67,station_19,19,63.443,1.25,0.9,1,0
1977,67,station_25,25,16.514,0.9,0.666,1,1
1977,67,station_28,28,71.834,0.9,0.755,1,0
1978,57,outside,0,0.0,0.0,0.0,0,0
1978,57,station_8,8,83.823,1.25,0.35,1,0
1978,57,station_19,19,81.369,1.25,0.9,1,0
1978,57,station_25,25,8.476,0.9,0.666,1,1
1978,57,station_28,28,56.282,0.9,0.755,1,0
1979,39,outside,0,0.0,0.0,0.0,0,1
1979,39,station_8,8,57.569,1.25,0.35,1,0
1979,39,station_19,19,15.638,1.25,0.9,1,0
1979,39,station_25,25,95.59,0.9,0.666,1,0
1979,39,station_28,28,131.33,0.9,0.755,1,0
1980,6,outside,0,0.0,0.0,0.0,0,1
1980,6,station_8,8,98.145,1.25,0.35,1,0
1980,6,station_19,19,113.947,1.25,0.9,1,0
1980,6,station_25,25,48.196,0.9,0.666,1,0
1980,6,station_28,28,21.955,0.9,0.755,1,0
1981,77,outside,0,0.0,0.0,0.0,0,1
1981,77,station_8,8,15.566,1.25,0.35,1,0
1981,77,station_19,19,38.912,1.25,0.9,1,0
1981,77,station_25,25,76.359,0.9,0.666,1,0
1981,77,station_28,28,90.868,0.9,0.755,1,0
1982,16,outside,0,0.0,0.0,0.0,0,1
1982,16,station_8,8,76.931,1.25,0.35,1,0
1982,16,station_19,19,80.887,1.25,0.9,1,0
1982,16,station_25,25,18.805,0.9,0.666,1,0
1982,16,station_28,28,47.707,0.9,0.755,1,0
1983,77,outside,0,0.0,0.0,0.0,0,1
1983,77,station_8,8,15.566,1.25,0.35,1,0
1983,77,station_19,19,38.912,1.25,0.9,1,0
1983,77,station_25,25,76.359,0.9,0.666,1,0
1983,77,station_28,28,90.868,0.9,0.755,1,0
1984,12,outside,0,0.0,0.0,0.0,0,1
1984,12,station_8,8,16.711,1.25,0.35,1,0
1984,12,station_19,19,45.818,1.25,0.9,1,0
1984,12,station_25,25,97.417,0.9,0.666,1,0
1984,12,station_28,28,107.888,0.9,0.755,1,0
1985,13,outside,0,0.0,0.0,0.0,0,1
1985,13,station_8,8,26.846,1.25,0.35,1,0
1985,13,station_19,19,29.228,1.25,0.9,1,0
1985,13,station_25,25,89.473,0.9,0.666,1,0
1985,13,station_28,28,110.088,0.9,0.755,1,0
1986,34,outside,0,0.0,0.0,0.0,0,1
1986,34,station_8,8,35.693,1.25,0.35,1,0
1986,34,station_19,19,36.459,1.25,0.9,1,0
1986,34,station_25,25,104.209,0.9,0.666,1,0
1986,34,station_28,28,123.909,0.9,0.755,1,0
1987,45,outside,0,0.0,0.0,0.0,0,0
1987,45,station_8,8,106.32,1.25,0.35,1,0
1987,45,station_19,19,130.298,1.25,0.9,1,0
1987,45,station_25,25,70.449,0.9,0.666,1,0
1987,45,station_28,28,14.633,0.9,0.755,1,1
1988,77,outside,0,0.0,0.0,0.0,0,1
1988,77,station_8,8,15.566,1.25,0.35,1,0
1988,77,station_19,19,38.912,1.25,0.9,1,0
1988,77,station_25,25,76.359,0.9,0.666,1,0
1988,77,station_28,28,90.868,0.9,0.755,1,0
1989,40,outside,0,0.0,0.0,0.0,0,1
1989,40,station_8,8,50.28,1.25,0.35,1,0
1989,40,station_19,19,63.179,1.25,0.9,1,0
1989,40,station_25,25,39.841,0.9,0.666,1,0
1989,40,station_28,28,54.545,0.9,0.755,1,0
1990,26,outside,0,0.0,0.0,0.0,0,1
1990,26,station_8,8,81.733,1.25,0.35,1,0
1990,26,station_19,19,123.747,1.25,0.9,1,0
1990,26,station_25,25,96.277,0.9,0.666,1,0
1990,26,station_28,28,41.766,0.9,0.755,1,0
1991,34,outside,0,0.0,0.0,0.0,0,1
1991,34,station_8,8,35.693,1.25,0.35,1,0
1991,34,station_19,19,36.459,1.25,0.9,1,0
1991,34,station_25,25,104.209,0.9,0.666,1,0
1991,34,station_28,28,123.909,0.9,0.755,1,0
1992,64,outside,0,0.0,0.0,0.0,0,0
1992,64,station_8,8,88.473,1.25,0.35,1,0
1992,64,station_19,19,113.427,1.25,0.9,1,0
1992,64,station_25,25,60.627,0.9,0.666,1,0
1992,64,station_28,28,4.372,0.9,0.755,1,1
1993,43,outside,0,0.0,0.0,0.0,0,1
1993,43,station_8,8,108.193,1.25,0.35,1,0
1993,43,station_19,19,120.051,1.25,0.9,1,0
1993,43,station_25,25,48.125,0.9,0.666,1,0
1993,43,station_28,28,32.62,0.9,0.755,1,0
1994,71,outside,0,0.0,0.0,0.0,0,0
1994,71,station_8,8,58.007,1.25,0.35,1,0
1994,71,station_19,19,24.109,1.25,0.9,1,1
1994,71,station_25,25,103.797,0.9,0.666,1,0
1994,71,station_28,28,136.758,0.9,0.755,1,0
1995,18,outside,0,0.0,0.0,0.0,0,1
1995,18,station_8,8,57.722,1.25,0.35,1,0
1995,18,station_19,19,85.165,1.25,0.9,1,0
1995,18,station_25,25,54.276,0.9,0.666,1,0
1995,18,station_28,28,34.63,0.9,0.755,1,0
1996,15,outside,0,0.0,0.0,0.0,0,1
1996,15,station_8,8,76.282,1.25,0.35,1,0
1996,15,station_19,19,40.814,1.25,0.9,1,0
1996,15,station_25,25,48.434,0.9,0.666,1,0
1996,15,station_28,28,103.654,0.9,0.755,1,0
1997,58,outside,0,0.0,0.0,0.0,0,1
1997,58,station_8,8,70.988,1.25,0.35,1,0
1997,58,station_19,19,46.308,1.25,0.9,1,0
1997,58,station_25,25,35.817,0.9,0.666,1,0
1997,58,station_28,28,89.487,0.9,0.755,1,0
1998,61,outside,0,0.0,0.0,0.0,0,1
1998,61,station_8,8,84.684,1.25,0.35,1,0
1998,61,station_19,19,32.123,1.25,0.9,1,0
1998,61,station_25,25,92.771,0.9,0.666,1,0
1998,61,station_28,28,142.075,0.9,0.755,1,0
1999,23,outside,0,0.0,0.0,0.0,0,0
1999,23,station_8,8,90.334,1.25,0.35,1,0
1999,23,station_19,19,112.064,1.25,0.9,1,0
1999,23,station_25,25,55.093,0.9,0.666,1,0
1999,23,station_28,28,9.747,0.9,0.755,1,1
2000,5,outside,0,0.0,0.0,0.0,0,1
2000,5,station_8,8,100.125,1.25,0.35,1,0
2000,5,station_19,19,116.708,1.25,0.9,1,0
2000,5,station_25,25,51.061,0.9,0.666,1,0
2000,5,station_28,28,20.857,0.9,0.755,1,0
2001,27,outside,0,0.0,0.0,0.0,0,1
2001,27,station_8,8,83.882,1.25,0.35,1,0
2001,27,station_19,19,95.907,1.25,0.9,1,0
2001,27,station_25,25,33.242,0.9,0.666,1,0
2001,27,station_28,28,31.308,0.9,0.755,1,0
2002,59,outside,0,0.0,0.0,0.0,0,1
2002,59,station_8,8,101.758,1.25,0.35,1,0
2002,59,station_19,19,111.107,1.25,0.9,1,0
2002,59,station_25,25,38.654,0.9,0.666,1,0
2002,59,station_28,28,35.203,0.9,0.755,1,0
2003,64,outside,0,0.0,0.0,0.0,0,0
2003,64,station_8,8,88.473,1.25,0.35,1,0
2003,64,station_19,19,113.427,1.25,0.9,1,0
2003,64,station_25,25,60.627,0.9,0.666,1,0
2003,64,station_28,28,4.372,0.9,0.755,1,1
2004,14,outside,0,0.0,0.0,0.0,0,1
2004,14,station_8,8,69.896,1.25,0.35,1,0
2004,14,station_19,19,67.32,1.25,0.9,1,0
2004,14,station_25,25,17.838,0.9,0.666,1,0
2004,14,station_28,28,60.29,0.9,0.755,1,0
2005,24,outside,0,0.0,0.0,0.0,0,1
2005,24,station_8,8,59.502,1.25,0.35,1,0
2005,24,station_19,19,71.183,1.25,0.9,1,0
2005,24,station_25,25,33.7,0.9,0.666,1,0
2005,24,station_28,28,47.589,0.9,0.755,1,0
2006,24,outside,0,0.0,0.0,0.0,0,0
2006,24,station_8,8,59.502,1.25,0.35,1,0
2006,24,station_19,19,71.183,1.25,0.9,1,0
2006,24,station_25,25,33.7,0.9,0.666,1,1
2006,24,station_28,28,47.589,0.9,0.755,1,0
2007,46,outside,0,0.0,0.0,0.0,0,1
2007,46,station_8,8,50.091,1.25,0.35,1,0
2007,46,station_19,19,85.489,1.25,0.9,1,0
2007,46,station_25,25,66.439,0.9,0.666,1,0
2007,46,station_28,28,42.432,0.9,0.755,1,0
2008,17,outside,0,0.0,0.0,0.0,0,0
2008,17,station_8,8,63.784,1.25,0.35,1,0
2008,17,station_19,19,70.418,1.25,0.9,1,0
2008,17,station_25,25,27.153,0.9,0.666,1,1
2008,17,station_28,28,50.824,0.9,0.755,1,0
2009,50,outside,0,0.0,0.0,0.0,0,1
2009,50,station_8,8,75.498,1.25,0.35,1,0
2009,50,station_19,19,77.73,1.25,0.9,1,0
2009,50,station_25,25,16.997,0.9,0.666,1,0
2009,50,station_28,28,50.967,0.9,0.755,1,0
2010,15,outside,0,0.0,0.0,0.0,0,1
2010,15,station_8,8,76.282,1.25,0.35,1,0
2010,15,station_19,19,40.814,1.25,0.9,1,0
2010,15,station_25,25,48.434,0.9,0.666,1,0
2010,15,station_28,28,103.654,0.9,0.755,1,0
2011,17,outside,0,0.0,0.0,0.0,0,1
2011,17,station_8,8,63.784,1.25,0.35,1,0
2011,17,station_19,19,70.418,1.25,0.9,1,0
2011,17,station_25,25,27.153,0.9,0.666,1,0
2011,17,station_28,28,50.824,0.9,0.755,1,0
2012,8,outside,0,0.0,0.0,0.0,0,1
2012,8,station_8,8,4.571,1.25,0.35,1,0
2012,8,station_19,19,49.873,1.25,0.9,1,0
2012,8,station_25,25,83.221,0.9,0.666,1,0
2012,8,station_28,28,89.191,0.9,0.755,1,0
2013,32,outside,0,0.0,0.0,0.0,0,1
2013,32,station_8,8,122.583,1.25,0.35,1,0
2013,32,station_19,19,145.912,1.25,0.9,1,0
2013,32,station_25,25,81.891,0.9,0.666,1,0
2013,32,station_28,28,30.819,0.9,0.755,1,0
2014,17,outside,0,0.0,0.0,0.0,0,1
2014,17,station_8,8,63.784,1.25,0.35,1,0
2014,17,station_19,19,70.418,1.25,0.9,1,0
2014,17,station_25,25,27.153,0.9,0.666,1,0
2014,17,station_28,28,50.824,0.9,0.755,1,0
2015,6,outside,0,0.0,0.0,0.0,0,1
2015,6,station_8,8,98.145,1.25,0.35,1,0
2015,6,station_19,19,113.947,1.25,0.9,1,0
2015,6,station_25,25,48.196,0.9,0.666,1,0
2015,6,station_28,28,21.955,0.9,0.755,1,0
2016,77,outside,0,0.0,0.0,0.0,0,1
2016,77,station_8,8,15.566,1.25,0.35,1,0
2016,77,station_19,19,38.912,1.25,0.9,1,0
2016,77,station_25,25,76.359,0.9,0.666,1,0
2016,77,station_28,28,90.868,0.9,0.755,1,0
2017,77,outside,0,0.0,0.0,0.0,0,1
2017,77,station_8,8,15.566,1.25,0.35,1,0
2017,77,station_19,19,38.912,1.25,0.9,1,0
2017,77,station_25,25,76.359,0.9,0.666,1,0
2017,77,station_28,28,90.868,0.9,0.755,1,0
2018,62,outside,0,0.0,0.0,0.0,0,1
2018,62,station_8,8,101.631,1.25,0.35,1,0
2018,62,station_19,19,125.187,1.25,0.9,1,0
2018,62,station_25,25,66.178,0.9,0.666,1,0
2018,62,station_28,28,10.43,0.9,0.755,1,0
2019,73,outside,0,0.0,0.0,0.0,0,1
2019,73,station_8,8,135.206,1.25,0.35,1,0
2019,73,station_19,19,154.215,1.25,0.9,1,0
2019,73,station_25,25,84.187,0.9,0.666,1,0
2019,73,station_28,28,44.458,0.9,0.755,1,0
2020,50,outside,0,0.0,0.0,0.0,0,1
2020,50,station_8,8,75.498,1.25,0.35,1,0
2020,50,station_19,19,77.73,1.25,0.9,1,0
2020,50,station_25,25,16.997,0.9,0.666,1,0
2020,50,station_28,28,50.967,0.9,0.755,1,0
2021,12,outside,0,0.0,0.0,0.0,0,1
2021,12,station_8,8,16.711,1.25,0.35,1,0
2021,12,station_19,19,45.818,1.25,0.9,1,0
2021,12,station_25,25,97.417,0.9,0.666,1,0
2021,12,station_28,28,107.888,0.9,0.755,1,0
2022,22,outside,0,0.0,0.0,0.0,0,1
2022,22,station_8,8,75.15,1.25,0.35,1,0
2022,22,station_19,19,59.51,1.25,0.9,1,0
2022,22,station_25,25,21.007,0.9,0.666,1,0
2022,22,station_28,28,77.226,0.9,0.755,1,0
2023,8,outside,0,0.0,0.0,0.0,0,1
2023,8,station_8,8,4.571,1.25,0.35,1,0
2023,8,station_19,19,49.873,1.25,0.9,1,0
2023,8,station_25,25,83.221,0.9,0.666,1,0
2023,8,station_28,28,89.191,0.9,0.755,1,0
2024,76,outside,0,0.0,0.0,0.0,0,1
2024,76,station_8,8,84.21,1.25,0.35,1,0
2024,76,station_19,19,124.474,1.25,0.9,1,0
2024,76,station_25,25,93.218,0.9,0.666,1,0
2024,76,station_28,28,36.679,0.9,0.755,1,0
2025,58,outside,0,0.0,0.0,0.0,0,1
2025,58,station_8,8,70.988,1.25,0.35,1,0
2025,58,station_19,19,46.308,1.25,0.9,1,0
2025,58,station_25,25,35.817,0.9,0.666,1,0
2025,58,station_28,28,89.487,0.9,0.755,1,0
2026,65,outside,0,0.0,0.0,0.0,0,1
2026,65,station_8,8,95.69,1.25,0.35,1,0
2026,65,station_19,19,118.286,1.25,0.9,1,0
2026,65,station_25,25,60.162,0.9,0.666,1,0
2026,65,station_28,28,7.765,0.9,0.755,1,0
2027,6,outside,0,0.0,0.0,0.0,0,1
2027,6,station_8,8,98.145,1.25,0.35,1,0
2027,6,station_19,19,113.947,1.25,0.9,1,0
2027,6,station_25,25,48.196,0.9,0.666,1,0
2027,6,station_28,28,21.955,0.9,0.755,1,0
2028,18,outside,0,0.0,0.0,0.0,0,1
2028,18,station_8,8,57.722,1.25,0.35,1,0
2028,18,station_19,19,85.165,1.25,0.9,1,0
2028,18,station_25,25,54.276,0.9,0.666,1,0
2028,18,station_28,28,34.63,0.9,0.755,1,0
2029,40,outside,0,0.0,0.0,0.0,0,1
2029,40,station_8,8,50.28,1.25,0.35,1,0
2029,40,station_19,19,63.179,1.25,0.9,1,0
2029,40,station_25,25,39.841,0.9,0.666,1,0
2029,40,station_28,28,54.545,0.9,0.755,1,0
2030,40,outside,0,0.0,0.0,0.0,0,1
2030,40,station_8,8,50.28,1.25,0.35,1,0
2030,40,station_19,19,63.179,1.25,0.9,1,0
2030,40,station_25,25,39.841,0.9,0.666,1,0
2030,40,station_28,28,54.545,0.9,0.755,1,0
2031,77,outside,0,0.0,0.0,0.0,0,1
2031,77,station_8,8,15.566,1.25,0.35,1,0
2031,77,station_19,19,38.912,1.25,0.9,1,0
2031,77,station_25,25,76.359,0.9,0.666,1,0
2031,77,station_28,28,90.868,0.9,0.755,1,0
2032,57,outside,0,0.0,0.0,0.0,0,0
2032,57,station_8,8,83.823,1.25,0.35,1,0
2032,57,station_19,19,81.369,1.25,0.9,1,0
2032,57,station_25,25,8.476,0.9,0.666,1,1
2032,57,station_28,28,56.282,0.9,0.755,1,0
2033,59,outside,0,0.0,0.0,0.0,0,1
2033,59,station_8,8,101.758,1.25,0.35,1,0
2033,59,station_19,19,111.107,1.25,0.9,1,0
2033,59,station_25,25,38.654,0.9,0.666,1,0
2033,59,station_28,28,35.203,0.9,0.755,1,0
2034,78,outside,0,0.0,0.0,0.0,0,1
2034,78,station_8,8,85.507,1.25,0.35,1,0
2034,78,station_19,19,51.361,1.25,0.9,1,0
2034,78,station_25,25,44.406,0.9,0.666,1,0
2034,78,station_28,28,104.032,0.9,0.755,1,0
2035,17,outside,0,0.0,0.0,0.0,0,1
2035,17,station_8,8,63.784,1.25,0.35,1,0
2035,17,station_19,19,70.418,1.25,0.9,1,0
2035,17,station_25,25,27.153,0.9,0.666,1,0
2035,17,station_28,28,50.824,0.9,0.755,1,0
2036,57,outside,0,0.0,0.0,0.0,0,1
2036,57,station_8,8,83.823,1.25,0.35,1,0
2036,57,station_19,19,81.369,1.25,0.9,1,0
2036,57,station_25,25,8.476,0.9,0.666,1,0
2036,57,station_28,28,56.282,0.9,0.755,1,0
2037,1,outside,0,0.0,0.0,0.0,0,1
2037,1,station_8,8,70.31,1.25,0.35,1,0
2037,1,station_19,19,20.578,1.25,0.9,1,0
2037,1,station_25,25,73.376,0.9,0.666,1,0
2037,1,station_28,28,121.38,0.9,0.755,1,0
2038,72,outside,0,0.0,0.0,0.0,0,1
2038,72,station_8,8,108.042,1.25,0.35,1,0
2038,72,station_19,19,129.488,1.25,0.9,1,0
2038,72,station_25,25,66.488,0.9,0.666,1,0
2038,72,station_28,28,17.792,0.9,0.755,1,0
2039,57,outside,0,0.0,0.0,0.0,0,1
2039,57,station_8,8,83.823,1.25,0.35,1,0
2039,57,station_19,19,81.369,1.25,0.9,1,0
2039,57,station_25,25,8.476,0.9,0.666,1,0
2039,57,station_28,28,56.282,0.9,0.755,1,0
2040,17,outside,0,0.0,0.0,0.0,0,1
2040,17,station_8,8,63.784,1.25,0.35,1,0
2040,17,station_19,19,70.418,1.25,0.9,1,0
2040,17,station_25,25,27.153,0.9,0.666,1,0
2040,17,station_28,28,50.824,0.9,0.755,1,0
2041,35,outside,0,0.0,0.0,0.0,0,1
2041,35,station_8,8,5.157,1.25,0.35,1,0
2041,35,station_19,19,56.506,1.25,0.9,1,0
2041,35,station_25,25,92.499,0.9,0.666,1,0
2041,35,station_28,28,94.18,0.9,0.755,1,0
2042,1,outside,0,0.0,0.0,0.0,0,1
2042,1,station_8,8,70.31,1.25,0.35,1,0
2042,1,station_19,19,20.578,1.25,0.9,1,0
2042,1,station_25,25,73.376,0.9,0.666,1,0
2042,1,station_28,28,121.38,0.9,0.755,1,0
2043,40,outside,0,0.0,0.0,0.0,0,1
2043,40,station_8,8,50.28,1.25,0.35,1,0
2043,40,station_19,19,63.179,1.25,0.9,1,0
2043,40,station_25,25,39.841,0.9,0.666,1,0
2043,40,station_28,28,54.545,0.9,0.755,1,0
2044,78,outside,0,0.0,0.0,0.0,0,1
2044,78,station_8,8,85.507,1.25,0.35,1,0
2044,78,station_19,19,51.361,1.25,0.9,1,0
2044,78,station_25,25,44.406,0.9,0.666,1,0
2044,78,station_28,28,104.032,0.9,0.755,1,0
2045,14,outside,0,0.0,0.0,0.0,0,0
2045,14,station_8,8,69.896,1.25,0.35,1,0
2045,14,station_19,19,67.32,1.25,0.9,1,0
2045,14,station_25,25,17.838,0.9,0.666,1,1
2045,14,station_28,28,60.29,0.9,0.755,1,0
2046,41,outside,0,0.0,0.0,0.0,0,1
2046,41,station_8,8,84.6,1.25,0.35,1,0
2046,41,station_19,19,44.709,1.25,0.9,1,0
2046,41,station_25,25,54.471,0.9,0.666,1,0
2046,41,station_28,28,112.197,0.9,0.755,1,0
2047,13,outside,0,0.0,0.0,0.0,0,1
2047,13,station_8,8,26.846,1.25,0.35,1,0
2047,13,station_19,19,29.228,1.25,0.9,1,0
2047,13,station_25,25,89.473,0.9,0.666,1,0
2047,13,station_28,28,110.088,0.9,0.755,1,0
2048,49,outside,0,0.0,0.0,0.0,0,1
2048,49,station_8,8,135.961,1.25,0.35,1,0
2048,49,station_19,19,172.569,1.25,0.9,1,0
2048,49,station_25,25,123.496,0.9,0.666,1,0
2048,49,station_28,28,59.633,0.9,0.755,1,0
2049,80,outside,0,0.0,0.0,0.0,0,1
2049,80,station_8,8,79.716,1.25,0.35,1,0
2049,80,station_19,19,50.2,1.25,0.9,1,0
2049,80,station_25,25,38.164,0.9,0.666,1,0
2049,80,station_28,28,96.269,0.9,0.755,1,0
2050,31,outside,0,0.0,0.0,0.0,0,1
2050,31,station_8,8,78.215,1.25,0.35,1,0
2050,31,station_19,19,113.719,1.25,0.9,1,0
2050,31,station_25,25,77.83,0.9,0.666,1,0
2050,31,station_28,28,24.111,0.9,0.755,1,0
2051,47,outside,0,0.0,0.0,0.0,0,1
2051,47,station_8,8,69.469,1.25,0.35,1,0
2051,47,station_19,19,26.159,1.25,0.9,1,0
2051,47,station_25,25,62.253,0.9,0.666,1,0
2051,47,station_28,28,112.087,0.9,0.755,1,0
2052,40,outside,0,0.0,0.0,0.0,0,1
2052,40,station_8,8,50.28,1.25,0.35,1,0
2052,40,station_19,19,63.179,1.25,0.9,1,0
2052,40,station_25,25,39.841,0.9,0.666,1,0
2052,40,station_28,28,54.545,0.9,0.755,1,0
2053,34,outside,0,0.0,0.0,0.0,0,1
2053,34,station_8,8,35.693,1.25,0.35,1,0
2053,34,station_19,19,36.459,1.25,0.9,1,0
2053,34,station_25,25,104.209,0.9,0.666,1,0
2053,34,station_28,28,123.909,0.9,0.755,1,0
2054,8,outside,0,0.0,0.0,0.0,0,1
2054,8,station_8,8,4.571,1.25,0.35,1,0
2054,8,station_19,19,49.873,1.25,0.9,1,0
2054,8,station_25,25,83.221,0.9,0.666,1,0
2054,8,station_28,28,89.191,0.9,0.755,1,0
2055,45,outside,0,0.0,0.0,0.0,0,1
2055,45,station_8,8,106.32,1.25,0.35,1,0
2055,45,station_19,19,130.298,1.25,0.9,1,0
2055,45,station_25,25,70.449,0.9,0.666,1,0
2055,45,station_28,28,14.633,0.9,0.755,1,0
2056,2,outside,0,0.0,0.0,0.0,0,1
2056,2,station_8,8,4.679,1.25,0.35,1,0
2056,2,station_19,19,57.165,1.25,0.9,1,0
2056,2,station_25,25,90.696,0.9,0.666,1,0
2056,2,station_28,28,91.632,0.9,0.755,1,0
2057,57,outside,0,0.0,0.0,0.0,0,0
2057,57,station_8,8,83.823,1.25,0.35,1,0
2057,57,station_19,19,81.369,1.25,0.9,1,0
2057,57,station_25,25,8.476,0.9,0.666,1,1
2057,57,station_28,28,56.282,0.9,0.755,1,0
2058,11,outside,0,0.0,0.0,0.0,0,1
2058,11,station_8,8,138.319,1.25,0.35,1,0
2058,11,station_19,19,158.632,1.25,0.9,1,0
2058,11,station_25,25,89.422,0.9,0.666,1,0
2058,11,station_28,28,46.921,0.9,0.755,1,0
2059,72,outside,0,0.0,0.0,0.0,0,1
2059,72,station_8,8,108.042,1.25,0.35,1,0
2059,72,station_19,19,129.488,1.25,0.9,1,0
2059,72,station_25,25,66.488,0.9,0.666,1,0
2059,72,station_28,28,17.792,0.9,0.755,1,0
2060,54,outside,0,0.0,0.0,0.0,0,1
2060,54,station_8,8,62.425,1.25,0.35,1,0
2060,54,station_19,19,108.183,1.25,0.9,1,0
2060,54,station_25,25,94.799,0.9,0.666,1,0
2060,54,station_28,28,53.296,0.9,0.755,1,0
2061,26,outside,0,0.0,0.0,0.0,0,1
2061,26,station_8,8,81.733,1.25,0.35,1,0
2061,26,station_19,19,123.747,1.25,0.9,1,0
2061,26,station_25,25,96.277,0.9,0.666,1,0
2061,26,station_28,28,41.766,0.9,0.755,1,0
2062,6,outside,0,0.0,0.0,0.0,0,1
2062,6,station_8,8,98.145,1.25,0.35,1,0
2062,6,station_19,19,113.947,1.25,0.9,1,0
2062,6,station_25,25,48.196,0.9,0.666,1,0
2062,6,station_28,28,21.955,0.9,0.755,1,0
2063,33,outside,0,0.0,0.0,0.0,0,1
2063,33,station_8,8,102.404,1.25,0.35,1,0
2063,33,station_19,19,53.528,1.25,0.9,1,0
2063,33,station_25,25,79.257,0.9,0.666,1,0
2063,33,station_28,28,138.237,0.9,0.755,1,0
2064,58,outside,0,0.0,0.0,0.0,0,1
2064,58,station_8,8,70.988,1.25,0.35,1,0
2064,58,station_19,19,46.308,1.25,0.9,1,0
2064,58,station_25,25,35.817,0.9,0.666,1,0
2064,58,station_28,28,89.487,0.9,0.755,1,0
2065,17,outside,0,0.0,0.0,0.0,0,1
2065,17,station_8,8,63.784,1.25,0.35,1,0
2065,17,station_19,19,70.418,1.25,0.9,1,0
2065,17,station_25,25,27.153,0.9,0.666,1,0
2065,17,station_28,28,50.824,0.9,0.755,1,0
2066,51,outside,0,0.0,0.0,0.0,0,1
2066,51,station_8,8,46.117,1.25,0.35,1,0
2066,51,station_19,19,95.044,1.25,0.9,1,0
2066,51,station_25,25,95.245,0.9,0.666,1,0
2066,51,station_28,28,65.741,0.9,0.755,1,0
2067,44,outside,0,0.0,0.0,0.0,0,1
2067,44,station_8,8,109.761,1.25,0.35,1,0
2067,44,station_19,19,154.467,1.25,0.9,1,0
2067,44,station_25,25,125.06,0.9,0.666,1,0
2067,44,station_28,28,63.989,0.9,0.755,1,0
2068,68,outside,0,0.0,0.0,0.0,0,1
2068,68,station_8,8,30.047,1.25,0.35,1,0
2068,68,station_19,19,72.698,1.25,0.9,1,0
2068,68,station_25,25,75.575,0.9,0.666,1,0
2068,68,station_28,28,63.183,0.9,0.755,1,0
2069,35,outside,0,0.0,0.0,0.0,0,0
2069,35,station_8,8,5.157,1.25,0.35,1,1
2069,35,station_19,19,56.506,1.25,0.9,1,0
2069,35,station_25,25,92.499,0.9,0.666,1,0
2069,35,station_28,28,94.18,0.9,0.755,1,0
2070,58,outside,0,0.0,0.0,0.0,0,1
2070,58,station_8,8,70.988,1.25,0.35,1,0
2070,58,station_19,19,46.308,1.25,0.9,1,0
2070,58,station_25,25,35.817,0.9,0.666,1,0
2070,58,station_28,28,89.487,0.9,0.755,1,0
2071,48,outside,0,0.0,0.0,0.0,0,0
2071,48,station_8,8,60.151,1.25,0.35,1,0
2071,48,station_19,19,7.649,1.25,0.9,1,1
2071,48,station_25,25,80.4,0.9,0.666,1,0
2071,48,station_28,28,121.872,0.9,0.755,1,0
2072,46,outside,0,0.0,0.0,0.0,0,1
2072,46,station_8,8,50.091,1.25,0.35,1,0
2072,46,station_19,19,85.489,1.25,0.9,1,0
2072,46,station_25,25,66.439,0.9,0.666,1,0
2072,46,station_28,28,42.432,0.9,0.755,1,0
2073,2,outside,0,0.0,0.0,0.0,0,1
2073,2,station_8,8,4.679,1.25,0.35,1,0
2073,2,station_19,19,57.165,1.25,0.9,1,0
2073,2,station_25,25,90.696,0.9,0.666,1,0
2073,2,station_28,28,91.632,0.9,0.755,1,0
2074,18,outside,0,0.0,0.0,0.0,0,1
2074,18,station_8,8,57.722,1.25,0.35,1,0
2074,18,station_19,19,85.165,1.25,0.9,1,0
2074,18,station_25,25,54.276,0.9,0.666,1,0
2074,18,station_28,28,34.63,0.9,0.755,1,0
2075,74,outside,0,0.0,0.0,0.0,0,1
2075,74,station_8,8,32.229,1.25,0.35,1,0
2075,74,station_19,19,75.711,1.25,0.9,1,0
2075,74,station_25,25,77.248,0.9,0.666,1,0
2075,74,station_28,28,62.103,0.9,0.755,1,0
2076,16,outside,0,0.0,0.0,0.0,0,1
2076,16,station_8,8,76.931,1.25,0.35,1,0
2076,16,station_19,19,80.887,1.25,0.9,1,0
2076,16,station_25,25,18.805,0.9,0.666,1,0
2076,16,station_28,28,47.707,0.9,0.755,1,0
2077,71,outside,0,0.0,0.0,0.0,0,1
2077,71,station_8,8,58.007,1.25,0.35,1,0
2077,71,station_19,19,24.109,1.25,0.9,1,0
2077,71,station_25,25,103.797,0.9,0.666,1,0
2077,71,station_28,28,136.758,0.9,0.755,1,0
2078,2,outside,0,0.0,0.0,0.0,0,0
2078,2,station_8,8,4.679,1.25,0.35,1,1
2078,2,station_19,19,57.165,1.25,0.9,1,0
2078,2,station_25,25,90.696,0.9,0.666,1,0
2078,2,station_28,28,91.632,0.9,0.755,1,0
2079,51,outside,0,0.0,0.0,0.0,0,1
2079,51,station_8,8,46.117,1.25,0.35,1,0
2079,51,station_19,19,95.044,1.25,0.9,1,0
2079,51,station_25,25,95.245,0.9,0.666,1,0
2079,51,station_28,28,65.741,0.9,0.755,1,0
2080,35,outside,0,0.0,0.0,0.0,0,1
2080,35,station_8,8,5.157,1.25,0.35,1,0
2080,35,station_19,19,56.506,1.25,0.9,1,0
2080,35,station_25,25,92.499,0.9,0.666,1,0
2080,35,station_28,28,94.18,0.9,0.755,1,0
2081,77,outside,0,0.0,0.0,0.0,0,0
2081,77,station_8,8,15.566,1.25,0.35,1,0
2081,77,station_19,19,38.912,1.25,0.9,1,1
2081,77,station_25,25,76.359,0.9,0.666,1,0
2081,77,station_28,28,90.868,0.9,0.755,1,0
2082,30,outside,0,0.0,0.0,0.0,0,1
2082,30,station_8,8,143.851,1.25,0.35,1,0
2082,30,station_19,19,166.198,1.25,0.9,1,0
2082,30,station_25,25,98.299,0.9,0.666,1,0
2082,30,station_28,28,52.084,0.9,0.755,1,0
2083,45,outside,0,0.0,0.0,0.0,0,1
2083,45,station_8,8,106.32,1.25,0.35,1,0
2083,45,station_19,19,130.298,1.25,0.9,1,0
2083,45,station_25,25,70.449,0.9,0.666,1,0
2083,45,station_28,28,14.633,0.9,0.755,1,0
2084,58,outside,0,0.0,0.0,0.0,0,1
2084,58,station_8,8,70.988,1.25,0.35,1,0
2084,58,station_19,19,46.308,1.25,0.9,1,0
2084,58,station_25,25,35.817,0.9,0.666,1,0
2084,58,station_28,28,89.487,0.9,0.755,1,0
2085,11,outside,0,0.0,0.0,0.0,0,1
2085,11,station_8,8,138.319,1.25,0.35,1,0
2085,11,station_19,19,158.632,1.25,0.9,1,0
2085,11,station_25,25,89.422,0.9,0.666,1,0
2085,11,station_28,28,46.921,0.9,0.755,1,0
2086,65,outside,0,0.0,0.0,0.0,0,0
2086,65,station_8,8,95.69,1.25,0.35,1,0
2086,65,station_19,19,118.286,1.25,0.9,1,0
2086,65,station_25,25,60.162,0.9,0.666,1,0
2086,65,station_28,28,7.765,0.9,0.755,1,1
2087,13,outside,0,0.0,0.0,0.0,0,1
2087,13,station_8,8,26.846,1.25,0.35,1,0
2087,13,station_19,19,29.228,1.25,0.9,1,0
2087,13,station_25,25,89.473,0.9,0.666,1,0
2087,13,station_28,28,110.088,0.9,0.755,1,0
2088,14,outside,0,0.0,0.0,0.0,0,1
2088,14,station_8,8,69.896,1.25,0.35,1,0
2088,14,station_19,19,67.32,1.25,0.9,1,0
2088,14,station_25,25,17.838,0.9,0.666,1,0
2088,14,station_28,28,60.29,0.9,0.755,1,0
2089,27,outside,0,0.0,0.0,0.0,0,1
2089,27,station_8,8,83.882,1.25,0.35,1,0
2089,27,station_19,19,95.907,1.25,0.9,1,0
2089,27,station_25,25,33.242,0.9,0.666,1,0
2089,27,station_28,28,31.308,0.9,0.755,1,0
2090,2,outside,0,0.0,0.0,0.0,0,1
2090,2,station_8,8,4.679,1.25,0.35,1,0
2090,2,station_19,19,57.165,1.25,0.9,1,0
2090,2,station_25,25,90.696,0.9,0.666,1,0
2090,2,station_28,28,91.632,0.9,0.755,1,0
2091,23,outside,0,0.0,0.0,0.0,0,1
2091,23,station_8,8,90.334,1.25,0.35,1,0
2091,23,station_19,19,112.064,1.25,0.9,1,0
2091,23,station_25,25,55.093,0.9,0.666,1,0
2091,23,station_28,28,9.747,0.9,0.755,1,0
2092,15,outside,0,0.0,0.0,0.0,0,1
2092,15,station_8,8,76.282,1.25,0.35,1,0
2092,15,station_19,19,40.814,1.25,0.9,1,0
2092,15,station_25,25,48.434,0.9,0.666,1,0
2092,15,station_28,28,103.654,0.9,0.755,1,0
2093,58,outside,0,0.0,0.0,0.0,0,1
2093,58,station_8,8,70.988,1.25,0.35,1,0
2093,58,station_19,19,46.308,1.25,0.9,1,0
2093,58,station_25,25,35.817,0.9,0.666,1,0
2093,58,station_28,28,89.487,0.9,0.755,1,0
2094,24,outside,0,0.0,0.0,0.0,0,1
2094,24,station_8,8,59.502,1.25,0.35,1,0
2094,24,station_19,19,71.183,1.25,0.9,1,0
2094,24,station_25,25,33.7,0.9,0.666,1,0
2094,24,station_28,28,47.589,0.9,0.755,1,0
2095,63,outside,0,0.0,0.0,0.0,0,1
2095,63,station_8,8,30.308,1.25,0.35,1,0
2095,63,station_19,19,74.577,1.25,0.9,1,0
2095,63,station_25,25,78.28,0.9,0.666,1,0
2095,63,station_28,28,64.16,0.9,0.755,1,0
2096,34,outside,0,0.0,0.0,0.0,0,1
2096,34,station_8,8,35.693,1.25,0.35,1,0
2096,34,station_19,19,36.459,1.25,0.9,1,0
2096,34,station_25,25,104.209,0.9,0.666,1,0
2096,34,station_28,28,123.909,0.9,0.755,1,0
2097,59,outside,0,0.0,0.0,0.0,0,1
2097,59,station_8,8,101.758,1.25,0.35,1,0
2097,59,station_19,19,111.107,1.25,0.9,1,0
2097,59,station_25,25,38.654,0.9,0.666,1,0
2097,59,station_28,28,35.203,0.9,0.755,1,0
2098,33,outside,0,0.0,0.0,0.0,0,1
2098,33,station_8,8,102.404,1.25,0.35,1,0
2098,33,station_19,19,53.528,1.25,0.9,1,0
2098,33,station_25,25,79.257,0.9,0.666,1,0
2098,33,station_28,28,138.237,0.9,0.755,1,0
2099,70,outside,0,0.0,0.0,0.0,0,1
2099,70,station_8,8,75.014,1.25,0.35,1,0
2099,70,station_19,19,122.596,1.25,0.9,1,0
2099,70,station_25,25,108.626,0.9,0.666,1,0
2099,70,station_28,28,60.868,0.9,0.755,1,0
2100,65,outside,0,0.0,0.0,0.0,0,0
2100,65,station_8,8,95.69,1.25,0.35,1,0
2100,65,station_19,19,118.286,1.25,0.9,1,0
2100,65,station_25,25,60.162,0.9,0.666,1,0
2100,65,station_28,28,7.765,0.9,0.755,1,1
2101,3,outside,0,0.0,0.0,0.0,0,1
2101,3,station_8,8,66.181,1.25,0.35,1,0
2101,3,station_19,19,106.175,1.25,0.9,1,0
2101,3,station_25,25,81.895,0.9,0.666,1,0
2101,3,station_28,28,37.637,0.9,0.755,1,0
2102,10,outside,0,0.0,0.0,0.0,0,1
2102,10,station_8,8,39.742,1.25,0.35,1,0
2102,10,station_19,19,76.751,1.25,0.9,1,0
2102,10,station_25,25,67.733,0.9,0.666,1,0
2102,10,station_28,28,52.375,0.9,0.755,1,0
2103,2,outside,0,0.0,0.0,0.0,0,0
2103,2,station_8,8,4.679,1.25,0.35,1,1
2103,2,station_19,19,57.165,1.25,0.9,1,0
2103,2,station_25,25,90.696,0.9,0.666,1,0
2103,2,station_28,28,91.632,0.9,0.755,1,0
2104,6,outside,0,0.0,0.0,0.0,0,1
2104,6,station_8,8,98.145,1.25,0.35,1,0
2104,6,station_19,19,113.947,1.25,0.9,1,0
2104,6,station_25,25,48.196,0.9,0.666,1,0
2104,6,station_28,28,21.955,0.9,0.755,1,0
2105,63,outside,0,0.0,0.0,0.0,0,1
2105,63,station_8,8,30.308,1.25,0.35,1,0
2105,63,station_19,19,74.577,1.25,0.9,1,0
2105,63,station_25,25,78.28,0.9,0.666,1,0
2105,63,station_28,28,64.16,0.9,0.755,1,0
2106,27,outside,0,0.0,0.0,0.0,0,1
2106,27,station_8,8,83.882,1.25,0.35,1,0
2106,27,station_19,19,95.907,1.25,0.9,1,0
2106,27,station_25,25,33.242,0.9,0.666,1,0
2106,27,station_28,28,31.308,0.9,0.755,1,0
2107,9,outside,0,0.0,0.0,0.0,0,0
2107,9,station_8,8,60.179,1.25,0.35,1,0
2107,9,station_19,19,10.891,1.25,0.9,1,1
2107,9,station_25,25,89.553,0.9,0.666,1,0
2107,9,station_28,28,128.538,0.9,0.755,1,0
2108,55,outside,0,0.0,0.0,0.0,0,1
2108,55,station_8,8,70.571,1.25,0.35,1,0
2108,55,station_19,19,22.336,1.25,0.9,1,0
2108,55,station_25,25,98.744,0.9,0.666,1,0
2108,55,station_28,28,139.9,0.9,0.755,1,0
2109,32,outside,0,0.0,0.0,0.0,0,1
2109,32,station_8,8,122.583,1.25,0.35,1,0
2109,32,station_19,19,145.912,1.25,0.9,1,0
2109,32,station_25,25,81.891,0.9,0.666,1,0
2109,32,station_28,28,30.819,0.9,0.755,1,0
2110,75,outside,0,0.0,0.0,0.0,0,1
2110,75,station_8,8,75.194,1.25,0.35,1,0
2110,75,station_19,19,33.56,1.25,0.9,1,0
2110,75,station_25,25,112.096,0.9,0.666,1,0
2110,75,station_28,28,150.687,0.9,0.755,1,0
2111,10,outside,0,0.0,0.0,0.0,0,1
2111,10,station_8,8,39.742,1.25,0.35,1,0
2111,10,station_19,19,76.751,1.25,0.9,1,0
2111,10,station_25,25,67.733,0.9,0.666,1,0
2111,10,station_28,28,52.375,0.9,0.755,1,0
2112,28,outside,0,0.0,0.0,0.0,0,0
2112,28,station_8,8,45.893,1.25,0.35,1,0
2112,28,station_19,19,17.858,1.25,0.9,1,1
2112,28,station_25,25,63.65,0.9,0.666,1,0
2112,28,station_28,28,100.112,0.9,0.755,1,0
2113,10,outside,0,0.0,0.0,0.0,0,1
2113,10,station_8,8,39.742,1.25,0.35,1,0
2113,10,station_19,19,76.751,1.25,0.9,1,0
2113,10,station_25,25,67.733,0.9,0.666,1,0
2113,10,station_28,28,52.375,0.9,0.755,1,0
2114,18,outside,0,0.0,0.0,0.0,0,1
2114,18,station_8,8,57.722,1.25,0.35,1,0
2114,18,station_19,19,85.165,1.25,0.9,1,0
2114,18,station_25,25,54.276,0.9,0.666,1,0
2114,18,station_28,28,34.63,0.9,0.755,1,0
2115,57,outside,0,0.0,0.0,0.0,0,0
2115,57,station_8,8,83.823,1.25,0.35,1,0
2115,57,station_19,19,81.369,1.25,0.9,1,0
2115,57,station_25,25,8.476,0.9,0.666,1,1
2115,57,station_28,28,56.282,0.9,0.755,1,0
2116,30,outside,0,0.0,0.0,0.0,0,1
2116,30,station_8,8,143.851,1.25,0.35,1,0
2116,30,station_19,19,166.198,1.25,0.9,1,0
2116,30,station_25,25,98.299,0.9,0.666,1,0
2116,30,station_28,28,52.084,0.9,0.755,1,0
2117,34,outside,0,0.0,0.0,0.0,0,1
2117,34,station_8,8,35.693,1.25,0.35,1,0
2117,34,station_19,19,36.459,1.25,0.9,1,0
2117,34,station_25,25,104.209,0.9,0.666,1,0
2117,34,station_28,28,123.909,0.9,0.755,1,0
2118,48,outside,0,0.0,0.0,0.0,0,1
2118,48,station_8,8,60.151,1.25,0.35,1,0
2118,48,station_19,19,7.649,1.25,0.9,1,0
2118,48,station_25,25,80.4,0.9,0.666,1,0
2118,48,station_28,28,121.872,0.9,0.755,1,0
2119,47,outside,0,0.0,0.0,0.0,0,1
2119,47,station_8,8,69.469,1.25,0.35,1,0
2119,47,station_19,19,26.159,1.25,0.9,1,0
2119,47,station_25,25,62.253,0.9,0.666,1,0
2119,47,station_28,28,112.087,0.9,0.755,1,0
2120,43,outside,0,0.0,0.0,0.0,0,1
2120,43,station_8,8,108.193,1.25,0.35,1,0
2120,43,station_19,19,120.051,1.25,0.9,1,0
2120,43,station_25,25,48.125,0.9,0.666,1,0
2120,43,station_28,28,32.62,0.9,0.755,1,0
2121,57,outside,0,0.0,0.0,0.0,0,1
2121,57,station_8,8,83.823,1.25,0.35,1,0
2121,57,station_19,19,81.369,1.25,0.9,1,0
2121,57,station_25,25,8.476,0.9,0.666,1,0
2121,57,station_28,28,56.282,0.9,0.755,1,0
2122,14,outside,0,0.0,0.0,0.0,0,1
2122,14,station_8,8,69.896,1.25,0.35,1,0
2122,14,station_19,19,67.32,1.25,0.9,1,0
2122,14,station_25,25,17.838,0.9,0.666,1,0
2122,14,station_28,28,60.29,0.9,0.755,1,0
2123,49,outside,0,0.0,0.0,0.0,0,1
2123,49,station_8,8,135.961,1.25,0.35,1,0
2123,49,station_19,19,172.569,1.25,0.9,1,0
2123,49,station_25,25,123.496,0.9,0.666,1,0
2123,49,station_28,28,59.633,0.9,0.755,1,0
2124,46,outside,0,0.0,0.0,0.0,0,1
2124,46,station_8,8,50.091,1.25,0.35,1,0
2124,46,station_19,19,85.489,1.25,0.9,1,0
2124,46,station_25,25,66.439,0.9,0.666,1,0
2124,46,station_28,28,42.432,0.9,0.755,1,0
2125,57,outside,0,0.0,0.0,0.0,0,0
2125,57,station_8,8,83.823,1.25,0.35,1,0
2125,57,station_19,19,81.369,1.25,0.9,1,0
2125,57,station_25,25,8.476,0.9,0.666,1,1
2125,57,station_28,28,56.282,0.9,0.755,1,0
2126,52,outside,0,0.0,0.0,0.0,0,1
2126,52,station_8,8,87.473,1.25,0.35,1,0
2126,52,station_19,19,129.185,1.25,0.9,1,0
2126,52,station_25,25,99.326,0.9,0.666,1,0
2126,52,station_28,28,42.06,0.9,0.755,1,0
2127,31,outside,0,0.0,0.0,0.0,0,1
2127,31,station_8,8,78.215,1.25,0.35,1,0
2127,31,station_19,19,113.719,1.25,0.9,1,0
2127,31,station_25,25,77.83,0.9,0.666,1,0
2127,31,station_28,28,24.111,0.9,0.755,1,0
2128,12,outside,0,0.0,0.0,0.0,0,1
2128,12,station_8,8,16.711,1.25,0.35,1,0
2128,12,station_19,19,45.818,1.25,0.9,1,0
2128,12,station_25,25,97.417,0.9,0.666,1,0
2128,12,station_28,28,107.888,0.9,0.755,1,0
2129,36,outside,0,0.0,0.0,0.0,0,1
2129,36,station_8,8,49.761,1.25,0.35,1,0
2129,36,station_19,19,23.538,1.25,0.9,1,0
2129,36,station_25,25,101.025,0.9,0.666,1,0
2129,36,station_28,28,130.581,0.9,0.755,1,0
2130,5,outside,0,0.0,0.0,0.0,0,1
2130,5,station_8,8,100.125,1.25,0.35,1,0
2130,5,station_19,19,116.708,1.25,0.9,1,0
2130,5,station_25,25,51.061,0.9,0.666,1,0
2130,5,station_28,28,20.857,0.9,0.755,1,0
2131,13,outside,0,0.0,0.0,0.0,0,1
2131,13,station_8,8,26.846,1.25,0.35,1,0
2131,13,station_19,19,29.228,1.25,0.9,1,0
2131,13,station_25,25,89.473,0.9,0.666,1,0
2131,13,station_28,28,110.088,0.9,0.755,1,0
2132,67,outside,0,0.0,0.0,0.0,0,1
2132,67,station_8,8,75.235,1.25,0.35,1,0
2132,67,station_19,19,63.443,1.25,0.9,1,0
2132,67,station_25,25,16.514,0.9,0.666,1,0
2132,67,station_28,28,71.834,0.9,0.755,1,0
2133,72,outside,0,0.0,0.0,0.0,0,1
2133,72,station_8,8,108.042,1.25,0.35,1,0
2133,72,station_19,19,129.488,1.25,0.9,1,0
2133,72,station_25,25,66.488,0.9,0.666,1,0
2133,72,station_28,28,17.792,0.9,0.755,1,0
2134,59,outside,0,0.0,0.0,0.0,0,1
2134,59,station_8,8,101.758,1.25,0.35,1,0
2134,59,station_19,19,111.107,1.25,0.9,1,0
2134,59,station_25,25,38.654,0.9,0.666,1,0
2134,59,station_28,28,35.203,0.9,0.755,1,0
2135,23,outside,0,0.0,0.0,0.0,0,1
2135,23,station_8,8,90.334,1.25,0.35,1,0
2135,23,station_19,19,112.064,1.25,0.9,1,0
2135,23,station_25,25,55.093,0.9,0.666,1,0
2135,23,station_28,28,9.747,0.9,0.755,1,0
2136,42,outside,0,0.0,0.0,0.0,0,1
2136,42,station_8,8,67.43,1.25,0.35,1,0
2136,42,station_19,19,14.888,1.25,0.9,1,0
2136,42,station_25,25,85.138,0.9,0.666,1,0
2136,42,station_28,28,128.906,0.9,0.755,1,0
2137,35,outside,0,0.0,0.0,0.0,0,0
2137,35,station_8,8,5.157,1.25,0.35,1,1
2137,35,station_19,19,56.506,1.25,0.9,1,0
2137,35,station_25,25,92.499,0.9,0.666,1,0
2137,35,station_28,28,94.18,0.9,0.755,1,0
2138,76,outside,0,0.0,0.0,0.0,0,1
2138,76,station_8,8,84.21,1.25,0.35,1,0
2138,76,station_19,19,124.474,1.25,0.9,1,0
2138,76,station_25,25,93.218,0.9,0.666,1,0
2138,76,station_28,28,36.679,0.9,0.755,1,0
2139,22,outside,0,0.0,0.0,0.0,0,1
2139,22,station_8,8,75.15,1.25,0.35,1,0
2139,22,station_19,19,59.51,1.25,0.9,1,0
2139,22,station_25,25,21.007,0.9,0.666,1,0
2139,22,station_28,28,77.226,0.9,0.755,1,0
2140,78,outside,0,0.0,0.0,0.0,0,1
2140,78,station_8,8,85.507,1.25,0.35,1,0
2140,78,station_19,19,51.361,1.25,0.9,1,0
2140,78,station_25,25,44.406,0.9,0.666,1,0
2140,78,station_28,28,104.032,0.9,0.755,1,0
2141,50,outside,0,0.0,0.0,0.0,0,1
2141,50,station_8,8,75.498,1.25,0.35,1,0
2141,50,station_19,19,77.73,1.25,0.9,1,0
2141,50,station_25,25,16.997,0.9,0.666,1,0
2141,50,station_28,28,50.967,0.9,0.755,1,0
2142,55,outside,0,0.0,0.0,0.0,0,1
2142,55,station_8,8,70.571,1.25,0.35,1,0
2142,55,station_19,19,22.336,1.25,0.9,1,0
2142,55,station_25,25,98.744,0.9,0.666,1,0
2142,55,station_28,28,139.9,0.9,0.755,1,0
2143,46,outside,0,0.0,0.0,0.0,0,1
2143,46,station_8,8,50.091,1.25,0.35,1,0
2143,46,station_19,19,85.489,1.25,0.9,1,0
2143,46,station_25,25,66.439,0.9,0.666,1,0
2143,46,station_28,28,42.432,0.9,0.755,1,0
2144,64,outside,0,0.0,0.0,0.0,0,0
2144,64,station_8,8,88.473,1.25,0.35,1,0
2144,64,station_19,19,113.427,1.25,0.9,1,0
2144,64,station_25,25,60.627,0.9,0.666,1,0
2144,64,station_28,28,4.372,0.9,0.755,1,1
2145,77,outside,0,0.0,0.0,0.0,0,1
2145,77,station_8,8,15.566,1.25,0.35,1,0
2145,77,station_19,19,38.912,1.25,0.9,1,0
2145,77,station_25,25,76.359,0.9,0.666,1,0
2145,77,station_28,28,90.868,0.9,0.755,1,0
2146,17,outside,0,0.0,0.0,0.0,0,1
2146,17,station_8,8,63.784,1.25,0.35,1,0
2146,17,station_19,19,70.418,1.25,0.9,1,0
2146,17,station_25,25,27.153,0.9,0.666,1,0
2146,17,station_28,28,50.824,0.9,0.755,1,0
2147,67,outside,0,0.0,0.0,0.0,0,1
2147,67,station_8,8,75.235,1.25,0.35,1,0
2147,67,station_19,19,63.443,1.25,0.9,1,0
2147,67,station_25,25,16.514,0.9,0.666,1,0
2147,67,station_28,28,71.834,0.9,0.755,1,0
2148,67,outside,0,0.0,0.0,0.0,0,1
2148,67,station_8,8,75.235,1.25,0.35,1,0
2148,67,station_19,19,63.443,1.25,0.9,1,0
2148,67,station_25,25,16.514,0.9,0.666,1,0
2148,67,station_28,28,71.834,0.9,0.755,1,0
2149,65,outside,0,0.0,0.0,0.0,0,0
2149,65,station_8,8,95.69,1.25,0.35,1,0
2149,65,station_19,19,118.286,1.25,0.9,1,0
2149,65,station_25,25,60.162,0.9,0.666,1,0
2149,65,station_28,28,7.765,0.9,0.755,1,1
2150,41,outside,0,0.0,0.0,0.0,0,1
2150,41,station_8,8,84.6,1.25,0.35,1,0
2150,41,station_19,19,44.709,1.25,0.9,1,0
2150,41,station_25,25,54.471,0.9,0.666,1,0
2150,41,station_28,28,112.197,0.9,0.755,1,0
2151,43,outside,0,0.0,0.0,0.0,0,1
2151,43,station_8,8,108.193,1.25,0.35,1,0
2151,43,station_19,19,120.051,1.25,0.9,1,0
2151,43,station_25,25,48.125,0.9,0.666,1,0
2151,43,station_28,28,32.62,0.9,0.755,1,0
2152,18,outside,0,0.0,0.0,0.0,0,1
2152,18,station_8,8,57.722,1.25,0.35,1,0
2152,18,station_19,19,85.165,1.25,0.9,1,0
2152,18,station_25,25,54.276,0.9,0.666,1,0
2152,18,station_28,28,34.63,0.9,0.755,1,0
2153,49,outside,0,0.0,0.0,0.0,0,1
2153,49,station_8,8,135.961,1.25,0.35,1,0
2153,49,station_19,19,172.569,1.25,0.9,1,0
2153,49,station_25,25,123.496,0.9,0.666,1,0
2153,49,station_28,28,59.633,0.9,0.755,1,0
2154,1,outside,0,0.0,0.0,0.0,0,1
2154,1,station_8,8,70.31,1.25,0.35,1,0
2154,1,station_19,19,20.578,1.25,0.9,1,0
2154,1,station_25,25,73.376,0.9,0.666,1,0
2154,1,station_28,28,121.38,0.9,0.755,1,0
2155,46,outside,0,0.0,0.0,0.0,0,1
2155,46,station_8,8,50.091,1.25,0.35,1,0
2155,46,station_19,19,85.489,1.25,0.9,1,0
2155,46,station_25,25,66.439,0.9,0.666,1,0
2155,46,station_28,28,42.432,0.9,0.755,1,0
2156,39,outside,0,0.0,0.0,0.0,0,1
2156,39,station_8,8,57.569,1.25,0.35,1,0
2156,39,station_19,19,15.638,1.25,0.9,1,0
2156,39,station_25,25,95.59,0.9,0.666,1,0
2156,39,station_28,28,131.33,0.9,0.755,1,0
2157,40,outside,0,0.0,0.0,0.0,0,1
2157,40,station_8,8,50.28,1.25,0.35,1,0
2157,40,station_19,19,63.179,1.25,0.9,1,0
2157,40,station_25,25,39.841,0.9,0.666,1,0
2157,40,station_28,28,54.545,0.9,0.755,1,0
2158,47,outside,0,0.0,0.0,0.0,0,1
2158,47,station_8,8,69.469,1.25,0.35,1,0
2158,47,station_19,19,26.159,1.25,0.9,1,0
2158,47,station_25,25,62.253,0.9,0.666,1,0
2158,47,station_28,28,112.087,0.9,0.755,1,0
2159,57,outside,0,0.0,0.0,0.0,0,0
2159,57,station_8,8,83.823,1.25,0.35,1,0
2159,57,station_19,19,81.369,1.25,0.9,1,0
2159,57,station_25,25,8.476,0.9,0.666,1,1
2159,57,station_28,28,56.282,0.9,0.755,1,0
2160,2,outside,0,0.0,0.0,0.0,0,1
2160,2,station_8,8,4.679,1.25,0.35,1,0
2160,2,station_19,19,57.165,1.25,0.9,1,0
2160,2,station_25,25,90.696,0.9,0.666,1,0
2160,2,station_28,28,91.632,0.9,0.755,1,0
2161,74,outside,0,0.0,0.0,0.0,0,0
2161,74,station_8,8,32.229,1.25,0.35,1,1
2161,74,station_19,19,75.711,1.25,0.9,1,0
2161,74,station_25,25,77.248,0.9,0.666,1,0
2161,74,station_28,28,62.103,0.9,0.755,1,0
2162,5,outside,0,0.0,0.0,0.0,0,1
2162,5,station_8,8,100.125,1.25,0.35,1,0
2162,5,station_19,19,116.708,1.25,0.9,1,0
2162,5,station_25,25,51.061,0.9,0.666,1,0
2162,5,station_28,28,20.857,0.9,0.755,1,0
2163,20,outside,0,0.0,0.0,0.0,0,1
2163,20,station_8,8,125.682,1.25,0.35,1,0
2163,20,station_19,19,154.077,1.25,0.9,1,0
2163,20,station_25,25,95.28,0.9,0.666,1,0
2163,20,station_28,28,36.427,0.9,0.755,1,0
2164,37,outside,0,0.0,0.0,0.0,0,1
2164,37,station_8,8,68.494,1.25,0.35,1,0
2164,37,station_19,19,27.417,1.25,0.9,1,0
2164,37,station_25,25,59.272,0.9,0.666,1,0
2164,37,station_28,28,109.137,0.9,0.755,1,0
2165,54,outside,0,0.0,0.0,0.0,0,1
2165,54,station_8,8,62.425,1.25,0.35,1,0
2165,54,station_19,19,108.183,1.25,0.9,1,0
2165,54,station_25,25,94.799,0.9,0.666,1,0
2165,54,station_28,28,53.296,0.9,0.755,1,0
2166,67,outside,0,0.0,0.0,0.0,0,0
2166,67,station_8,8,75.235,1.25,0.35,1,0
2166,67,station_19,19,63.443,1.25,0.9,1,0
2166,67,station_25,25,16.514,0.9,0.666,1,1
2166,67,station_28,28,71.834,0.9,0.755,1,0
2167,72,outside,0,0.0,0.0,0.0,0,1
2167,72,station_8,8,108.042,1.25,0.35,1,0
2167,72,station_19,19,129.488,1.25,0.9,1,0
2167,72,station_25,25,66.488,0.9,0.666,1,0
2167,72,station_28,28,17.792,0.9,0.755,1,0
2168,17,outside,0,0.0,0.0,0.0,0,1
2168,17,station_8,8,63.784,1.25,0.35,1,0
2168,17,station_19,19,70.418,1.25,0.9,1,0
2168,17,station_25,25,27.153,0.9,0.666,1,0
2168,17,station_28,28,50.824,0.9,0.755,1,0
2169,17,outside,0,0.0,0.0,0.0,0,1
2169,17,station_8,8,63.784,1.25,0.35,1,0
2169,17,station_19,19,70.418,1.25,0.9,1,0
2169,17,station_25,25,27.153,0.9,0.666,1,0
2169,17,station_28,28,50.824,0.9,0.755,1,0
2170,68,outside,0,0.0,0.0,0.0,0,1
2170,68,station_8,8,30.047,1.25,0.35,1,0
2170,68,station_19,19,72.698,1.25,0.9,1,0
2170,68,station_25,25,75.575,0.9,0.666,1,0
2170,68,station_28,28,63.183,0.9,0.755,1,0
2171,59,outside,0,0.0,0.0,0.0,0,1
2171,59,station_8,8,101.758,1.25,0.35,1,0
2171,59,station_19,19,111.107,1.25,0.9,1,0
2171,59,station_25,25,38.654,0.9,0.666,1,0
2171,59,station_28,28,35.203,0.9,0.755,1,0
2172,26,outside,0,0.0,0.0,0.0,0,1
2172,26,station_8,8,81.733,1.25,0.35,1,0
2172,26,station_19,19,123.747,1.25,0.9,1,0
2172,26,station_25,25,96.277,0.9,0.666,1,0
2172,26,station_28,28,41.766,0.9,0.755,1,0
2173,49,outside,0,0.0,0.0,0.0,0,1
2173,49,station_8,8,135.961,1.25,0.35,1,0
2173,49,station_19,19,172.569,1.25,0.9,1,0
2173,49,station_25,25,123.496,0.9,0.666,1,0
2173,49,station_28,28,59.633,0.9,0.755,1,0
2174,5,outside,0,0.0,0.0,0.0,0,1
2174,5,station_8,8,100.125,1.25,0.35,1,0
2174,5,station_19,19,116.708,1.25,0.9,1,0
2174,5,station_25,25,51.061,0.9,0.666,1,0
2174,5,station_28,28,20.857,0.9,0.755,1,0
2175,28,outside,0,0.0,0.0,0.0,0,1
2175,28,station_8,8,45.893,1.25,0.35,1,0
2175,28,station_19,19,17.858,1.25,0.9,1,0
2175,28,station_25,25,63.65,0.9,0.666,1,0
2175,28,station_28,28,100.112,0.9,0.755,1,0
2176,17,outside,0,0.0,0.0,0.0,0,1
2176,17,station_8,8,63.784,1.25,0.35,1,0
2176,17,station_19,19,70.418,1.25,0.9,1,0
2176,17,station_25,25,27.153,0.9,0.666,1,0
2176,17,station_28,28,50.824,0.9,0.755,1,0
2177,67,outside,0,0.0,0.0,0.0,0,1
2177,67,station_8,8,75.235,1.25,0.35,1,0
2177,67,station_19,19,63.443,1.25,0.9,1,0
2177,67,station_25,25,16.514,0.9,0.666,1,0
2177,67,station_28,28,71.834,0.9,0.755,1,0
2178,22,outside,0,0.0,0.0,0.0,0,1
2178,22,station_8,8,75.15,1.25,0.35,1,0
2178,22,station_19,19,59.51,1.25,0.9,1,0
2178,22,station_25,25,21.007,0.9,0.666,1,0
2178,22,station_28,28,77.226,0.9,0.755,1,0
2179,40,outside,0,0.0,0.0,0.0,0,1
2179,40,station_8,8,50.28,1.25,0.35,1,0
2179,40,station_19,19,63.179,1.25,0.9,1,0
2179,40,station_25,25,39.841,0.9,0.666,1,0
2179,40,station_28,28,54.545,0.9,0.755,1,0
2180,70,outside,0,0.0,0.0,0.0,0,1
2180,70,station_8,8,75.014,1.25,0.35,1,0
2180,70,station_19,19,122.596,1.25,0.9,1,0
2180,70,station_25,25,108.626,0.9,0.666,1,0
2180,70,station_28,28,60.868,0.9,0.755,1,0
2181,24,outside,0,0.0,0.0,0.0,0,1
2181,24,station_8,8,59.502,1.25,0.35,1,0
2181,24,station_19,19,71.183,1.25,0.9,1,0
2181,24,station_25,25,33.7,0.9,0.666,1,0
2181,24,station_28,28,47.589,0.9,0.755,1,0
2182,68,outside,0,0.0,0.0,0.0,0,1
2182,68,station_8,8,30.047,1.25,0.35,1,0
2182,68,station_19,19,72.698,1.25,0.9,1,0
2182,68,station_25,25,75.575,0.9,0.666,1,0
2182,68,station_28,28,63.183,0.9,0.755,1,0
2183,35,outside,0,0.0,0.0,0.0,0,0
2183,35,station_8,8,5.157,1.25,0.35,1,1
2183,35,station_19,19,56.506,1.25,0.9,1,0
2183,35,station_25,25,92.499,0.9,0.666,1,0
2183,35,station_28,28,94.18,0.9,0.755,1,0
2184,63,outside,0,0.0,0.0,0.0,0,1
2184,63,station_8,8,30.308,1.25,0.35,1,0
2184,63,station_19,19,74.577,1.25,0.9,1,0
2184,63,station_25,25,78.28,0.9,0.666,1,0
2184,63,station_28,28,64.16,0.9,0.755,1,0
2185,40,outside,0,0.0,0.0,0.0,0,1
2185,40,station_8,8,50.28,1.25,0.35,1,0
2185,40,station_19,19,63.179,1.25,0.9,1,0
2185,40,station_25,25,39.841,0.9,0.666,1,0
2185,40,station_28,28,54.545,0.9,0.755,1,0
2186,46,outside,0,0.0,0.0,0.0,0,1
2186,46,station_8,8,50.091,1.25,0.35,1,0
2186,46,station_19,19,85.489,1.25,0.9,1,0
2186,46,station_25,25,66.439,0.9,0.666,1,0
2186,46,station_28,28,42.432,0.9,0.755,1,0
2187,38,outside,0,0.0,0.0,0.0,0,1
2187,38,station_8,8,122.799,1.25,0.35,1,0
2187,38,station_19,19,142.992,1.25,0.9,1,0
2187,38,station_25,25,75.759,0.9,0.666,1,0
2187,38,station_28,28,32.057,0.9,0.755,1,0
2188,5,outside,0,0.0,0.0,0.0,0,0
2188,5,station_8,8,100.125,1.25,0.35,1,0
2188,5,station_19,19,116.708,1.25,0.9,1,0
2188,5,station_25,25,51.061,0.9,0.666,1,0
2188,5,station_28,28,20.857,0.9,0.755,1,1
2189,67,outside,0,0.0,0.0,0.0,0,1
2189,67,station_8,8,75.235,1.25,0.35,1,0
2189,67,station_19,19,63.443,1.25,0.9,1,0
2189,67,station_25,25,16.514,0.9,0.666,1,0
2189,67,station_28,28,71.834,0.9,0.755,1,0
2190,5,outside,0,0.0,0.0,0.0,0,1
2190,5,station_8,8,100.125,1.25,0.35,1,0
2190,5,station_19,19,116.708,1.25,0.9,1,0
2190,5,station_25,25,51.061,0.9,0.666,1,0
2190,5,station_28,28,20.857,0.9,0.755,1,0
2191,67,outside,0,0.0,0.0,0.0,0,1
2191,67,station_8,8,75.235,1.25,0.35,1,0
2191,67,station_19,19,63.443,1.25,0.9,1,0
2191,67,station_25,25,16.514,0.9,0.666,1,0
2191,67,station_28,28,71.834,0.9,0.755,1,0
2192,43,outside,0,0.0,0.0,0.0,0,1
2192,43,station_8,8,108.193,1.25,0.35,1,0
2192,43,station_19,19,120.051,1.25,0.9,1,0
2192,43,station_25,25,48.125,0.9,0.666,1,0
2192,43,station_28,28,32.62,0.9,0.755,1,0
2193,28,outside,0,0.0,0.0,0.0,0,1
2193,28,station_8,8,45.893,1.25,0.35,1,0
2193,28,station_19,19,17.858,1.25,0.9,1,0
2193,28,station_25,25,63.65,0.9,0.666,1,0
2193,28,station_28,28,100.112,0.9,0.755,1,0
2194,76,outside,0,0.0,0.0,0.0,0,1
2194,76,station_8,8,84.21,1.25,0.35,1,0
2194,76,station_19,19,124.474,1.25,0.9,1,0
2194,76,station_25,25,93.218,0.9,0.666,1,0
2194,76,station_28,28,36.679,0.9,0.755,1,0
2195,25,outside,0,0.0,0.0,0.0,0,1
2195,25,station_8,8,71.642,1.25,0.35,1,0
2195,25,station_19,19,19.049,1.25,0.9,1,0
2195,25,station_25,25,85.268,0.9,0.666,1,0
2195,25,station_28,28,130.958,0.9,0.755,1,0
2196,7,outside,0,0.0,0.0,0.0,0,1
2196,7,station_8,8,85.244,1.25,0.35,1,0
2196,7,station_19,19,55.162,1.25,0.9,1,0
2196,7,station_25,25,37.637,0.9,0.666,1,0
2196,7,station_28,28,98.08,0.9,0.755,1,0
2197,57,outside,0,0.0,0.0,0.0,0,0
2197,57,station_8,8,83.823,1.25,0.35,1,0
2197,57,station_19,19,81.369,1.25,0.9,1,0
2197,57,station_25,25,8.476,0.9,0.666,1,1
2197,57,station_28,28,56.282,0.9,0.755,1,0
2198,46,outside,0,0.0,0.0,0.0,0,1
2198,46,station_8,8,50.091,1.25,0.35,1,0
2198,46,station_19,19,85.489,1.25,0.9,1,0
2198,46,station_25,25,66.439,0.9,0.666,1,0
2198,46,station_28,28,42.432,0.9,0.755,1,0
2199,21,outside,0,0.0,0.0,0.0,0,1
2199,21,station_8,8,129.476,1.25,0.35,1,0
2199,21,station_19,19,167.479,1.25,0.9,1,0
2199,21,station_25,25,121.663,0.9,0.666,1,0
2199,21,station_28,28,57.205,0.9,0.755,1,0
2200,32,outside,0,0.0,0.0,0.0,0,1
2200,32,station_8,8,122.583,1.25,0.35,1,0
2200,32,station_19,19,145.912,1.25,0.9,1,0
2200,32,station_25,25,81.891,0.9,0.666,1,0
2200,32,station_28,28,30.819,0.9,0.755,1,0
2201,77,outside,0,0.0,0.0,0.0,0,1
2201,77,station_8,8,15.566,1.25,0.35,1,0
2201,77,station_19,19,38.912,1.25,0.9,1,0
2201,77,station_25,25,76.359,0.9,0.666,1,0
2201,77,station_28,28,90.868,0.9,0.755,1,0
2202,18,outside,0,0.0,0.0,0.0,0,1
2202,18,station_8,8,57.722,1.25,0.35,1,0
2202,18,station_19,19,85.165,1.25,0.9,1,0
2202,18,station_25,25,54.276,0.9,0.666,1,0
2202,18,station_28,28,34.63,0.9,0.755,1,0
2203,40,outside,0,0.0,0.0,0.0,0,1
2203,40,station_8,8,50.28,1.25,0.35,1,0
2203,40,station_19,19,63.179,1.25,0.9,1,0
2203,40,station_25,25,39.841,0.9,0.666,1,0
2203,40,station_28,28,54.545,0.9,0.755,1,0
2204,7,outside,0,0.0,0.0,0.0,0,1
2204,7,station_8,8,85.244,1.25,0.35,1,0
2204,7,station_19,19,55.162,1.25,0.9,1,0
2204,7,station_25,25,37.637,0.9,0.666,1,0
2204,7,station_28,28,98.08,0.9,0.755,1,0
2205,14,outside,0,0.0,0.0,0.0,0,1
2205,14,station_8,8,69.896,1.25,0.35,1,0
2205,14,station_19,19,67.32,1.25,0.9,1,0
2205,14,station_25,25,17.838,0.9,0.666,1,0
2205,14,station_28,28,60.29,0.9,0.755,1,0
2206,47,outside,0,0.0,0.0,0.0,0,1
2206,47,station_8,8,69.469,1.25,0.35,1,0
2206,47,station_19,19,26.159,1.25,0.9,1,0
2206,47,station_25,25,62.253,0.9,0.666,1,0
2206,47,station_28,28,112.087,0.9,0.755,1,0
2207,28,outside,0,0.0,0.0,0.0,0,0
2207,28,station_8,8,45.893,1.25,0.35,1,0
2207,28,station_19,19,17.858,1.25,0.9,1,1
2207,28,station_25,25,63.65,0.9,0.666,1,0
2207,28,station_28,28,100.112,0.9,0.755,1,0
2208,29,outside,0,0.0,0.0,0.0,0,1
2208,29,station_8,8,90.575,1.25,0.35,1,0
2208,29,station_19,19,126.377,1.25,0.9,1,0
2208,29,station_25,25,86.174,0.9,0.666,1,0
2208,29,station_28,28,24.94,0.9,0.755,1,0
2209,69,outside,0,0.0,0.0,0.0,0,1
2209,69,station_8,8,146.654,1.25,0.35,1,0
2209,69,station_19,19,170.447,1.25,0.9,1,0
2209,69,station_25,25,103.682,0.9,0.666,1,0
2209,69,station_28,28,55.049,0.9,0.755,1,0
2210,35,outside,0,0.0,0.0,0.0,0,0
2210,35,station_8,8,5.157,1.25,0.35,1,1
2210,35,station_19,19,56.506,1.25,0.9,1,0
2210,35,station_25,25,92.499,0.9,0.666,1,0
2210,35,station_28,28,94.18,0.9,0.755,1,0
2211,13,outside,0,0.0,0.0,0.0,0,1
2211,13,station_8,8,26.846,1.25,0.35,1,0
2211,13,station_19,19,29.228,1.25,0.9,1,0
2211,13,station_25,25,89.473,0.9,0.666,1,0
2211,13,station_28,28,110.088,0.9,0.755,1,0
2212,75,outside,0,0.0,0.0,0.0,0,1
2212,75,station_8,8,75.194,1.25,0.35,1,0
2212,75,station_19,19,33.56,1.25,0.9,1,0
2212,75,station_25,25,112.096,0.9,0.666,1,0
2212,75,station_28,28,150.687,0.9,0.755,1,0
2213,45,outside,0,0.0,0.0,0.0,0,1
2213,45,station_8,8,106.32,1.25,0.35,1,0
2213,45,station_19,19,130.298,1.25,0.9,1,0
2213,45,station_25,25,70.449,0.9,0.666,1,0
2213,45,station_28,28,14.633,0.9,0.755,1,0
2214,64,outside,0,0.0,0.0,0.0,0,0
2214,64,station_8,8,88.473,1.25,0.35,1,0
2214,64,station_19,19,113.427,1.25,0.9,1,0
2214,64,station_25,25,60.627,0.9,0.666,1,0
2214,64,station_28,28,4.372,0.9,0.755,1,1
2215,24,outside,0,0.0,0.0,0.0,0,1
2215,24,station_8,8,59.502,1.25,0.35,1,0
2215,24,station_19,19,71.183,1.25,0.9,1,0
2215,24,station_25,25,33.7,0.9,0.666,1,0
2215,24,station_28,28,47.589,0.9,0.755,1,0
2216,67,outside,0,0.0,0.0,0.0,0,1
2216,67,station_8,8,75.235,1.25,0.35,1,0
2216,67,station_19,19,63.443,1.25,0.9,1,0
2216,67,station_25,25,16.514,0.9,0.666,1,0
2216,67,station_28,28,71.834,0.9,0.755,1,0
2217,13,outside,0,0.0,0.0,0.0,0,1
2217,13,station_8,8,26.846,1.25,0.35,1,0
2217,13,station_19,19,29.228,1.25,0.9,1,0
2217,13,station_25,25,89.473,0.9,0.666,1,0
2217,13,station_28,28,110.088,0.9,0.755,1,0
2218,28,outside,0,0.0,0.0,0.0,0,1
2218,28,station_8,8,45.893,1.25,0.35,1,0
2218,28,station_19,19,17.858,1.25,0.9,1,0
2218,28,station_25,25,63.65,0.9,0.666,1,0
2218,28,station_28,28,100.112,0.9,0.755,1,0
2219,10,outside,0,0.0,0.0,0.0,0,1
2219,10,station_8,8,39.742,1.25,0.35,1,0
2219,10,station_19,19,76.751,1.25,0.9,1,0
2219,10,station_25,25,67.733,0.9,0.666,1,0
2219,10,station_28,28,52.375,0.9,0.755,1,0
2220,57,outside,0,0.0,0.0,0.0,0,0
2220,57,station_8,8,83.823,1.25,0.35,1,0
2220,57,station_19,19,81.369,1.25,0.9,1,0
2220,57,station_25,25,8.476,0.9,0.666,1,1
2220,57,station_28,28,56.282,0.9,0.755,1,0
2221,27,outside,0,0.0,0.0,0.0,0,1
2221,27,station_8,8,83.882,1.25,0.35,1,0
2221,27,station_19,19,95.907,1.25,0.9,1,0
2221,27,station_25,25,33.242,0.9,0.666,1,0
2221,27,station_28,28,31.308,0.9,0.755,1,0
2222,72,outside,0,0.0,0.0,0.0,0,1
2222,72,station_8,8,108.042,1.25,0.35,1,0
2222,72,station_19,19,129.488,1.25,0.9,1,0
2222,72,station_25,25,66.488,0.9,0.666,1,0
2222,72,station_28,28,17.792,0.9,0.755,1,0
2223,17,outside,0,0.0,0.0,0.0,0,1
2223,17,station_8,8,63.784,1.25,0.35,1,0
2223,17,station_19,19,70.418,1.25,0.9,1,0
2223,17,station_25,25,27.153,0.9,0.666,1,0
2223,17,station_28,28,50.824,0.9,0.755,1,0
2224,37,outside,0,0.0,0.0,0.0,0,1
2224,37,station_8,8,68.494,1.25,0.35,1,0
2224,37,station_19,19,27.417,1.25,0.9,1,0
2224,37,station_25,25,59.272,0.9,0.666,1,0
2224,37,station_28,28,109.137,0.9,0.755,1,0
2225,24,outside,0,0.0,0.0,0.0,0,1
2225,24,station_8,8,59.502,1.25,0.35,1,0
2225,24,station_19,19,71.183,1.25,0.9,1,0
2225,24,station_25,25,33.7,0.9,0.666,1,0
2225,24,station_28,28,47.589,0.9,0.755,1,0
2226,27,outside,0,0.0,0.0,0.0,0,0
2226,27,station_8,8,83.882,1.25,0.35,1,0
2226,27,station_19,19,95.907,1.25,0.9,1,0
2226,27,station_25,25,33.242,0.9,0.666,1,1
2226,27,station_28,28,31.308,0.9,0.755,1,0
2227,23,outside,0,0.0,0.0,0.0,0,0
2227,23,station_8,8,90.334,1.25,0.35,1,0
2227,23,station_19,19,112.064,1.25,0.9,1,0
2227,23,station_25,25,55.093,0.9,0.666,1,0
2227,23,station_28,28,9.747,0.9,0.755,1,1
2228,14,outside,0,0.0,0.0,0.0,0,0
2228,14,station_8,8,69.896,1.25,0.35,1,0
2228,14,station_19,19,67.32,1.25,0.9,1,0
2228,14,station_25,25,17.838,0.9,0.666,1,1
2228,14,station_28,28,60.29,0.9,0.755,1,0
2229,67,outside,0,0.0,0.0,0.0,0,1
2229,67,station_8,8,75.235,1.25,0.35,1,0
2229,67,station_19,19,63.443,1.25,0.9,1,0
2229,67,station_25,25,16.514,0.9,0.666,1,0
2229,67,station_28,28,71.834,0.9,0.755,1,0
2230,9,outside,0,0.0,0.0,0.0,0,1
2230,9,station_8,8,60.179,1.25,0.35,1,0
2230,9,station_19,19,10.891,1.25,0.9,1,0
2230,9,station_25,25,89.553,0.9,0.666,1,0
2230,9,station_28,28,128.538,0.9,0.755,1,0
2231,33,outside,0,0.0,0.0,0.0,0,1
2231,33,station_8,8,102.404,1.25,0.35,1,0
2231,33,station_19,19,53.528,1.25,0.9,1,0
2231,33,station_25,25,79.257,0.9,0.666,1,0
2231,33,station_28,28,138.237,0.9,0.755,1,0
2232,35,outside,0,0.0,0.0,0.0,0,1
2232,35,station_8,8,5.157,1.25,0.35,1,0
2232,35,station_19,19,56.506,1.25,0.9,1,0
2232,35,station_25,25,92.499,0.9,0.666,1,0
2232,35,station_28,28,94.18,0.9,0.755,1,0
2233,7,outside,0,0.0,0.0,0.0,0,1
2233,7,station_8,8,85.244,1.25,0.35,1,0
2233,7,station_19,19,55.162,1.25,0.9,1,0
2233,7,station_25,25,37.637,0.9,0.666,1,0
2233,7,station_28,28,98.08,0.9,0.755,1,0
2234,22,outside,0,0.0,0.0,0.0,0,1
2234,22,station_8,8,75.15,1.25,0.35,1,0
2234,22,station_19,19,59.51,1.25,0.9,1,0
2234,22,station_25,25,21.007,0.9,0.666,1,0
2234,22,station_28,28,77.226,0.9,0.755,1,0
2235,76,outside,0,0.0,0.0,0.0,0,1
2235,76,station_8,8,84.21,1.25,0.35,1,0
2235,76,station_19,19,124.474,1.25,0.9,1,0
2235,76,station_25,25,93.218,0.9,0.666,1,0
2235,76,station_28,28,36.679,0.9,0.755,1,0
2236,78,outside,0,0.0,0.0,0.0,0,1
2236,78,station_8,8,85.507,1.25,0.35,1,0
2236,78,station_19,19,51.361,1.25,0.9,1,0
2236,78,station_25,25,44.406,0.9,0.666,1,0
2236,78,station_28,28,104.032,0.9,0.755,1,0
2237,79,outside,0,0.0,0.0,0.0,0,0
2237,79,station_8,8,99.13,1.25,0.35,1,0
2237,79,station_19,19,126.347,1.25,0.9,1,0
2237,79,station_25,25,72.25,0.9,0.666,1,0
2237,79,station_28,28,8.805,0.9,0.755,1,1
2238,16,outside,0,0.0,0.0,0.0,0,1
2238,16,station_8,8,76.931,1.25,0.35,1,0
2238,16,station_19,19,80.887,1.25,0.9,1,0
2238,16,station_25,25,18.805,0.9,0.666,1,0
2238,16,station_28,28,47.707,0.9,0.755,1,0
2239,7,outside,0,0.0,0.0,0.0,0,1
2239,7,station_8,8,85.244,1.25,0.35,1,0
2239,7,station_19,19,55.162,1.25,0.9,1,0
2239,7,station_25,25,37.637,0.9,0.666,1,0
2239,7,station_28,28,98.08,0.9,0.755,1,0
2240,4,outside,0,0.0,0.0,0.0,0,1
2240,4,station_8,8,123.283,1.25,0.35,1,0
2240,4,station_19,19,160.772,1.25,0.9,1,0
2240,4,station_25,25,115.162,0.9,0.666,1,0
2240,4,station_28,28,50.64,0.9,0.755,1,0
2241,27,outside,0,0.0,0.0,0.0,0,1
2241,27,station_8,8,83.882,1.25,0.35,1,0
2241,27,station_19,19,95.907,1.25,0.9,1,0
2241,27,station_25,25,33.242,0.9,0.666,1,0
2241,27,station_28,28,31.308,0.9,0.755,1,0
2242,24,outside,0,0.0,0.0,0.0,0,0
2242,24,station_8,8,59.502,1.25,0.35,1,0
2242,24,station_19,19,71.183,1.25,0.9,1,0
2242,24,station_25,25,33.7,0.9,0.666,1,1
2242,24,station_28,28,47.589,0.9,0.755,1,0
2243,80,outside,0,0.0,0.0,0.0,0,1
2243,80,station_8,8,79.716,1.25,0.35,1,0
2243,80,station_19,19,50.2,1.25,0.9,1,0
2243,80,station_25,25,38.164,0.9,0.666,1,0
2243,80,station_28,28,96.269,0.9,0.755,1,0
2244,65,outside,0,0.0,0.0,0.0,0,1
2244,65,station_8,8,95.69,1.25,0.35,1,0
2244,65,station_19,19,118.286,1.25,0.9,1,0
2244,65,station_25,25,60.162,0.9,0.666,1,0
2244,65,station_28,28,7.765,0.9,0.755,1,0
2245,32,outside,0,0.0,0.0,0.0,0,0
2245,32,station_8,8,122.583,1.25,0.35,1,0
2245,32,station_19,19,145.912,1.25,0.9,1,0
2245,32,station_25,25,81.891,0.9,0.666,1,0
2245,32,station_28,28,30.819,0.9,0.755,1,1
2246,9,outside,0,0.0,0.0,0.0,0,1
2246,9,station_8,8,60.179,1.25,0.35,1,0
2246,9,station_19,19,10.891,1.25,0.9,1,0
2246,9,station_25,25,89.553,0.9,0.666,1,0
2246,9,station_28,28,128.538,0.9,0.755,1,0
2247,18,outside,0,0.0,0.0,0.0,0,1
2247,18,station_8,8,57.722,1.25,0.35,1,0
2247,18,station_19,19,85.165,1.25,0.9,1,0
2247,18,station_25,25,54.276,0.9,0.666,1,0
2247,18,station_28,28,34.63,0.9,0.755,1,0
2248,22,outside,0,0.0,0.0,0.0,0,1
2248,22,station_8,8,75.15,1.25,0.35,1,0
2248,22,station_19,19,59.51,1.25,0.9,1,0
2248,22,station_25,25,21.007,0.9,0.666,1,0
2248,22,station_28,28,77.226,0.9,0.755,1,0
2249,40,outside,0,0.0,0.0,0.0,0,1
2249,40,station_8,8,50.28,1.25,0.35,1,0
2249,40,station_19,19,63.179,1.25,0.9,1,0
2249,40,station_25,25,39.841,0.9,0.666,1,0
2249,40,station_28,28,54.545,0.9,0.755,1,0
2250,63,outside,0,0.0,0.0,0.0,0,1
2250,63,station_8,8,30.308,1.25,0.35,1,0
2250,63,station_19,19,74.577,1.25,0.9,1,0
2250,63,station_25,25,78.28,0.9,0.666,1,0
2250,63,station_28,28,64.16,0.9,0.755,1,0
2251,76,outside,0,0.0,0.0,0.0,0,1
2251,76,station_8,8,84.21,1.25,0.35,1,0
2251,76,station_19,19,124.474,1.25,0.9,1,0
2251,76,station_25,25,93.218,0.9,0.666,1,0
2251,76,station_28,28,36.679,0.9,0.755,1,0
2252,64,outside,0,0.0,0.0,0.0,0,0
2252,64,station_8,8,88.473,1.25,0.35,1,0
2252,64,station_19,19,113.427,1.25,0.9,1,0
2252,64,station_25,25,60.627,0.9,0.666,1,0
2252,64,station_28,28,4.372,0.9,0.755,1,1
2253,55,outside,0,0.0,0.0,0.0,0,1
2253,55,station_8,8,70.571,1.25,0.35,1,0
2253,55,station_19,19,22.336,1.25,0.9,1,0
2253,55,station_25,25,98.744,0.9,0.666,1,0
2253,55,station_28,28,139.9,0.9,0.755,1,0
2254,27,outside,0,0.0,0.0,0.0,0,1
2254,27,station_8,8,83.882,1.25,0.35,1,0
2254,27,station_19,19,95.907,1.25,0.9,1,0
2254,27,station_25,25,33.242,0.9,0.666,1,0
2254,27,station_28,28,31.308,0.9,0.755,1,0
2255,68,outside,0,0.0,0.0,0.0,0,1
2255,68,station_8,8,30.047,1.25,0.35,1,0
2255,68,station_19,19,72.698,1.25,0.9,1,0
2255,68,station_25,25,75.575,0.9,0.666,1,0
2255,68,station_28,28,63.183,0.9,0.755,1,0
2256,58,outside,0,0.0,0.0,0.0,0,1
2256,58,station_8,8,70.988,1.25,0.35,1,0
2256,58,station_19,19,46.308,1.25,0.9,1,0
2256,58,station_25,25,35.817,0.9,0.666,1,0
2256,58,station_28,28,89.487,0.9,0.755,1,0
2257,28,outside,0,0.0,0.0,0.0,0,1
2257,28,station_8,8,45.893,1.25,0.35,1,0
2257,28,station_19,19,17.858,1.25,0.9,1,0
2257,28,station_25,25,63.65,0.9,0.666,1,0
2257,28,station_28,28,100.112,0.9,0.755,1,0
2258,53,outside,0,0.0,0.0,0.0,0,1
2258,53,station_8,8,107.748,1.25,0.35,1,0
2258,53,station_19,19,153.115,1.25,0.9,1,0
2258,53,station_25,25,125.618,0.9,0.666,1,0
2258,53,station_28,28,65.388,0.9,0.755,1,0
2259,22,outside,0,0.0,0.0,0.0,0,1
2259,22,station_8,8,75.15,1.25,0.35,1,0
2259,22,station_19,19,59.51,1.25,0.9,1,0
2259,22,station_25,25,21.007,0.9,0.666,1,0
2259,22,station_28,28,77.226,0.9,0.755,1,0
2260,24,outside,0,0.0,0.0,0.0,0,1
2260,24,station_8,8,59.502,1.25,0.35,1,0
2260,24,station_19,19,71.183,1.25,0.9,1,0
2260,24,station_25,25,33.7,0.9,0.666,1,0
2260,24,station_28,28,47.589,0.9,0.755,1,0
2261,62,outside,0,0.0,0.0,0.0,0,1
2261,62,station_8,8,101.631,1.25,0.35,1,0
2261,62,station_19,19,125.187,1.25,0.9,1,0
2261,62,station_25,25,66.178,0.9,0.666,1,0
2261,62,station_28,28,10.43,0.9,0.755,1,0
2262,43,outside,0,0.0,0.0,0.0,0,1
2262,43,station_8,8,108.193,1.25,0.35,1,0
2262,43,station_19,19,120.051,1.25,0.9,1,0
2262,43,station_25,25,48.125,0.9,0.666,1,0
2262,43,station_28,28,32.62,0.9,0.755,1,0
2263,3,outside,0,0.0,0.0,0.0,0,1
2263,3,station_8,8,66.181,1.25,0.35,1,0
2263,3,station_19,19,106.175,1.25,0.9,1,0
2263,3,station_25,25,81.895,0.9,0.666,1,0
2263,3,station_28,28,37.637,0.9,0.755,1,0
2264,14,outside,0,0.0,0.0,0.0,0,1
2264,14,station_8,8,69.896,1.25,0.35,1,0
2264,14,station_19,19,67.32,1.25,0.9,1,0
2264,14,station_25,25,17.838,0.9,0.666,1,0
2264,14,station_28,28,60.29,0.9,0.755,1,0
2265,31,outside,0,0.0,0.0,0.0,0,1
2265,31,station_8,8,78.215,1.25,0.35,1,0
2265,31,station_19,19,113.719,1.25,0.9,1,0
2265,31,station_25,25,77.83,0.9,0.666,1,0
2265,31,station_28,28,24.111,0.9,0.755,1,0
2266,54,outside,0,0.0,0.0,0.0,0,1
2266,54,station_8,8,62.425,1.25,0.35,1,0
2266,54,station_19,19,108.183,1.25,0.9,1,0
2266,54,station_25,25,94.799,0.9,0.666,1,0
2266,54,station_28,28,53.296,0.9,0.755,1,0
2267,27,outside,0,0.0,0.0,0.0,0,1
2267,27,station_8,8,83.882,1.25,0.35,1,0
2267,27,station_19,19,95.907,1.25,0.9,1,0
2267,27,station_25,25,33.242,0.9,0.666,1,0
2267,27,station_28,28,31.308,0.9,0.755,1,0
2268,41,outside,0,0.0,0.0,0.0,0,1
2268,41,station_8,8,84.6,1.25,0.35,1,0
2268,41,station_19,19,44.709,1.25,0.9,1,0
2268,41,station_25,25,54.471,0.9,0.666,1,0
2268,41,station_28,28,112.197,0.9,0.755,1,0
2269,40,outside,0,0.0,0.0,0.0,0,1
2269,40,station_8,8,50.28,1.25,0.35,1,0
2269,40,station_19,19,63.179,1.25,0.9,1,0
2269,40,station_25,25,39.841,0.9,0.666,1,0
2269,40,station_28,28,54.545,0.9,0.755,1,0
2270,41,outside,0,0.0,0.0,0.0,0,1
2270,41,station_8,8,84.6,1.25,0.35,1,0
2270,41,station_19,19,44.709,1.25,0.9,1,0
2270,41,station_25,25,54.471,0.9,0.666,1,0
2270,41,station_28,28,112.197,0.9,0.755,1,0
2271,58,outside,0,0.0,0.0,0.0,0,1
2271,58,station_8,8,70.988,1.25,0.35,1,0
2271,58,station_19,19,46.308,1.25,0.9,1,0
2271,58,station_25,25,35.817,0.9,0.666,1,0
2271,58,station_28,28,89.487,0.9,0.755,1,0
2272,24,outside,0,0.0,0.0,0.0,0,1
2272,24,station_8,8,59.502,1.25,0.35,1,0
2272,24,station_19,19,71.183,1.25,0.9,1,0
2272,24,station_25,25,33.7,0.9,0.666,1,0
2272,24,station_28,28,47.589,0.9,0.755,1,0
2273,7,outside,0,0.0,0.0,0.0,0,1
2273,7,station_8,8,85.244,1.25,0.35,1,0
2273,7,station_19,19,55.162,1.25,0.9,1,0
2273,7,station_25,25,37.637,0.9,0.666,1,0
2273,7,station_28,28,98.08,0.9,0.755,1,0
2274,24,outside,0,0.0,0.0,0.0,0,1
2274,24,station_8,8,59.502,1.25,0.35,1,0
2274,24,station_19,19,71.183,1.25,0.9,1,0
2274,24,station_25,25,33.7,0.9,0.666,1,0
2274,24,station_28,28,47.589,0.9,0.755,1,0
2275,16,outside,0,0.0,0.0,0.0,0,0
2275,16,station_8,8,76.931,1.25,0.35,1,0
2275,16,station_19,19,80.887,1.25,0.9,1,0
2275,16,station_25,25,18.805,0.9,0.666,1,1
2275,16,station_28,28,47.707,0.9,0.755,1,0
2276,17,outside,0,0.0,0.0,0.0,0,1
2276,17,station_8,8,63.784,1.25,0.35,1,0
2276,17,station_19,19,70.418,1.25,0.9,1,0
2276,17,station_25,25,27.153,0.9,0.666,1,0
2276,17,station_28,28,50.824,0.9,0.755,1,0
2277,3,outside,0,0.0,0.0,0.0,0,1
2277,3,station_8,8,66.181,1.25,0.35,1,0
2277,3,station_19,19,106.175,1.25,0.9,1,0
2277,3,station_25,25,81.895,0.9,0.666,1,0
2277,3,station_28,28,37.637,0.9,0.755,1,0
2278,24,outside,0,0.0,0.0,0.0,0,0
2278,24,station_8,8,59.502,1.25,0.35,1,0
2278,24,station_19,19,71.183,1.25,0.9,1,0
2278,24,station_25,25,33.7,0.9,0.666,1,1
2278,24,station_28,28,47.589,0.9,0.755,1,0
2279,80,outside,0,0.0,0.0,0.0,0,1
2279,80,station_8,8,79.716,1.25,0.35,1,0
2279,80,station_19,19,50.2,1.25,0.9,1,0
2279,80,station_25,25,38.164,0.9,0.666,1,0
2279,80,station_28,28,96.269,0.9,0.755,1,0
2280,19,outside,0,0.0,0.0,0.0,0,1
2280,19,station_8,8,135.682,1.25,0.35,1,0
2280,19,station_19,19,169.296,1.25,0.9,1,0
2280,19,station_25,25,115.78,0.9,0.666,1,0
2280,19,station_28,28,53.427,0.9,0.755,1,0
2281,58,outside,0,0.0,0.0,0.0,0,1
2281,58,station_8,8,70.988,1.25,0.35,1,0
2281,58,station_19,19,46.308,1.25,0.9,1,0
2281,58,station_25,25,35.817,0.9,0.666,1,0
2281,58,station_28,28,89.487,0.9,0.755,1,0
2282,5,outside,0,0.0,0.0,0.0,0,1
2282,5,station_8,8,100.125,1.25,0.35,1,0
2282,5,station_19,19,116.708,1.25,0.9,1,0
2282,5,station_25,25,51.061,0.9,0.666,1,0
2282,5,station_28,28,20.857,0.9,0.755,1,0
2283,74,outside,0,0.0,0.0,0.0,0,1
2283,74,station_8,8,32.229,1.25,0.35,1,0
2283,74,station_19,19,75.711,1.25,0.9,1,0
2283,74,station_25,25,77.248,0.9,0.666,1,0
2283,74,station_28,28,62.103,0.9,0.755,1,0
2284,50,outside,0,0.0,0.0,0.0,0,0
2284,50,station_8,8,75.498,1.25,0.35,1,0
2284,50,station_19,19,77.73,1.25,0.9,1,0
2284,50,station_25,25,16.997,0.9,0.666,1,1
2284,50,station_28,28,50.967,0.9,0.755,1,0
2285,59,outside,0,0.0,0.0,0.0,0,1
2285,59,station_8,8,101.758,1.25,0.35,1,0
2285,59,station_19,19,111.107,1.25,0.9,1,0
2285,59,station_25,25,38.654,0.9,0.666,1,0
2285,59,station_28,28,35.203,0.9,0.755,1,0
2286,68,outside,0,0.0,0.0,0.0,0,1
2286,68,station_8,8,30.047,1.25,0.35,1,0
2286,68,station_19,19,72.698,1.25,0.9,1,0
2286,68,station_25,25,75.575,0.9,0.666,1,0
2286,68,station_28,28,63.183,0.9,0.755,1,0
2287,34,outside,0,0.0,0.0,0.0,0,1
2287,34,station_8,8,35.693,1.25,0.35,1,0
2287,34,station_19,19,36.459,1.25,0.9,1,0
2287,34,station_25,25,104.209,0.9,0.666,1,0
2287,34,station_28,28,123.909,0.9,0.755,1,0
2288,7,outside,0,0.0,0.0,0.0,0,1
2288,7,station_8,8,85.244,1.25,0.35,1,0
2288,7,station_19,19,55.162,1.25,0.9,1,0
2288,7,station_25,25,37.637,0.9,0.666,1,0
2288,7,station_28,28,98.08,0.9,0.755,1,0
2289,46,outside,0,0.0,0.0,0.0,0,1
2289,46,station_8,8,50.091,1.25,0.35,1,0
2289,46,station_19,19,85.489,1.25,0.9,1,0
2289,46,station_25,25,66.439,0.9,0.666,1,0
2289,46,station_28,28,42.432,0.9,0.755,1,0
2290,46,outside,0,0.0,0.0,0.0,0,1
2290,46,station_8,8,50.091,1.25,0.35,1,0
2290,46,station_19,19,85.489,1.25,0.9,1,0
2290,46,station_25,25,66.439,0.9,0.666,1,0
2290,46,station_28,28,42.432,0.9,0.755,1,0
2291,77,outside,0,0.0,0.0,0.0,0,1
2291,77,station_8,8,15.566,1.25,0.35,1,0
2291,77,station_19,19,38.912,1.25,0.9,1,0
2291,77,station_25,25,76.359,0.9,0.666,1,0
2291,77,station_28,28,90.868,0.9,0.755,1,0
2292,57,outside,0,0.0,0.0,0.0,0,0
2292,57,station_8,8,83.823,1.25,0.35,1,0
2292,57,station_19,19,81.369,1.25,0.9,1,0
2292,57,station_25,25,8.476,0.9,0.666,1,1
2292,57,station_28,28,56.282,0.9,0.755,1,0
2293,8,outside,0,0.0,0.0,0.0,0,1
2293,8,station_8,8,4.571,1.25,0.35,1,0
2293,8,station_19,19,49.873,1.25,0.9,1,0
2293,8,station_25,25,83.221,0.9,0.666,1,0
2293,8,station_28,28,89.191,0.9,0.755,1,0
2294,67,outside,0,0.0,0.0,0.0,0,1
2294,67,station_8,8,75.235,1.25,0.35,1,0
2294,67,station_19,19,63.443,1.25,0.9,1,0
2294,67,station_25,25,16.514,0.9,0.666,1,0
2294,67,station_28,28,71.834,0.9,0.755,1,0
2295,1,outside,0,0.0,0.0,0.0,0,1
2295,1,station_8,8,70.31,1.25,0.35,1,0
2295,1,station_19,19,20.578,1.25,0.9,1,0
2295,1,station_25,25,73.376,0.9,0.666,1,0
2295,1,station_28,28,121.38,0.9,0.755,1,0
2296,16,outside,0,0.0,0.0,0.0,0,0
2296,16,station_8,8,76.931,1.25,0.35,1,0
2296,16,station_19,19,80.887,1.25,0.9,1,0
2296,16,station_25,25,18.805,0.9,0.666,1,1
2296,16,station_28,28,47.707,0.9,0.755,1,0
2297,31,outside,0,0.0,0.0,0.0,0,1
2297,31,station_8,8,78.215,1.25,0.35,1,0
2297,31,station_19,19,113.719,1.25,0.9,1,0
2297,31,station_25,25,77.83,0.9,0.666,1,0
2297,31,station_28,28,24.111,0.9,0.755,1,0
2298,69,outside,0,0.0,0.0,0.0,0,1
2298,69,station_8,8,146.654,1.25,0.35,1,0
2298,69,station_19,19,170.447,1.25,0.9,1,0
2298,69,station_25,25,103.682,0.9,0.666,1,0
2298,69,station_28,28,55.049,0.9,0.755,1,0
2299,75,outside,0,0.0,0.0,0.0,0,1
2299,75,station_8,8,75.194,1.25,0.35,1,0
2299,75,station_19,19,33.56,1.25,0.9,1,0
2299,75,station_25,25,112.096,0.9,0.666,1,0
2299,75,station_28,28,150.687,0.9,0.755,1,0
2300,48,outside,0,0.0,0.0,0.0,0,0
2300,48,station_8,8,60.151,1.25,0.35,1,0
2300,48,station_19,19,7.649,1.25,0.9,1,1
2300,48,station_25,25,80.4,0.9,0.666,1,0
2300,48,station_28,28,121.872,0.9,0.755,1,0
2301,14,outside,0,0.0,0.0,0.0,0,1
2301,14,station_8,8,69.896,1.25,0.35,1,0
2301,14,station_19,19,67.32,1.25,0.9,1,0
2301,14,station_25,25,17.838,0.9,0.666,1,0
2301,14,station_28,28,60.29,0.9,0.755,1,0
2302,6,outside,0,0.0,0.0,0.0,0,1
2302,6,station_8,8,98.145,1.25,0.35,1,0
2302,6,station_19,19,113.947,1.25,0.9,1,0
2302,6,station_25,25,48.196,0.9,0.666,1,0
2302,6,station_28,28,21.955,0.9,0.755,1,0
2303,66,outside,0,0.0,0.0,0.0,0,1
2303,66,station_8,8,130.066,1.25,0.35,1,0
2303,66,station_19,19,166.347,1.25,0.9,1,0
2303,66,station_25,25,117.664,0.9,0.666,1,0
2303,66,station_28,28,53.6,0.9,0.755,1,0
2304,28,outside,0,0.0,0.0,0.0,0,1
2304,28,station_8,8,45.893,1.25,0.35,1,0
2304,28,station_19,19,17.858,1.25,0.9,1,0
2304,28,station_25,25,63.65,0.9,0.666,1,0
2304,28,station_28,28,100.112,0.9,0.755,1,0
2305,24,outside,0,0.0,0.0,0.0,0,1
2305,24,station_8,8,59.502,1.25,0.35,1,0
2305,24,station_19,19,71.183,1.25,0.9,1,0
2305,24,station_25,25,33.7,0.9,0.666,1,0
2305,24,station_28,28,47.589,0.9,0.755,1,0
2306,25,outside,0,0.0,0.0,0.0,0,1
2306,25,station_8,8,71.642,1.25,0.35,1,0
2306,25,station_19,19,19.049,1.25,0.9,1,0
2306,25,station_25,25,85.268,0.9,0.666,1,0
2306,25,station_28,28,130.958,0.9,0.755,1,0
2307,58,outside,0,0.0,0.0,0.0,0,1
2307,58,station_8,8,70.988,1.25,0.35,1,0
2307,58,station_19,19,46.308,1.25,0.9,1,0
2307,58,station_25,25,35.817,0.9,0.666,1,0
2307,58,station_28,28,89.487,0.9,0.755,1,0
2308,45,outside,0,0.0,0.0,0.0,0,0
2308,45,station_8,8,106.32,1.25,0.35,1,0
2308,45,station_19,19,130.298,1.25,0.9,1,0
2308,45,station_25,25,70.449,0.9,0.666,1,0
2308,45,station_28,28,14.633,0.9,0.755,1,1
2309,17,outside,0,0.0,0.0,0.0,0,1
2309,17,station_8,8,63.784,1.25,0.35,1,0
2309,17,station_19,19,70.418,1.25,0.9,1,0
2309,17,station_25,25,27.153,0.9,0.666,1,0
2309,17,station_28,28,50.824,0.9,0.755,1,0
2310,50,outside,0,0.0,0.0,0.0,0,1
2310,50,station_8,8,75.498,1.25,0.35,1,0
2310,50,station_19,19,77.73,1.25,0.9,1,0
2310,50,station_25,25,16.997,0.9,0.666,1,0
2310,50,station_28,28,50.967,0.9,0.755,1,0
2311,74,outside,0,0.0,0.0,0.0,0,1
2311,74,station_8,8,32.229,1.25,0.35,1,0
2311,74,station_19,19,75.711,1.25,0.9,1,0
2311,74,station_25,25,77.248,0.9,0.666,1,0
2311,74,station_28,28,62.103,0.9,0.755,1,0
2312,78,outside,0,0.0,0.0,0.0,0,1
2312,78,station_8,8,85.507,1.25,0.35,1,0
2312,78,station_19,19,51.361,1.25,0.9,1,0
2312,78,station_25,25,44.406,0.9,0.666,1,0
2312,78,station_28,28,104.032,0.9,0.755,1,0
2313,3,outside,0,0.0,0.0,0.0,0,1
2313,3,station_8,8,66.181,1.25,0.35,1,0
2313,3,station_19,19,106.175,1.25,0.9,1,0
2313,3,station_25,25,81.895,0.9,0.666,1,0
2313,3,station_28,28,37.637,0.9,0.755,1,0
2314,71,outside,0,0.0,0.0,0.0,0,0
2314,71,station_8,8,58.007,1.25,0.35,1,0
2314,71,station_19,19,24.109,1.25,0.9,1,1
2314,71,station_25,25,103.797,0.9,0.666,1,0
2314,71,station_28,28,136.758,0.9,0.755,1,0
2315,22,outside,0,0.0,0.0,0.0,0,1
2315,22,station_8,8,75.15,1.25,0.35,1,0
2315,22,station_19,19,59.51,1.25,0.9,1,0
2315,22,station_25,25,21.007,0.9,0.666,1,0
2315,22,station_28,28,77.226,0.9,0.755,1,0
2316,43,outside,0,0.0,0.0,0.0,0,1
2316,43,station_8,8,108.193,1.25,0.35,1,0
2316,43,station_19,19,120.051,1.25,0.9,1,0
2316,43,station_25,25,48.125,0.9,0.666,1,0
2316,43,station_28,28,32.62,0.9,0.755,1,0
2317,28,outside,0,0.0,0.0,0.0,0,1
2317,28,station_8,8,45.893,1.25,0.35,1,0
2317,28,station_19,19,17.858,1.25,0.9,1,0
2317,28,station_25,25,63.65,0.9,0.666,1,0
2317,28,station_28,28,100.112,0.9,0.755,1,0
2318,24,outside,0,0.0,0.0,0.0,0,1
2318,24,station_8,8,59.502,1.25,0.35,1,0
2318,24,station_19,19,71.183,1.25,0.9,1,0
2318,24,station_25,25,33.7,0.9,0.666,1,0
2318,24,station_28,28,47.589,0.9,0.755,1,0
2319,33,outside,0,0.0,0.0,0.0,0,1
2319,33,station_8,8,102.404,1.25,0.35,1,0
2319,33,station_19,19,53.528,1.25,0.9,1,0
2319,33,station_25,25,79.257,0.9,0.666,1,0
2319,33,station_28,28,138.237,0.9,0.755,1,0
2320,8,outside,0,0.0,0.0,0.0,0,1
2320,8,station_8,8,4.571,1.25,0.35,1,0
2320,8,station_19,19,49.873,1.25,0.9,1,0
2320,8,station_25,25,83.221,0.9,0.666,1,0
2320,8,station_28,28,89.191,0.9,0.755,1,0
2321,65,outside,0,0.0,0.0,0.0,0,1
2321,65,station_8,8,95.69,1.25,0.35,1,0
2321,65,station_19,19,118.286,1.25,0.9,1,0
2321,65,station_25,25,60.162,0.9,0.666,1,0
2321,65,station_28,28,7.765,0.9,0.755,1,0
2322,79,outside,0,0.0,0.0,0.0,0,0
2322,79,station_8,8,99.13,1.25,0.35,1,0
2322,79,station_19,19,126.347,1.25,0.9,1,0
2322,79,station_25,25,72.25,0.9,0.666,1,0
2322,79,station_28,28,8.805,0.9,0.755,1,1
2323,28,outside,0,0.0,0.0,0.0,0,1
2323,28,station_8,8,45.893,1.25,0.35,1,0
2323,28,station_19,19,17.858,1.25,0.9,1,0
2323,28,station_25,25,63.65,0.9,0.666,1,0
2323,28,station_28,28,100.112,0.9,0.755,1,0
2324,10,outside,0,0.0,0.0,0.0,0,1
2324,10,station_8,8,39.742,1.25,0.35,1,0
2324,10,station_19,19,76.751,1.25,0.9,1,0
2324,10,station_25,25,67.733,0.9,0.666,1,0
2324,10,station_28,28,52.375,0.9,0.755,1,0
2325,42,outside,0,0.0,0.0,0.0,0,0
2325,42,station_8,8,67.43,1.25,0.35,1,0
2325,42,station_19,19,14.888,1.25,0.9,1,1
2325,42,station_25,25,85.138,0.9,0.666,1,0
2325,42,station_28,28,128.906,0.9,0.755,1,0
2326,10,outside,0,0.0,0.0,0.0,0,1
2326,10,station_8,8,39.742,1.25,0.35,1,0
2326,10,station_19,19,76.751,1.25,0.9,1,0
2326,10,station_25,25,67.733,0.9,0.666,1,0
2326,10,station_28,28,52.375,0.9,0.755,1,0
2327,20,outside,0,0.0,0.0,0.0,0,1
2327,20,station_8,8,125.682,1.25,0.35,1,0
2327,20,station_19,19,154.077,1.25,0.9,1,0
2327,20,station_25,25,95.28,0.9,0.666,1,0
2327,20,station_28,28,36.427,0.9,0.755,1,0
2328,18,outside,0,0.0,0.0,0.0,0,0
2328,18,station_8,8,57.722,1.25,0.35,1,0
2328,18,station_19,19,85.165,1.25,0.9,1,0
2328,18,station_25,25,54.276,0.9,0.666,1,0
2328,18,station_28,28,34.63,0.9,0.755,1,1
2329,50,outside,0,0.0,0.0,0.0,0,0
2329,50,station_8,8,75.498,1.25,0.35,1,0
2329,50,station_19,19,77.73,1.25,0.9,1,0
2329,50,station_25,25,16.997,0.9,0.666,1,1
2329,50,station_28,28,50.967,0.9,0.755,1,0
2330,19,outside,0,0.0,0.0,0.0,0,1
2330,19,station_8,8,135.682,1.25,0.35,1,0
2330,19,station_19,19,169.296,1.25,0.9,1,0
2330,19,station_25,25,115.78,0.9,0.666,1,0
2330,19,station_28,28,53.427,0.9,0.755,1,0
2331,77,outside,0,0.0,0.0,0.0,0,1
2331,77,station_8,8,15.566,1.25,0.35,1,0
2331,77,station_19,19,38.912,1.25,0.9,1,0
2331,77,station_25,25,76.359,0.9,0.666,1,0
2331,77,station_28,28,90.868,0.9,0.755,1,0
2332,17,outside,0,0.0,0.0,0.0,0,1
2332,17,station_8,8,63.784,1.25,0.35,1,0
2332,17,station_19,19,70.418,1.25,0.9,1,0
2332,17,station_25,25,27.153,0.9,0.666,1,0
2332,17,station_28,28,50.824,0.9,0.755,1,0
2333,10,outside,0,0.0,0.0,0.0,0,1
2333,10,station_8,8,39.742,1.25,0.35,1,0
2333,10,station_19,19,76.751,1.25,0.9,1,0
2333,10,station_25,25,67.733,0.9,0.666,1,0
2333,10,station_28,28,52.375,0.9,0.755,1,0
2334,50,outside,0,0.0,0.0,0.0,0,0
2334,50,station_8,8,75.498,1.25,0.35,1,0
2334,50,station_19,19,77.73,1.25,0.9,1,0
2334,50,station_25,25,16.997,0.9,0.666,1,1
2334,50,station_28,28,50.967,0.9,0.755,1,0
2335,48,outside,0,0.0,0.0,0.0,0,0
2335,48,station_8,8,60.151,1.25,0.35,1,0
2335,48,station_19,19,7.649,1.25,0.9,1,1
2335,48,station_25,25,80.4,0.9,0.666,1,0
2335,48,station_28,28,121.872,0.9,0.755,1,0
2336,65,outside,0,0.0,0.0,0.0,0,0
2336,65,station_8,8,95.69,1.25,0.35,1,0
2336,65,station_19,19,118.286,1.25,0.9,1,0
2336,65,station_25,25,60.162,0.9,0.666,1,0
2336,65,station_28,28,7.765,0.9,0.755,1,1
2337,5,outside,0,0.0,0.0,0.0,0,1
2337,5,station_8,8,100.125,1.25,0.35,1,0
2337,5,station_19,19,116.708,1.25,0.9,1,0
2337,5,station_25,25,51.061,0.9,0.666,1,0
2337,5,station_28,28,20.857,0.9,0.755,1,0
2338,18,outside,0,0.0,0.0,0.0,0,1
2338,18,station_8,8,57.722,1.25,0.35,1,0
2338,18,station_19,19,85.165,1.25,0.9,1,0
2338,18,station_25,25,54.276,0.9,0.666,1,0
2338,18,station_28,28,34.63,0.9,0.755,1,0
2339,17,outside,0,0.0,0.0,0.0,0,1
2339,17,station_8,8,63.784,1.25,0.35,1,0
2339,17,station_19,19,70.418,1.25,0.9,1,0
2339,17,station_25,25,27.153,0.9,0.666,1,0
2339,17,station_28,28,50.824,0.9,0.755,1,0
2340,38,outside,0,0.0,0.0,0.0,0,1
2340,38,station_8,8,122.799,1.25,0.35,1,0
2340,38,station_19,19,142.992,1.25,0.9,1,0
2340,38,station_25,25,75.759,0.9,0.666,1,0
2340,38,station_28,28,32.057,0.9,0.755,1,0
2341,44,outside,0,0.0,0.0,0.0,0,1
2341,44,station_8,8,109.761,1.25,0.35,1,0
2341,44,station_19,19,154.467,1.25,0.9,1,0
2341,44,station_25,25,125.06,0.9,0.666,1,0
2341,44,station_28,28,63.989,0.9,0.755,1,0
2342,40,outside,0,0.0,0.0,0.0,0,1
2342,40,station_8,8,50.28,1.25,0.35,1,0
2342,40,station_19,19,63.179,1.25,0.9,1,0
2342,40,station_25,25,39.841,0.9,0.666,1,0
2342,40,station_28,28,54.545,0.9,0.755,1,0
2343,60,outside,0,0.0,0.0,0.0,0,1
2343,60,station_8,8,90.016,1.25,0.35,1,0
2343,60,station_19,19,37.449,1.25,0.9,1,0
2343,60,station_25,25,92.489,0.9,0.666,1,0
2343,60,station_28,28,144.031,0.9,0.755,1,0
2344,73,outside,0,0.0,0.0,0.0,0,1
2344,73,station_8,8,135.206,1.25,0.35,1,0
2344,73,station_19,19,154.215,1.25,0.9,1,0
2344,73,station_25,25,84.187,0.9,0.666,1,0
2344,73,station_28,28,44.458,0.9,0.755,1,0
2345,56,outside,0,0.0,0.0,0.0,0,1
2345,56,station_8,8,65.404,1.25,0.35,1,0
2345,56,station_19,19,111.818,1.25,0.9,1,0
2345,56,station_25,25,98.529,0.9,0.666,1,0
2345,56,station_28,28,55.292,0.9,0.755,1,0
2346,57,outside,0,0.0,0.0,0.0,0,0
2346,57,station_8,8,83.823,1.25,0.35,1,0
2346,57,station_19,19,81.369,1.25,0.9,1,0
2346,57,station_25,25,8.476,0.9,0.666,1,1
2346,57,station_28,28,56.282,0.9,0.755,1,0
2347,3,outside,0,0.0,0.0,0.0,0,1
2347,3,station_8,8,66.181,1.25,0.35,1,0
2347,3,station_19,19,106.175,1.25,0.9,1,0
2347,3,station_25,25,81.895,0.9,0.666,1,0
2347,3,station_28,28,37.637,0.9,0.755,1,0
2348,25,outside,0,0.0,0.0,0.0,0,1
2348,25,station_8,8,71.642,1.25,0.35,1,0
2348,25,station_19,19,19.049,1.25,0.9,1,0
2348,25,station_25,25,85.268,0.9,0.666,1,0
2348,25,station_28,28,130.958,0.9,0.755,1,0
2349,31,outside,0,0.0,0.0,0.0,0,1
2349,31,station_8,8,78.215,1.25,0.35,1,0
2349,31,station_19,19,113.719,1.25,0.9,1,0
2349,31,station_25,25,77.83,0.9,0.666,1,0
2349,31,station_28,28,24.111,0.9,0.755,1,0
2350,37,outside,0,0.0,0.0,0.0,0,1
2350,37,station_8,8,68.494,1.25,0.35,1,0
2350,37,station_19,19,27.417,1.25,0.9,1,0
2350,37,station_25,25,59.272,0.9,0.666,1,0
2350,37,station_28,28,109.137,0.9,0.755,1,0
2351,61,outside,0,0.0,0.0,0.0,0,1
2351,61,station_8,8,84.684,1.25,0.35,1,0
2351,61,station_19,19,32.123,1.25,0.9,1,0
2351,61,station_25,25,92.771,0.9,0.666,1,0
2351,61,station_28,28,142.075,0.9,0.755,1,0
2352,5,outside,0,0.0,0.0,0.0,0,1
2352,5,station_8,8,100.125,1.25,0.35,1,0
2352,5,station_19,19,116.708,1.25,0.9,1,0
2352,5,station_25,25,51.061,0.9,0.666,1,0
2352,5,station_28,28,20.857,0.9,0.755,1,0
2353,54,outside,0,0.0,0.0,0.0,0,1
2353,54,station_8,8,62.425,1.25,0.35,1,0
2353,54,station_19,19,108.183,1.25,0.9,1,0
2353,54,station_25,25,94.799,0.9,0.666,1,0
2353,54,station_28,28,53.296,0.9,0.755,1,0
2354,64,outside,0,0.0,0.0,0.0,0,0
2354,64,station_8,8,88.473,1.25,0.35,1,0
2354,64,station_19,19,113.427,1.25,0.9,1,0
2354,64,station_25,25,60.627,0.9,0.666,1,0
2354,64,station_28,28,4.372,0.9,0.755,1,1
2355,42,outside,0,0.0,0.0,0.0,0,0
2355,42,station_8,8,67.43,1.25,0.35,1,0
2355,42,station_19,19,14.888,1.25,0.9,1,1
2355,42,station_25,25,85.138,0.9,0.666,1,0
2355,42,station_28,28,128.906,0.9,0.755,1,0
2356,4,outside,0,0.0,0.0,0.0,0,1
2356,4,station_8,8,123.283,1.25,0.35,1,0
2356,4,station_19,19,160.772,1.25,0.9,1,0
2356,4,station_25,25,115.162,0.9,0.666,1,0
2356,4,station_28,28,50.64,0.9,0.755,1,0
2357,65,outside,0,0.0,0.0,0.0,0,1
2357,65,station_8,8,95.69,1.25,0.35,1,0
2357,65,station_19,19,118.286,1.25,0.9,1,0
2357,65,station_25,25,60.162,0.9,0.666,1,0
2357,65,station_28,28,7.765,0.9,0.755,1,0
2358,58,outside,0,0.0,0.0,0.0,0,0
2358,58,station_8,8,70.988,1.25,0.35,1,0
2358,58,station_19,19,46.308,1.25,0.9,1,0
2358,58,station_25,25,35.817,0.9,0.666,1,1
2358,58,station_28,28,89.487,0.9,0.755,1,0
2359,38,outside,0,0.0,0.0,0.0,0,1
2359,38,station_8,8,122.799,1.25,0.35,1,0
2359,38,station_19,19,142.992,1.25,0.9,1,0
2359,38,station_25,25,75.759,0.9,0.666,1,0
2359,38,station_28,28,32.057,0.9,0.755,1,0
2360,9,outside,0,0.0,0.0,0.0,0,0
2360,9,station_8,8,60.179,1.25,0.35,1,0
2360,9,station_19,19,10.891,1.25,0.9,1,1
2360,9,station_25,25,89.553,0.9,0.666,1,0
2360,9,station_28,28,128.538,0.9,0.755,1,0
2361,27,outside,0,0.0,0.0,0.0,0,1
2361,27,station_8,8,83.882,1.25,0.35,1,0
2361,27,station_19,19,95.907,1.25,0.9,1,0
2361,27,station_25,25,33.242,0.9,0.666,1,0
2361,27,station_28,28,31.308,0.9,0.755,1,0
2362,73,outside,0,0.0,0.0,0.0,0,1
2362,73,station_8,8,135.206,1.25,0.35,1,0
2362,73,station_19,19,154.215,1.25,0.9,1,0
2362,73,station_25,25,84.187,0.9,0.666,1,0
2362,73,station_28,28,44.458,0.9,0.755,1,0
2363,72,outside,0,0.0,0.0,0.0,0,1
2363,72,station_8,8,108.042,1.25,0.35,1,0
2363,72,station_19,19,129.488,1.25,0.9,1,0
2363,72,station_25,25,66.488,0.9,0.666,1,0
2363,72,station_28,28,17.792,0.9,0.755,1,0
2364,7,outside,0,0.0,0.0,0.0,0,1
2364,7,station_8,8,85.244,1.25,0.35,1,0
2364,7,station_19,19,55.162,1.25,0.9,1,0
2364,7,station_25,25,37.637,0.9,0.666,1,0
2364,7,station_28,28,98.08,0.9,0.755,1,0
2365,79,outside,0,0.0,0.0,0.0,0,0
2365,79,station_8,8,99.13,1.25,0.35,1,0
2365,79,station_19,19,126.347,1.25,0.9,1,0
2365,79,station_25,25,72.25,0.9,0.666,1,0
2365,79,station_28,28,8.805,0.9,0.755,1,1
2366,49,outside,0,0.0,0.0,0.0,0,1
2366,49,station_8,8,135.961,1.25,0.35,1,0
2366,49,station_19,19,172.569,1.25,0.9,1,0
2366,49,station_25,25,123.496,0.9,0.666,1,0
2366,49,station_28,28,59.633,0.9,0.755,1,0
2367,41,outside,0,0.0,0.0,0.0,0,1
2367,41,station_8,8,84.6,1.25,0.35,1,0
2367,41,station_19,19,44.709,1.25,0.9,1,0
2367,41,station_25,25,54.471,0.9,0.666,1,0
2367,41,station_28,28,112.197,0.9,0.755,1,0
2368,74,outside,0,0.0,0.0,0.0,0,1
2368,74,station_8,8,32.229,1.25,0.35,1,0
2368,74,station_19,19,75.711,1.25,0.9,1,0
2368,74,station_25,25,77.248,0.9,0.666,1,0
2368,74,station_28,28,62.103,0.9,0.755,1,0
2369,20,outside,0,0.0,0.0,0.0,0,1
2369,20,station_8,8,125.682,1.25,0.35,1,0
2369,20,station_19,19,154.077,1.25,0.9,1,0
2369,20,station_25,25,95.28,0.9,0.666,1,0
2369,20,station_28,28,36.427,0.9,0.755,1,0
2370,57,outside,0,0.0,0.0,0.0,0,0
2370,57,station_8,8,83.823,1.25,0.35,1,0
2370,57,station_19,19,81.369,1.25,0.9,1,0
2370,57,station_25,25,8.476,0.9,0.666,1,1
2370,57,station_28,28,56.282,0.9,0.755,1,0
2371,77,outside,0,0.0,0.0,0.0,0,1
2371,77,station_8,8,15.566,1.25,0.35,1,0
2371,77,station_19,19,38.912,1.25,0.9,1,0
2371,77,station_25,25,76.359,0.9,0.666,1,0
2371,77,station_28,28,90.868,0.9,0.755,1,0
2372,1,outside,0,0.0,0.0,0.0,0,1
2372,1,station_8,8,70.31,1.25,0.35,1,0
2372,1,station_19,19,20.578,1.25,0.9,1,0
2372,1,station_25,25,73.376,0.9,0.666,1,0
2372,1,station_28,28,121.38,0.9,0.755,1,0
2373,39,outside,0,0.0,0.0,0.0,0,1
2373,39,station_8,8,57.569,1.25,0.35,1,0
2373,39,station_19,19,15.638,1.25,0.9,1,0
2373,39,station_25,25,95.59,0.9,0.666,1,0
2373,39,station_28,28,131.33,0.9,0.755,1,0
2374,54,outside,0,0.0,0.0,0.0,0,1
2374,54,station_8,8,62.425,1.25,0.35,1,0
2374,54,station_19,19,108.183,1.25,0.9,1,0
2374,54,station_25,25,94.799,0.9,0.666,1,0
2374,54,station_28,28,53.296,0.9,0.755,1,0
2375,17,outside,0,0.0,0.0,0.0,0,1
2375,17,station_8,8,63.784,1.25,0.35,1,0
2375,17,station_19,19,70.418,1.25,0.9,1,0
2375,17,station_25,25,27.153,0.9,0.666,1,0
2375,17,station_28,28,50.824,0.9,0.755,1,0
2376,32,outside,0,0.0,0.0,0.0,0,1
2376,32,station_8,8,122.583,1.25,0.35,1,0
2376,32,station_19,19,145.912,1.25,0.9,1,0
2376,32,station_25,25,81.891,0.9,0.666,1,0
2376,32,station_28,28,30.819,0.9,0.755,1,0
2377,67,outside,0,0.0,0.0,0.0,0,1
2377,67,station_8,8,75.235,1.25,0.35,1,0
2377,67,station_19,19,63.443,1.25,0.9,1,0
2377,67,station_25,25,16.514,0.9,0.666,1,0
2377,67,station_28,28,71.834,0.9,0.755,1,0
2378,69,outside,0,0.0,0.0,0.0,0,1
2378,69,station_8,8,146.654,1.25,0.35,1,0
2378,69,station_19,19,170.447,1.25,0.9,1,0
2378,69,station_25,25,103.682,0.9,0.666,1,0
2378,69,station_28,28,55.049,0.9,0.755,1,0
2379,28,outside,0,0.0,0.0,0.0,0,0
2379,28,station_8,8,45.893,1.25,0.35,1,0
2379,28,station_19,19,17.858,1.25,0.9,1,1
2379,28,station_25,25,63.65,0.9,0.666,1,0
2379,28,station_28,28,100.112,0.9,0.755,1,0
2380,8,outside,0,0.0,0.0,0.0,0,0
2380,8,station_8,8,4.571,1.25,0.35,1,1
2380,8,station_19,19,49.873,1.25,0.9,1,0
2380,8,station_25,25,83.221,0.9,0.666,1,0
2380,8,station_28,28,89.191,0.9,0.755,1,0
2381,45,outside,0,0.0,0.0,0.0,0,1
2381,45,station_8,8,106.32,1.25,0.35,1,0
2381,45,station_19,19,130.298,1.25,0.9,1,0
2381,45,station_25,25,70.449,0.9,0.666,1,0
2381,45,station_28,28,14.633,0.9,0.755,1,0
2382,31,outside,0,0.0,0.0,0.0,0,1
2382,31,station_8,8,78.215,1.25,0.35,1,0
2382,31,station_19,19,113.719,1.25,0.9,1,0
2382,31,station_25,25,77.83,0.9,0.666,1,0
2382,31,station_28,28,24.111,0.9,0.755,1,0
2383,57,outside,0,0.0,0.0,0.0,0,1
2383,57,station_8,8,83.823,1.25,0.35,1,0
2383,57,station_19,19,81.369,1.25,0.9,1,0
2383,57,station_25,25,8.476,0.9,0.666,1,0
2383,57,station_28,28,56.282,0.9,0.755,1,0
2384,58,outside,0,0.0,0.0,0.0,0,1
2384,58,station_8,8,70.988,1.25,0.35,1,0
2384,58,station_19,19,46.308,1.25,0.9,1,0
2384,58,station_25,25,35.817,0.9,0.666,1,0
2384,58,station_28,28,89.487,0.9,0.755,1,0
2385,40,outside,0,0.0,0.0,0.0,0,1
2385,40,station_8,8,50.28,1.25,0.35,1,0
2385,40,station_19,19,63.179,1.25,0.9,1,0
2385,40,station_25,25,39.841,0.9,0.666,1,0
2385,40,station_28,28,54.545,0.9,0.755,1,0
2386,16,outside,0,0.0,0.0,0.0,0,1
2386,16,station_8,8,76.931,1.25,0.35,1,0
2386,16,station_19,19,80.887,1.25,0.9,1,0
2386,16,station_25,25,18.805,0.9,0.666,1,0
2386,16,station_28,28,47.707,0.9,0.755,1,0
2387,46,outside,0,0.0,0.0,0.0,0,1
2387,46,station_8,8,50.091,1.25,0.35,1,0
2387,46,station_19,19,85.489,1.25,0.9,1,0
2387,46,station_25,25,66.439,0.9,0.666,1,0
2387,46,station_28,28,42.432,0.9,0.755,1,0
2388,16,outside,0,0.0,0.0,0.0,0,1
2388,16,station_8,8,76.931,1.25,0.35,1,0
2388,16,station_19,19,80.887,1.25,0.9,1,0
2388,16,station_25,25,18.805,0.9,0.666,1,0
2388,16,station_28,28,47.707,0.9,0.755,1,0
2389,37,outside,0,0.0,0.0,0.0,0,1
2389,37,station_8,8,68.494,1.25,0.35,1,0
2389,37,station_19,19,27.417,1.25,0.9,1,0
2389,37,station_25,25,59.272,0.9,0.666,1,0
2389,37,station_28,28,109.137,0.9,0.755,1,0
2390,13,outside,0,0.0,0.0,0.0,0,0
2390,13,station_8,8,26.846,1.25,0.35,1,0
2390,13,station_19,19,29.228,1.25,0.9,1,1
2390,13,station_25,25,89.473,0.9,0.666,1,0
2390,13,station_28,28,110.088,0.9,0.755,1,0
2391,45,outside,0,0.0,0.0,0.0,0,1
2391,45,station_8,8,106.32,1.25,0.35,1,0
2391,45,station_19,19,130.298,1.25,0.9,1,0
2391,45,station_25,25,70.449,0.9,0.666,1,0
2391,45,station_28,28,14.633,0.9,0.755,1,0
2392,61,outside,0,0.0,0.0,0.0,0,1
2392,61,station_8,8,84.684,1.25,0.35,1,0
2392,61,station_19,19,32.123,1.25,0.9,1,0
2392,61,station_25,25,92.771,0.9,0.666,1,0
2392,61,station_28,28,142.075,0.9,0.755,1,0
2393,57,outside,0,0.0,0.0,0.0,0,1
2393,57,station_8,8,83.823,1.25,0.35,1,0
2393,57,station_19,19,81.369,1.25,0.9,1,0
2393,57,station_25,25,8.476,0.9,0.666,1,0
2393,57,station_28,28,56.282,0.9,0.755,1,0
2394,5,outside,0,0.0,0.0,0.0,0,1
2394,5,station_8,8,100.125,1.25,0.35,1,0
2394,5,station_19,19,116.708,1.25,0.9,1,0
2394,5,station_25,25,51.061,0.9,0.666,1,0
2394,5,station_28,28,20.857,0.9,0.755,1,0
2395,40,outside,0,0.0,0.0,0.0,0,1
2395,40,station_8,8,50.28,1.25,0.35,1,0
2395,40,station_19,19,63.179,1.25,0.9,1,0
2395,40,station_25,25,39.841,0.9,0.666,1,0
2395,40,station_28,28,54.545,0.9,0.755,1,0
2396,65,outside,0,0.0,0.0,0.0,0,0
2396,65,station_8,8,95.69,1.25,0.35,1,0
2396,65,station_19,19,118.286,1.25,0.9,1,0
2396,65,station_25,25,60.162,0.9,0.666,1,0
2396,65,station_28,28,7.765,0.9,0.755,1,1
2397,5,outside,0,0.0,0.0,0.0,0,0
2397,5,station_8,8,100.125,1.25,0.35,1,0
2397,5,station_19,19,116.708,1.25,0.9,1,0
2397,5,station_25,25,51.061,0.9,0.666,1,0
2397,5,station_28,28,20.857,0.9,0.755,1,1
2398,45,outside,0,0.0,0.0,0.0,0,1
2398,45,station_8,8,106.32,1.25,0.35,1,0
2398,45,station_19,19,130.298,1.25,0.9,1,0
2398,45,station_25,25,70.449,0.9,0.666,1,0
2398,45,station_28,28,14.633,0.9,0.755,1,0
2399,3,outside,0,0.0,0.0,0.0,0,1
2399,3,station_8,8,66.181,1.25,0.35,1,0
2399,3,station_19,19,106.175,1.25,0.9,1,0
2399,3,station_25,25,81.895,0.9,0.666,1,0
2399,3,station_28,28,37.637,0.9,0.755,1,0
2400,50,outside,0,0.0,0.0,0.0,0,0
2400,50,station_8,8,75.498,1.25,0.35,1,0
2400,50,station_19,19,77.73,1.25,0.9,1,0
2400,50,station_25,25,16.997,0.9,0.666,1,1
2400,50,station_28,28,50.967,0.9,0.755,1,0
2401,14,outside,0,0.0,0.0,0.0,0,1
2401,14,station_8,8,69.896,1.25,0.35,1,0
2401,14,station_19,19,67.32,1.25,0.9,1,0
2401,14,station_25,25,17.838,0.9,0.666,1,0
2401,14,station_28,28,60.29,0.9,0.755,1,0
2402,24,outside,0,0.0,0.0,0.0,0,1
2402,24,station_8,8,59.502,1.25,0.35,1,0
2402,24,station_19,19,71.183,1.25,0.9,1,0
2402,24,station_25,25,33.7,0.9,0.666,1,0
2402,24,station_28,28,47.589,0.9,0.755,1,0
2403,2,outside,0,0.0,0.0,0.0,0,1
2403,2,station_8,8,4.679,1.25,0.35,1,0
2403,2,station_19,19,57.165,1.25,0.9,1,0
2403,2,station_25,25,90.696,0.9,0.666,1,0
2403,2,station_28,28,91.632,0.9,0.755,1,0
2404,28,outside,0,0.0,0.0,0.0,0,1
2404,28,station_8,8,45.893,1.25,0.35,1,0
2404,28,station_19,19,17.858,1.25,0.9,1,0
2404,28,station_25,25,63.65,0.9,0.666,1,0
2404,28,station_28,28,100.112,0.9,0.755,1,0
2405,65,outside,0,0.0,0.0,0.0,0,1
2405,65,station_8,8,95.69,1.25,0.35,1,0
2405,65,station_19,19,118.286,1.25,0.9,1,0
2405,65,station_25,25,60.162,0.9,0.666,1,0
2405,65,station_28,28,7.765,0.9,0.755,1,0
2406,24,outside,0,0.0,0.0,0.0,0,1
2406,24,station_8,8,59.502,1.25,0.35,1,0
2406,24,station_19,19,71.183,1.25,0.9,1,0
2406,24,station_25,25,33.7,0.9,0.666,1,0
2406,24,station_28,28,47.589,0.9,0.755,1,0
2407,52,outside,0,0.0,0.0,0.0,0,1
2407,52,station_8,8,87.473,1.25,0.35,1,0
2407,52,station_19,19,129.185,1.25,0.9,1,0
2407,52,station_25,25,99.326,0.9,0.666,1,0
2407,52,station_28,28,42.06,0.9,0.755,1,0
2408,76,outside,0,0.0,0.0,0.0,0,1
2408,76,station_8,8,84.21,1.25,0.35,1,0
2408,76,station_19,19,124.474,1.25,0.9,1,0
2408,76,station_25,25,93.218,0.9,0.666,1,0
2408,76,station_28,28,36.679,0.9,0.755,1,0
2409,22,outside,0,0.0,0.0,0.0,0,1
2409,22,station_8,8,75.15,1.25,0.35,1,0
2409,22,station_19,19,59.51,1.25,0.9,1,0
2409,22,station_25,25,21.007,0.9,0.666,1,0
2409,22,station_28,28,77.226,0.9,0.755,1,0
2410,12,outside,0,0.0,0.0,0.0,0,1
2410,12,station_8,8,16.711,1.25,0.35,1,0
2410,12,station_19,19,45.818,1.25,0.9,1,0
2410,12,station_25,25,97.417,0.9,0.666,1,0
2410,12,station_28,28,107.888,0.9,0.755,1,0
2411,56,outside,0,0.0,0.0,0.0,0,1
2411,56,station_8,8,65.404,1.25,0.35,1,0
2411,56,station_19,19,111.818,1.25,0.9,1,0
2411,56,station_25,25,98.529,0.9,0.666,1,0
2411,56,station_28,28,55.292,0.9,0.755,1,0
2412,28,outside,0,0.0,0.0,0.0,0,1
2412,28,station_8,8,45.893,1.25,0.35,1,0
2412,28,station_19,19,17.858,1.25,0.9,1,0
2412,28,station_25,25,63.65,0.9,0.666,1,0
2412,28,station_28,28,100.112,0.9,0.755,1,0
2413,35,outside,0,0.0,0.0,0.0,0,1
2413,35,station_8,8,5.157,1.25,0.35,1,0
2413,35,station_19,19,56.506,1.25,0.9,1,0
2413,35,station_25,25,92.499,0.9,0.666,1,0
2413,35,station_28,28,94.18,0.9,0.755,1,0
2414,28,outside,0,0.0,0.0,0.0,0,1
2414,28,station_8,8,45.893,1.25,0.35,1,0
2414,28,station_19,19,17.858,1.25,0.9,1,0
2414,28,station_25,25,63.65,0.9,0.666,1,0
2414,28,station_28,28,100.112,0.9,0.755,1,0
2415,59,outside,0,0.0,0.0,0.0,0,1
2415,59,station_8,8,101.758,1.25,0.35,1,0
2415,59,station_19,19,111.107,1.25,0.9,1,0
2415,59,station_25,25,38.654,0.9,0.666,1,0
2415,59,station_28,28,35.203,0.9,0.755,1,0
2416,24,outside,0,0.0,0.0,0.0,0,0
2416,24,station_8,8,59.502,1.25,0.35,1,0
2416,24,station_19,19,71.183,1.25,0.9,1,0
2416,24,station_25,25,33.7,0.9,0.666,1,0
2416,24,station_28,28,47.589,0.9,0.755,1,1
2417,8,outside,0,0.0,0.0,0.0,0,1
2417,8,station_8,8,4.571,1.25,0.35,1,0
2417,8,station_19,19,49.873,1.25,0.9,1,0
2417,8,station_25,25,83.221,0.9,0.666,1,0
2417,8,station_28,28,89.191,0.9,0.755,1,0
2418,65,outside,0,0.0,0.0,0.0,0,0
2418,65,station_8,8,95.69,1.25,0.35,1,0
2418,65,station_19,19,118.286,1.25,0.9,1,0
2418,65,station_25,25,60.162,0.9,0.666,1,0
2418,65,station_28,28,7.765,0.9,0.755,1,1
2419,6,outside,0,0.0,0.0,0.0,0,1
2419,6,station_8,8,98.145,1.25,0.35,1,0
2419,6,station_19,19,113.947,1.25,0.9,1,0
2419,6,station_25,25,48.196,0.9,0.666,1,0
2419,6,station_28,28,21.955,0.9,0.755,1,0
2420,80,outside,0,0.0,0.0,0.0,0,1
2420,80,station_8,8,79.716,1.25,0.35,1,0
2420,80,station_19,19,50.2,1.25,0.9,1,0
2420,80,station_25,25,38.164,0.9,0.666,1,0
2420,80,station_28,28,96.269,0.9,0.755,1,0
2421,15,outside,0,0.0,0.0,0.0,0,1
2421,15,station_8,8,76.282,1.25,0.35,1,0
2421,15,station_19,19,40.814,1.25,0.9,1,0
2421,15,station_25,25,48.434,0.9,0.666,1,0
2421,15,station_28,28,103.654,0.9,0.755,1,0
2422,27,outside,0,0.0,0.0,0.0,0,1
2422,27,station_8,8,83.882,1.25,0.35,1,0
2422,27,station_19,19,95.907,1.25,0.9,1,0
2422,27,station_25,25,33.242,0.9,0.666,1,0
2422,27,station_28,28,31.308,0.9,0.755,1,0
2423,24,outside,0,0.0,0.0,0.0,0,1
2423,24,station_8,8,59.502,1.25,0.35,1,0
2423,24,station_19,19,71.183,1.25,0.9,1,0
2423,24,station_25,25,33.7,0.9,0.666,1,0
2423,24,station_28,28,47.589,0.9,0.755,1,0
2424,22,outside,0,0.0,0.0,0.0,0,1
2424,22,station_8,8,75.15,1.25,0.35,1,0
2424,22,station_19,19,59.51,1.25,0.9,1,0
2424,22,station_25,25,21.007,0.9,0.666,1,0
2424,22,station_28,28,77.226,0.9,0.755,1,0
2425,44,outside,0,0.0,0.0,0.0,0,1
2425,44,station_8,8,109.761,1.25,0.35,1,0
2425,44,station_19,19,154.467,1.25,0.9,1,0
2425,44,station_25,25,125.06,0.9,0.666,1,0
2425,44,station_28,28,63.989,0.9,0.755,1,0
2426,80,outside,0,0.0,0.0,0.0,0,1
2426,80,station_8,8,79.716,1.25,0.35,1,0
2426,80,station_19,19,50.2,1.25,0.9,1,0
2426,80,station_25,25,38.164,0.9,0.666,1,0
2426,80,station_28,28,96.269,0.9,0.755,1,0
2427,71,outside,0,0.0,0.0,0.0,0,1
2427,71,station_8,8,58.007,1.25,0.35,1,0
2427,71,station_19,19,24.109,1.25,0.9,1,0
2427,71,station_25,25,103.797,0.9,0.666,1,0
2427,71,station_28,28,136.758,0.9,0.755,1,0
2428,10,outside,0,0.0,0.0,0.0,0,1
2428,10,station_8,8,39.742,1.25,0.35,1,0
2428,10,station_19,19,76.751,1.25,0.9,1,0
2428,10,station_25,25,67.733,0.9,0.666,1,0
2428,10,station_28,28,52.375,0.9,0.755,1,0
2429,64,outside,0,0.0,0.0,0.0,0,0
2429,64,station_8,8,88.473,1.25,0.35,1,0
2429,64,station_19,19,113.427,1.25,0.9,1,0
2429,64,station_25,25,60.627,0.9,0.666,1,0
2429,64,station_28,28,4.372,0.9,0.755,1,1
2430,16,outside,0,0.0,0.0,0.0,0,1
2430,16,station_8,8,76.931,1.25,0.35,1,0
2430,16,station_19,19,80.887,1.25,0.9,1,0
2430,16,station_25,25,18.805,0.9,0.666,1,0
2430,16,station_28,28,47.707,0.9,0.755,1,0
2431,22,outside,0,0.0,0.0,0.0,0,1
2431,22,station_8,8,75.15,1.25,0.35,1,0
2431,22,station_19,19,59.51,1.25,0.9,1,0
2431,22,station_25,25,21.007,0.9,0.666,1,0
2431,22,station_28,28,77.226,0.9,0.755,1,0
2432,36,outside,0,0.0,0.0,0.0,0,1
2432,36,station_8,8,49.761,1.25,0.35,1,0
2432,36,station_19,19,23.538,1.25,0.9,1,0
2432,36,station_25,25,101.025,0.9,0.666,1,0
2432,36,station_28,28,130.581,0.9,0.755,1,0
2433,62,outside,0,0.0,0.0,0.0,0,1
2433,62,station_8,8,101.631,1.25,0.35,1,0
2433,62,station_19,19,125.187,1.25,0.9,1,0
2433,62,station_25,25,66.178,0.9,0.666,1,0
2433,62,station_28,28,10.43,0.9,0.755,1,0
2434,39,outside,0,0.0,0.0,0.0,0,1
2434,39,station_8,8,57.569,1.25,0.35,1,0
2434,39,station_19,19,15.638,1.25,0.9,1,0
2434,39,station_25,25,95.59,0.9,0.666,1,0
2434,39,station_28,28,131.33,0.9,0.755,1,0
2435,40,outside,0,0.0,0.0,0.0,0,1
2435,40,station_8,8,50.28,1.25,0.35,1,0
2435,40,station_19,19,63.179,1.25,0.9,1,0
2435,40,station_25,25,39.841,0.9,0.666,1,0
2435,40,station_28,28,54.545,0.9,0.755,1,0
2436,36,outside,0,0.0,0.0,0.0,0,1
2436,36,station_8,8,49.761,1.25,0.35,1,0
2436,36,station_19,19,23.538,1.25,0.9,1,0
2436,36,station_25,25,101.025,0.9,0.666,1,0
2436,36,station_28,28,130.581,0.9,0.755,1,0
2437,24,outside,0,0.0,0.0,0.0,0,1
2437,24,station_8,8,59.502,1.25,0.35,1,0
2437,24,station_19,19,71.183,1.25,0.9,1,0
2437,24,station_25,25,33.7,0.9,0.666,1,0
2437,24,station_28,28,47.589,0.9,0.755,1,0
2438,1,outside,0,0.0,0.0,0.0,0,1
2438,1,station_8,8,70.31,1.25,0.35,1,0
2438,1,station_19,19,20.578,1.25,0.9,1,0
2438,1,station_25,25,73.376,0.9,0.666,1,0
2438,1,station_28,28,121.38,0.9,0.755,1,0
2439,39,outside,0,0.0,0.0,0.0,0,1
2439,39,station_8,8,57.569,1.25,0.35,1,0
2439,39,station_19,19,15.638,1.25,0.9,1,0
2439,39,station_25,25,95.59,0.9,0.666,1,0
2439,39,station_28,28,131.33,0.9,0.755,1,0
2440,27,outside,0,0.0,0.0,0.0,0,1
2440,27,station_8,8,83.882,1.25,0.35,1,0
2440,27,station_19,19,95.907,1.25,0.9,1,0
2440,27,station_25,25,33.242,0.9,0.666,1,0
2440,27,station_28,28,31.308,0.9,0.755,1,0
2441,32,outside,0,0.0,0.0,0.0,0,1
2441,32,station_8,8,122.583,1.25,0.35,1,0
2441,32,station_19,19,145.912,1.25,0.9,1,0
2441,32,station_25,25,81.891,0.9,0.666,1,0
2441,32,station_28,28,30.819,0.9,0.755,1,0
2442,51,outside,0,0.0,0.0,0.0,0,1
2442,51,station_8,8,46.117,1.25,0.35,1,0
2442,51,station_19,19,95.044,1.25,0.9,1,0
2442,51,station_25,25,95.245,0.9,0.666,1,0
2442,51,station_28,28,65.741,0.9,0.755,1,0
2443,6,outside,0,0.0,0.0,0.0,0,1
2443,6,station_8,8,98.145,1.25,0.35,1,0
2443,6,station_19,19,113.947,1.25,0.9,1,0
2443,6,station_25,25,48.196,0.9,0.666,1,0
2443,6,station_28,28,21.955,0.9,0.755,1,0
2444,43,outside,0,0.0,0.0,0.0,0,1
2444,43,station_8,8,108.193,1.25,0.35,1,0
2444,43,station_19,19,120.051,1.25,0.9,1,0
2444,43,station_25,25,48.125,0.9,0.666,1,0
2444,43,station_28,28,32.62,0.9,0.755,1,0
2445,12,outside,0,0.0,0.0,0.0,0,1
2445,12,station_8,8,16.711,1.25,0.35,1,0
2445,12,station_19,19,45.818,1.25,0.9,1,0
2445,12,station_25,25,97.417,0.9,0.666,1,0
2445,12,station_28,28,107.888,0.9,0.755,1,0
2446,8,outside,0,0.0,0.0,0.0,0,1
2446,8,station_8,8,4.571,1.25,0.35,1,0
2446,8,station_19,19,49.873,1.25,0.9,1,0
2446,8,station_25,25,83.221,0.9,0.666,1,0
2446,8,station_28,28,89.191,0.9,0.755,1,0
2447,42,outside,0,0.0,0.0,0.0,0,1
2447,42,station_8,8,67.43,1.25,0.35,1,0
2447,42,station_19,19,14.888,1.25,0.9,1,0
2447,42,station_25,25,85.138,0.9,0.666,1,0
2447,42,station_28,28,128.906,0.9,0.755,1,0
2448,62,outside,0,0.0,0.0,0.0,0,1
2448,62,station_8,8,101.631,1.25,0.35,1,0
2448,62,station_19,19,125.187,1.25,0.9,1,0
2448,62,station_25,25,66.178,0.9,0.666,1,0
2448,62,station_28,28,10.43,0.9,0.755,1,0
2449,67,outside,0,0.0,0.0,0.0,0,1
2449,67,station_8,8,75.235,1.25,0.35,1,0
2449,67,station_19,19,63.443,1.25,0.9,1,0
2449,67,station_25,25,16.514,0.9,0.666,1,0
2449,67,station_28,28,71.834,0.9,0.755,1,0
2450,24,outside,0,0.0,0.0,0.0,0,1
2450,24,station_8,8,59.502,1.25,0.35,1,0
2450,24,station_19,19,71.183,1.25,0.9,1,0
2450,24,station_25,25,33.7,0.9,0.666,1,0
2450,24,station_28,28,47.589,0.9,0.755,1,0
2451,65,outside,0,0.0,0.0,0.0,0,0
2451,65,station_8,8,95.69,1.25,0.35,1,0
2451,65,station_19,19,118.286,1.25,0.9,1,0
2451,65,station_25,25,60.162,0.9,0.666,1,0
2451,65,station_28,28,7.765,0.9,0.755,1,1
2452,40,outside,0,0.0,0.0,0.0,0,1
2452,40,station_8,8,50.28,1.25,0.35,1,0
2452,40,station_19,19,63.179,1.25,0.9,1,0
2452,40,station_25,25,39.841,0.9,0.666,1,0
2452,40,station_28,28,54.545,0.9,0.755,1,0
2453,66,outside,0,0.0,0.0,0.0,0,1
2453,66,station_8,8,130.066,1.25,0.35,1,0
2453,66,station_19,19,166.347,1.25,0.9,1,0
2453,66,station_25,25,117.664,0.9,0.666,1,0
2453,66,station_28,28,53.6,0.9,0.755,1,0
2454,50,outside,0,0.0,0.0,0.0,0,0
2454,50,station_8,8,75.498,1.25,0.35,1,0
2454,50,station_19,19,77.73,1.25,0.9,1,0
2454,50,station_25,25,16.997,0.9,0.666,1,1
2454,50,station_28,28,50.967,0.9,0.755,1,0
2455,28,outside,0,0.0,0.0,0.0,0,1
2455,28,station_8,8,45.893,1.25,0.35,1,0
2455,28,station_19,19,17.858,1.25,0.9,1,0
2455,28,station_25,25,63.65,0.9,0.666,1,0
2455,28,station_28,28,100.112,0.9,0.755,1,0
2456,57,outside,0,0.0,0.0,0.0,0,1
2456,57,station_8,8,83.823,1.25,0.35,1,0
2456,57,station_19,19,81.369,1.25,0.9,1,0
2456,57,station_25,25,8.476,0.9,0.666,1,0
2456,57,station_28,28,56.282,0.9,0.755,1,0
2457,77,outside,0,0.0,0.0,0.0,0,1
2457,77,station_8,8,15.566,1.25,0.35,1,0
2457,77,station_19,19,38.912,1.25,0.9,1,0
2457,77,station_25,25,76.359,0.9,0.666,1,0
2457,77,station_28,28,90.868,0.9,0.755,1,0
2458,4,outside,0,0.0,0.0,0.0,0,1
2458,4,station_8,8,123.283,1.25,0.35,1,0
2458,4,station_19,19,160.772,1.25,0.9,1,0
2458,4,station_25,25,115.162,0.9,0.666,1,0
2458,4,station_28,28,50.64,0.9,0.755,1,0
2459,80,outside,0,0.0,0.0,0.0,0,1
2459,80,station_8,8,79.716,1.25,0.35,1,0
2459,80,station_19,19,50.2,1.25,0.9,1,0
2459,80,station_25,25,38.164,0.9,0.666,1,0
2459,80,station_28,28,96.269,0.9,0.755,1,0
2460,40,outside,0,0.0,0.0,0.0,0,1
2460,40,station_8,8,50.28,1.25,0.35,1,0
2460,40,station_19,19,63.179,1.25,0.9,1,0
2460,40,station_25,25,39.841,0.9,0.666,1,0
2460,40,station_28,28,54.545,0.9,0.755,1,0
2461,15,outside,0,0.0,0.0,0.0,0,1
2461,15,station_8,8,76.282,1.25,0.35,1,0
2461,15,station_19,19,40.814,1.25,0.9,1,0
2461,15,station_25,25,48.434,0.9,0.666,1,0
2461,15,station_28,28,103.654,0.9,0.755,1,0
2462,31,outside,0,0.0,0.0,0.0,0,1
2462,31,station_8,8,78.215,1.25,0.35,1,0
2462,31,station_19,19,113.719,1.25,0.9,1,0
2462,31,station_25,25,77.83,0.9,0.666,1,0
2462,31,station_28,28,24.111,0.9,0.755,1,0
2463,67,outside,0,0.0,0.0,0.0,0,1
2463,67,station_8,8,75.235,1.25,0.35,1,0
2463,67,station_19,19,63.443,1.25,0.9,1,0
2463,67,station_25,25,16.514,0.9,0.666,1,0
2463,67,station_28,28,71.834,0.9,0.755,1,0
2464,18,outside,0,0.0,0.0,0.0,0,1
2464,18,station_8,8,57.722,1.25,0.35,1,0
2464,18,station_19,19,85.165,1.25,0.9,1,0
2464,18,station_25,25,54.276,0.9,0.666,1,0
2464,18,station_28,28,34.63,0.9,0.755,1,0
2465,22,outside,0,0.0,0.0,0.0,0,1
2465,22,station_8,8,75.15,1.25,0.35,1,0
2465,22,station_19,19,59.51,1.25,0.9,1,0
2465,22,station_25,25,21.007,0.9,0.666,1,0
2465,22,station_28,28,77.226,0.9,0.755,1,0
2466,80,outside,0,0.0,0.0,0.0,0,1
2466,80,station_8,8,79.716,1.25,0.35,1,0
2466,80,station_19,19,50.2,1.25,0.9,1,0
2466,80,station_25,25,38.164,0.9,0.666,1,0
2466,80,station_28,28,96.269,0.9,0.755,1,0
2467,76,outside,0,0.0,0.0,0.0,0,1
2467,76,station_8,8,84.21,1.25,0.35,1,0
2467,76,station_19,19,124.474,1.25,0.9,1,0
2467,76,station_25,25,93.218,0.9,0.666,1,0
2467,76,station_28,28,36.679,0.9,0.755,1,0
2468,74,outside,0,0.0,0.0,0.0,0,1
2468,74,station_8,8,32.229,1.25,0.35,1,0
2468,74,station_19,19,75.711,1.25,0.9,1,0
2468,74,station_25,25,77.248,0.9,0.666,1,0
2468,74,station_28,28,62.103,0.9,0.755,1,0
2469,64,outside,0,0.0,0.0,0.0,0,1
2469,64,station_8,8,88.473,1.25,0.35,1,0
2469,64,station_19,19,113.427,1.25,0.9,1,0
2469,64,station_25,25,60.627,0.9,0.666,1,0
2469,64,station_28,28,4.372,0.9,0.755,1,0
2470,48,outside,0,0.0,0.0,0.0,0,0
2470,48,station_8,8,60.151,1.25,0.35,1,0
2470,48,station_19,19,7.649,1.25,0.9,1,1
2470,48,station_25,25,80.4,0.9,0.666,1,0
2470,48,station_28,28,121.872,0.9,0.755,1,0
2471,77,outside,0,0.0,0.0,0.0,0,1
2471,77,station_8,8,15.566,1.25,0.35,1,0
2471,77,station_19,19,38.912,1.25,0.9,1,0
2471,77,station_25,25,76.359,0.9,0.666,1,0
2471,77,station_28,28,90.868,0.9,0.755,1,0
2472,57,outside,0,0.0,0.0,0.0,0,0
2472,57,station_8,8,83.823,1.25,0.35,1,0
2472,57,station_19,19,81.369,1.25,0.9,1,0
2472,57,station_25,25,8.476,0.9,0.666,1,1
2472,57,station_28,28,56.282,0.9,0.755,1,0
2473,13,outside,0,0.0,0.0,0.0,0,1
2473,13,station_8,8,26.846,1.25,0.35,1,0
2473,13,station_19,19,29.228,1.25,0.9,1,0
2473,13,station_25,25,89.473,0.9,0.666,1,0
2473,13,station_28,28,110.088,0.9,0.755,1,0
2474,8,outside,0,0.0,0.0,0.0,0,1
2474,8,station_8,8,4.571,1.25,0.35,1,0
2474,8,station_19,19,49.873,1.25,0.9,1,0
2474,8,station_25,25,83.221,0.9,0.666,1,0
2474,8,station_28,28,89.191,0.9,0.755,1,0
2475,45,outside,0,0.0,0.0,0.0,0,0
2475,45,station_8,8,106.32,1.25,0.35,1,0
2475,45,station_19,19,130.298,1.25,0.9,1,0
2475,45,station_25,25,70.449,0.9,0.666,1,0
2475,45,station_28,28,14.633,0.9,0.755,1,1
2476,59,outside,0,0.0,0.0,0.0,0,1
2476,59,station_8,8,101.758,1.25,0.35,1,0
2476,59,station_19,19,111.107,1.25,0.9,1,0
2476,59,station_25,25,38.654,0.9,0.666,1,0
2476,59,station_28,28,35.203,0.9,0.755,1,0
2477,9,outside,0,0.0,0.0,0.0,0,0
2477,9,station_8,8,60.179,1.25,0.35,1,0
2477,9,station_19,19,10.891,1.25,0.9,1,1
2477,9,station_25,25,89.553,0.9,0.666,1,0
2477,9,station_28,28,128.538,0.9,0.755,1,0
2478,53,outside,0,0.0,0.0,0.0,0,1
2478,53,station_8,8,107.748,1.25,0.35,1,0
2478,53,station_19,19,153.115,1.25,0.9,1,0
2478,53,station_25,25,125.618,0.9,0.666,1,0
2478,53,station_28,28,65.388,0.9,0.755,1,0
2479,24,outside,0,0.0,0.0,0.0,0,1
2479,24,station_8,8,59.502,1.25,0.35,1,0
2479,24,station_19,19,71.183,1.25,0.9,1,0
2479,24,station_25,25,33.7,0.9,0.666,1,0
2479,24,station_28,28,47.589,0.9,0.755,1,0
2480,7,outside,0,0.0,0.0,0.0,0,1
2480,7,station_8,8,85.244,1.25,0.35,1,0
2480,7,station_19,19,55.162,1.25,0.9,1,0
2480,7,station_25,25,37.637,0.9,0.666,1,0
2480,7,station_28,28,98.08,0.9,0.755,1,0
2481,16,outside,0,0.0,0.0,0.0,0,1
2481,16,station_8,8,76.931,1.25,0.35,1,0
2481,16,station_19,19,80.887,1.25,0.9,1,0
2481,16,station_25,25,18.805,0.9,0.666,1,0
2481,16,station_28,28,47.707,0.9,0.755,1,0
2482,51,outside,0,0.0,0.0,0.0,0,1
2482,51,station_8,8,46.117,1.25,0.35,1,0
2482,51,station_19,19,95.044,1.25,0.9,1,0
2482,51,station_25,25,95.245,0.9,0.666,1,0
2482,51,station_28,28,65.741,0.9,0.755,1,0
2483,43,outside,0,0.0,0.0,0.0,0,1
2483,43,station_8,8,108.193,1.25,0.35,1,0
2483,43,station_19,19,120.051,1.25,0.9,1,0
2483,43,station_25,25,48.125,0.9,0.666,1,0
2483,43,station_28,28,32.62,0.9,0.755,1,0
2484,40,outside,0,0.0,0.0,0.0,0,1
2484,40,station_8,8,50.28,1.25,0.35,1,0
2484,40,station_19,19,63.179,1.25,0.9,1,0
2484,40,station_25,25,39.841,0.9,0.666,1,0
2484,40,station_28,28,54.545,0.9,0.755,1,0
2485,30,outside,0,0.0,0.0,0.0,0,1
2485,30,station_8,8,143.851,1.25,0.35,1,0
2485,30,station_19,19,166.198,1.25,0.9,1,0
2485,30,station_25,25,98.299,0.9,0.666,1,0
2485,30,station_28,28,52.084,0.9,0.755,1,0
2486,32,outside,0,0.0,0.0,0.0,0,1
2486,32,station_8,8,122.583,1.25,0.35,1,0
2486,32,station_19,19,145.912,1.25,0.9,1,0
2486,32,station_25,25,81.891,0.9,0.666,1,0
2486,32,station_28,28,30.819,0.9,0.755,1,0
2487,32,outside,0,0.0,0.0,0.0,0,1
2487,32,station_8,8,122.583,1.25,0.35,1,0
2487,32,station_19,19,145.912,1.25,0.9,1,0
2487,32,station_25,25,81.891,0.9,0.666,1,0
2487,32,station_28,28,30.819,0.9,0.755,1,0
2488,72,outside,0,0.0,0.0,0.0,0,1
2488,72,station_8,8,108.042,1.25,0.35,1,0
2488,72,station_19,19,129.488,1.25,0.9,1,0
2488,72,station_25,25,66.488,0.9,0.666,1,0
2488,72,station_28,28,17.792,0.9,0.755,1,0
2489,5,outside,0,0.0,0.0,0.0,0,1
2489,5,station_8,8,100.125,1.25,0.35,1,0
2489,5,station_19,19,116.708,1.25,0.9,1,0
2489,5,station_25,25,51.061,0.9,0.666,1,0
2489,5,station_28,28,20.857,0.9,0.755,1,0
2490,14,outside,0,0.0,0.0,0.0,0,1
2490,14,station_8,8,69.896,1.25,0.35,1,0
2490,14,station_19,19,67.32,1.25,0.9,1,0
2490,14,station_25,25,17.838,0.9,0.666,1,0
2490,14,station_28,28,60.29,0.9,0.755,1,0
2491,12,outside,0,0.0,0.0,0.0,0,1
2491,12,station_8,8,16.711,1.25,0.35,1,0
2491,12,station_19,19,45.818,1.25,0.9,1,0
2491,12,station_25,25,97.417,0.9,0.666,1,0
2491,12,station_28,28,107.888,0.9,0.755,1,0
2492,56,outside,0,0.0,0.0,0.0,0,1
2492,56,station_8,8,65.404,1.25,0.35,1,0
2492,56,station_19,19,111.818,1.25,0.9,1,0
2492,56,station_25,25,98.529,0.9,0.666,1,0
2492,56,station_28,28,55.292,0.9,0.755,1,0
2493,77,outside,0,0.0,0.0,0.0,0,1
2493,77,station_8,8,15.566,1.25,0.35,1,0
2493,77,station_19,19,38.912,1.25,0.9,1,0
2493,77,station_25,25,76.359,0.9,0.666,1,0
2493,77,station_28,28,90.868,0.9,0.755,1,0
2494,28,outside,0,0.0,0.0,0.0,0,1
2494,28,station_8,8,45.893,1.25,0.35,1,0
2494,28,station_19,19,17.858,1.25,0.9,1,0
2494,28,station_25,25,63.65,0.9,0.666,1,0
2494,28,station_28,28,100.112,0.9,0.755,1,0
2495,80,outside,0,0.0,0.0,0.0,0,1
2495,80,station_8,8,79.716,1.25,0.35,1,0
2495,80,station_19,19,50.2,1.25,0.9,1,0
2495,80,station_25,25,38.164,0.9,0.666,1,0
2495,80,station_28,28,96.269,0.9,0.755,1,0
2496,8,outside,0,0.0,0.0,0.0,0,0
2496,8,station_8,8,4.571,1.25,0.35,1,1
2496,8,station_19,19,49.873,1.25,0.9,1,0
2496,8,station_25,25,83.221,0.9,0.666,1,0
2496,8,station_28,28,89.191,0.9,0.755,1,0
2497,24,outside,0,0.0,0.0,0.0,0,1
2497,24,station_8,8,59.502,1.25,0.35,1,0
2497,24,station_19,19,71.183,1.25,0.9,1,0
2497,24,station_25,25,33.7,0.9,0.666,1,0
2497,24,station_28,28,47.589,0.9,0.755,1,0
2498,50,outside,0,0.0,0.0,0.0,0,1
2498,50,station_8,8,75.498,1.25,0.35,1,0
2498,50,station_19,19,77.73,1.25,0.9,1,0
2498,50,station_25,25,16.997,0.9,0.666,1,0
2498,50,station_28,28,50.967,0.9,0.755,1,0
2499,14,outside,0,0.0,0.0,0.0,0,1
2499,14,station_8,8,69.896,1.25,0.35,1,0
2499,14,station_19,19,67.32,1.25,0.9,1,0
2499,14,station_25,25,17.838,0.9,0.666,1,0
2499,14,station_28,28,60.29,0.9,0.755,1,0
2500,42,outside,0,0.0,0.0,0.0,0,0
2500,42,station_8,8,67.43,1.25,0.35,1,0
2500,42,station_19,19,14.888,1.25,0.9,1,1
2500,42,station_25,25,85.138,0.9,0.666,1,0
2500,42,station_28,28,128.906,0.9,0.755,1,0
