person_id,zone_id,nearest_station_id,walking_distance_m,walking_time_min,price_eur,availability,purpose,choice
1,16,25,1341.5,16.77,0.5,0.837,commute,0
2,28,30,401.5,5.02,1.25,0.486,commute,1
3,79,28,890.4,11.13,1.25,0.893,commute,0
4,8,8,363,4.54,1,0.666,study,1
5,35,8,374,4.68,0.75,0.637,commute,0
6,80,26,588.6,7.36,2,0.473,study,0
7,15,26,1228.7,15.36,0.5,0.623,commute,1
8,74,11,406.5,5.08,1.5,0.77,commute,1
9,41,26,1687.9,21.1,0.5,0.695,study,1
10,62,28,1049.1,13.11,1.25,0.586,commute,1
11,22,20,952.5,11.91,1,0.55,shopping,0
12,27,21,2058.6,25.73,1,0.895,commute,0
13,22,20,1438.7,17.98,0.5,0.734,commute,1
14,72,28,1239.8,15.5,1,0.97,leisure,1
15,5,28,1552.3,19.4,1.5,0.563,leisure,0
16,31,12,516.5,6.46,1,0.214,commute,1
17,41,26,1614.2,20.18,1.25,0.728,leisure,1
18,24,21,1504.3,18.8,1.75,0.762,leisure,0
19,54,14,1400.5,17.51,1.25,0.077,commute,0
20,75,10,1598.2,19.98,1,0.747,commute,1
21,3,12,617.5,7.72,0.75,0.536,commute,0
22,10,11,856.9,10.71,1.75,0.978,commute,0
23,17,3,1575.9,19.7,1.5,0.367,commute,0
24,48,19,507,6.34,1,0.606,study,1
25,17,3,1944.2,24.3,1,0.436,commute,0
26,78,26,725.1,9.06,1.25,0.797,commute,1
27,13,1,1243.5,15.54,1.5,0.751,study,0
28,5,28,1902.8,23.78,1.25,0.725,commute,0
29,34,13,1671,20.89,0.75,0.796,commute,0
30,52,2,522.6,6.53,0.75,0.356,commute,1
31,70,14,1351.5,16.89,0.75,0.314,commute,0
32,52,2,679.2,8.49,1.75,0.534,shopping,0
33,38,23,1868,23.35,0.5,0.524,shopping,0
34,33,18,387.6,4.84,1,0.464,commute,1
35,18,21,555.5,6.94,0.75,0.861,commute,0
36,37,30,2280.1,28.5,1.25,0.44,study,0
37,42,19,1375.3,17.19,1.25,0.965,shopping,1
38,35,8,473.9,5.92,1.75,0.788,commute,1
39,16,25,2127.2,26.59,1.5,0.781,shopping,0
40,31,12,744.8,9.31,0.5,0.371,leisure,0
41,77,27,298.2,3.73,1.5,0.705,commute,1
42,22,20,1107.9,13.85,1.25,0.417,leisure,0
43,2,8,214.9,2.69,1.75,0.709,study,1
44,17,3,1555.4,19.44,0.5,0.436,leisure,0
45,16,25,2104.4,26.31,1.25,0.66,commute,0
46,15,26,1255.2,15.69,1.25,0.487,study,1
47,51,15,670.4,8.38,0.75,0.65,commute,1
48,58,26,1252,15.65,1.75,0.543,study,1
49,67,25,2175.4,27.19,1.5,0.59,commute,0
50,7,26,283.7,3.55,1.5,0.664,shopping,1
51,14,25,1653.4,20.67,1.25,0.599,leisure,1
52,79,28,763,9.54,1.25,0.708,study,1
53,1,19,1523.9,19.05,1,0.826,commute,1
54,32,23,777,9.71,1,0.764,commute,0
55,5,28,1510.8,18.89,1,0.791,commute,0
56,50,25,1285.7,16.07,1,0.666,commute,0
57,80,26,476.3,5.95,1,0.632,leisure,1
58,32,23,827.5,10.34,1.25,0.725,leisure,1
59,25,10,932.6,11.66,1.75,0.536,commute,0
60,50,25,1236.1,15.45,2,0.726,leisure,1
61,51,15,567.5,7.09,1.75,0.48,study,0
62,45,28,1190.5,14.88,1,0.673,leisure,1
63,43,28,2261.6,28.27,1.5,0.922,commute,0
64,8,8,507.4,6.34,0.75,0.563,commute,1
65,80,26,563.2,7.04,1,0.413,commute,1
66,48,19,544.9,6.81,0.75,0.842,study,1
67,17,3,1924.3,24.05,1,0.393,commute,0
68,74,11,640.3,8,1.75,0.817,commute,0
69,14,25,1516.8,18.96,1,0.71,study,0
70,24,21,1898.1,23.73,1.5,0.807,study,1
71,40,3,1672.6,20.91,0.75,0.49,study,0
72,24,21,1851.3,23.14,1,0.974,commute,0
73,37,30,1840.3,23,1.5,0.38,shopping,0
74,34,13,2254.8,28.19,1,0.842,shopping,0
75,18,21,460.9,5.76,1.5,0.361,commute,0
76,56,14,1235.2,15.44,0.75,0.431,study,0
77,9,19,693.8,8.67,1.25,0.762,study,0
78,14,25,984.2,12.3,1.25,0.822,shopping,0
79,65,28,709.8,8.87,1.75,0.767,shopping,1
80,58,26,1216.4,15.2,1,0.547,study,1
81,18,21,530.4,6.63,1,0.844,study,0
82,67,25,1479.2,18.49,1,0.797,commute,1
83,58,26,1134.8,14.18,0.5,0.611,commute,1
84,74,11,401.6,5.02,1.75,0.825,commute,0
85,19,17,461.8,5.77,1.5,0.47,commute,1
86,14,25,1424,17.8,1.75,0.718,commute,0
87,17,3,1165.7,14.57,0.75,0.392,leisure,1
88,65,28,822.2,10.28,1.75,0.612,commute,0
89,67,25,2049.9,25.62,1.5,0.554,leisure,0
90,8,8,358.3,4.48,1,0.649,leisure,0
91,45,28,1055.9,13.2,0.75,0.715,leisure,0
92,78,26,749,9.36,1.75,0.615,commute,0
93,57,25,660.5,8.26,1.75,0.692,leisure,1
94,6,28,1996.9,24.96,1.75,0.729,commute,0
95,45,28,1286.8,16.09,1.75,0.625,commute,0
96,79,28,578.5,7.23,0.75,0.616,shopping,0
97,75,10,1307.1,16.34,1.5,0.572,study,1
98,46,21,2616.1,32.7,1.25,0.783,shopping,1
99,71,19,1616,20.2,0.5,0.61,study,0
100,15,26,1813.4,22.67,0.75,0.4,commute,0
101,76,2,396.9,4.96,0.5,0.588,commute,1
102,22,20,1445.1,18.06,0.75,0.43,commute,0
103,76,2,627.2,7.84,0.5,0.539,leisure,1
104,29,24,421.1,5.26,1,0.675,study,1
105,23,28,1142.7,14.28,1,0.614,commute,0
106,48,19,571.5,7.14,0.75,0.75,leisure,1
107,48,19,793.1,9.91,1,0.665,commute,1
108,50,25,1769.2,22.11,0.75,0.81,commute,0
109,45,28,940.2,11.75,1.5,0.769,commute,1
110,34,13,2503.2,31.29,1,0.826,commute,1
111,74,11,462.4,5.78,1.75,0.883,study,1
112,53,5,1388.3,17.35,0.75,0.967,leisure,0
113,28,30,298.9,3.74,1.75,0.654,leisure,0
114,56,14,1529.2,19.12,1.5,0.222,commute,0
115,77,27,506.7,6.33,1.75,0.742,shopping,1
116,5,28,2052.7,25.66,1,0.697,leisure,0
117,27,21,1693.8,21.17,0.5,0.926,commute,0
118,13,1,814.7,10.18,1.5,0.661,shopping,0
119,76,2,583.8,7.3,0.5,0.231,shopping,1
120,54,14,1602.2,20.03,2,0.444,leisure,0
121,54,14,1456.5,18.21,1.25,0.367,leisure,0
122,43,28,2154.9,26.94,0.75,0.753,leisure,0
123,6,28,2410,30.13,1.75,0.526,commute,0
124,77,27,417.6,5.22,2,0.98,commute,1
125,71,19,1627,20.34,1.25,0.698,study,1
126,67,25,1451,18.14,2,0.674,commute,0
127,17,3,1827.8,22.85,2,0.418,commute,0
128,24,21,1168.5,14.61,1.25,0.869,leisure,0
129,33,18,671.4,8.39,2,0.295,shopping,0
130,80,26,602.3,7.53,1.75,0.878,study,0
131,14,25,1665.9,20.82,1.75,0.692,commute,1
132,35,8,491.5,6.14,1.5,0.544,leisure,0
133,62,28,895.4,11.19,1,0.573,leisure,0
134,62,28,993.9,12.42,0.5,0.676,study,1
135,43,28,3201.2,40.01,1.5,0.891,leisure,0
136,35,8,385.8,4.82,1.25,0.693,shopping,0
137,51,15,741.2,9.27,1.75,0.681,leisure,0
138,22,20,1082.3,13.53,1.25,0.709,commute,0
139,14,25,1345.5,16.82,1.5,0.629,study,0
140,20,4,335,4.19,1,0.562,study,0
141,52,2,520.7,6.51,1.25,0.592,study,0
142,22,20,1529.7,19.12,0.75,0.607,leisure,1
143,17,3,2345.8,29.32,1.5,0.229,commute,0
144,14,25,1200.1,15,0.75,0.639,study,1
145,66,17,1320.4,16.51,1,0.312,study,0
146,14,25,1392,17.4,0.75,0.65,commute,0
147,45,28,1060.5,13.26,0.5,0.581,commute,1
148,65,28,543.6,6.79,0.75,0.801,commute,1
149,50,25,1536.4,19.2,1,0.796,commute,1
150,48,19,712.2,8.9,1,0.98,commute,1
151,65,28,528.7,6.61,0.5,0.663,shopping,1
152,14,25,946.1,11.83,1,0.636,leisure,0
153,79,28,643.6,8.04,0.75,0.733,commute,1
154,10,11,760.3,9.5,1.75,0.971,leisure,1
155,57,25,768.9,9.61,1,0.691,commute,1
156,59,28,3370.9,42.14,1.25,0.682,commute,0
157,58,26,952.6,11.91,1,0.49,study,1
158,39,19,1416.1,17.7,1,0.757,commute,1
159,76,2,561.5,7.02,1.25,0.338,commute,0
160,10,11,1136.9,14.21,2,0.703,study,1
161,14,25,1130.5,14.13,1,0.56,leisure,0
162,10,11,895.7,11.2,1.25,0.734,shopping,1
163,28,30,334.3,4.18,0.75,0.461,leisure,0
164,78,26,845.1,10.56,1.25,0.71,leisure,1
165,57,25,472.3,5.9,0.5,0.686,study,1
166,23,28,830.2,10.38,1.5,0.765,leisure,1
167,67,25,1558,19.47,1.5,0.757,study,1
168,12,8,1443.1,18.04,1.25,0.785,commute,0
169,68,11,250,3.12,1.75,0.856,leisure,1
170,40,3,1442.5,18.03,1.25,0.464,leisure,0
171,24,21,2180.8,27.26,1,0.732,commute,0
172,52,2,546.5,6.83,1.25,0.569,leisure,0
173,79,28,640.8,8.01,0.75,0.55,commute,1
174,13,1,1440,18,1.5,0.717,commute,0
175,22,20,1862.8,23.29,1.5,0.4,study,0
176,70,14,1451.3,18.14,0.75,0.242,leisure,0
177,68,11,221.4,2.77,1.75,0.621,leisure,1
178,54,14,1205,15.06,1.25,0.442,study,1
179,78,26,801.8,10.02,0.75,0.548,study,1
180,13,1,1382.8,17.28,1.25,0.856,commute,1
181,14,25,1520.4,19,0.75,0.941,leisure,1
182,19,17,353.2,4.41,0.75,0.372,study,1
183,9,19,585.5,7.32,0.75,0.797,commute,1
184,63,11,562.7,7.03,1.75,0.431,study,0
185,80,26,570.9,7.14,1.5,0.651,leisure,0
186,8,8,263.7,3.3,0.5,0.681,study,1
187,1,19,1901.9,23.77,1.25,0.734,commute,0
188,17,3,1635.9,20.45,1,0.294,shopping,0
189,80,26,730.3,9.13,1,0.5,study,1
190,50,25,1443.1,18.04,1.25,0.696,commute,1
191,67,25,1087.1,13.59,1,0.797,commute,1
192,16,25,1246.1,15.58,1.5,0.715,study,0
193,9,19,899.7,11.25,2,0.719,commute,0
194,3,12,493.9,6.17,1.5,0.547,leisure,1
195,77,27,455.9,5.7,1.75,0.86,commute,1
196,35,8,482.3,6.03,1.25,0.503,commute,1
197,6,28,1986.4,24.83,1,0.766,commute,1
198,15,26,1428.4,17.86,1.75,0.556,commute,0
199,16,25,1048.6,13.11,1.25,0.854,leisure,1
200,3,12,598.2,7.48,1.5,0.616,leisure,0
201,18,21,588.6,7.36,1.5,0.668,study,0
202,65,28,748.4,9.36,1,0.727,study,1
203,3,12,484.6,6.06,1,0.461,commute,1
204,14,25,1517,18.96,1.25,0.98,shopping,1
205,4,5,1935.9,24.2,1,0.774,study,0
206,72,28,1793.2,22.42,1.5,0.909,commute,1
207,67,25,1337.9,16.72,0.5,0.547,commute,1
208,14,25,1363.5,17.04,1.25,0.797,commute,0
209,63,11,436.9,5.46,1.75,0.974,study,1
210,68,11,269.1,3.36,1.25,0.639,leisure,1
211,45,28,906.7,11.33,2,0.737,commute,0
212,45,28,819.4,10.24,1,0.814,commute,0
213,39,19,1440.8,18.01,1,0.839,study,0
214,16,25,1431.9,17.9,1,0.699,commute,1
215,8,8,397.4,4.97,0.75,0.885,commute,1
216,31,12,691.2,8.64,1.5,0.548,commute,0
217,28,30,296.9,3.71,1.5,0.476,commute,1
218,31,12,862,10.78,1,0.698,study,0
219,7,26,306.5,3.83,1.75,0.608,study,1
220,19,17,416.6,5.21,1.5,0.496,study,0
221,15,26,1455,18.19,0.75,0.416,shopping,1
222,70,14,1001.6,12.52,1.5,0.247,leisure,0
223,58,26,1313.8,16.42,1,0.574,study,0
224,51,15,654.8,8.19,1.25,0.767,commute,0
225,17,3,1789.9,22.37,1,0.406,shopping,0
226,14,25,1453.2,18.17,1.5,0.797,leisure,0
227,24,21,1458.7,18.23,1.25,0.716,commute,0
228,57,25,818.1,10.23,1,0.678,commute,1
229,41,26,2437,30.46,0.5,0.546,commute,0
230,40,3,2361.9,29.52,1,0.406,study,0
231,57,25,658.1,8.23,1.25,0.723,shopping,1
232,6,28,1537.4,19.22,1.75,0.713,commute,0
233,14,25,1885.8,23.57,0.5,0.863,commute,1
234,46,21,1441.7,18.02,0.5,0.79,leisure,0
235,32,23,982.9,12.29,0.5,0.881,leisure,0
236,40,3,1236.2,15.45,1,0.312,leisure,0
237,2,8,486.1,6.08,1.75,0.494,study,1
238,35,8,552.7,6.91,1.25,0.647,commute,1
239,37,30,2237,27.96,1.25,0.537,study,0
240,51,15,656.7,8.21,0.75,0.901,study,1
241,46,21,1699.2,21.24,1,0.711,commute,0
242,17,3,1349,16.86,1.25,0.478,study,0
243,64,28,252.7,3.16,1.25,0.693,commute,1
244,43,28,2962.4,37.03,1.25,0.98,commute,0
245,45,28,1437.7,17.97,1.5,0.777,leisure,1
246,24,21,1802.4,22.53,1.75,0.719,leisure,1
247,23,28,628.6,7.86,1,0.782,study,0
248,63,11,396.1,4.95,0.75,0.739,study,1
249,6,28,1665.5,20.82,1.25,0.797,study,0
250,78,26,1194.4,14.93,1.5,0.678,shopping,0
251,20,4,344.6,4.31,0.5,0.536,leisure,1
252,14,25,1269.7,15.87,1.5,0.586,shopping,0
253,53,5,1737.8,21.72,1,0.787,commute,1
254,58,26,1219.2,15.24,1.25,0.738,shopping,0
255,67,25,1113.7,13.92,1,0.623,commute,1
256,23,28,675.1,8.44,1.25,0.744,commute,0
257,29,24,393.4,4.92,1,0.668,commute,0
258,64,28,412.6,5.16,1,0.536,leisure,1
259,27,21,2390,29.88,1,0.577,commute,0
260,65,28,648.7,8.11,0.75,0.713,leisure,0
261,45,28,1269.3,15.87,1.75,0.695,commute,1
262,80,26,480.9,6.01,1.75,0.347,commute,0
263,13,1,1485.9,18.57,0.75,0.899,leisure,0
264,68,11,167,2.09,1.5,0.743,commute,1
265,24,21,2054.5,25.68,1.25,0.767,commute,0
266,5,28,2307.7,28.85,0.75,0.669,commute,0
267,23,28,678.4,8.48,1.25,0.662,commute,1
268,39,19,1058.8,13.23,0.75,0.803,leisure,0
269,28,30,226.4,2.83,1.25,0.695,commute,1
270,32,23,885.3,11.07,0.5,0.883,shopping,0
271,60,10,1405.4,17.57,0.5,0.563,study,1
272,48,19,832.7,10.41,1,0.885,shopping,1
273,28,30,391.7,4.9,1.25,0.279,commute,0
274,41,26,1422.3,17.78,1.5,0.436,commute,0
275,13,1,1160.8,14.51,1,0.739,leisure,1
276,38,23,1937.9,24.22,1.75,0.709,study,1
277,16,25,2264.8,28.31,1.25,0.866,study,0
278,75,10,1707.4,21.34,1.75,0.67,leisure,0
279,3,12,724.5,9.06,1.25,0.396,leisure,1
280,74,11,424.4,5.3,0.75,0.777,shopping,1
281,27,21,1654,20.68,1,0.724,shopping,0
282,17,3,2035.8,25.45,1.5,0.361,shopping,0
283,45,28,1214.7,15.18,1.75,0.556,commute,0
284,30,4,2210.6,27.63,1,0.493,study,0
285,77,27,452.4,5.65,1.5,0.721,commute,0
286,8,8,291.2,3.64,1,0.955,study,1
287,25,10,1112.9,13.91,1,0.809,commute,1
288,22,20,1697.1,21.21,0.5,0.433,commute,1
289,46,21,1043,13.04,1.25,0.787,shopping,0
290,2,8,393.2,4.91,1,0.524,commute,0
291,13,1,928.4,11.6,1.75,0.785,leisure,0
292,37,30,2379,29.74,2,0.464,commute,0
293,67,25,1187.9,14.85,1.25,0.899,commute,1
294,65,28,692.3,8.65,0.75,0.822,commute,1
295,27,21,1950.4,24.38,1.75,0.775,shopping,0
296,75,10,1631.1,20.39,1.5,0.742,shopping,0
297,22,20,1035.6,12.95,1.5,0.704,study,0
298,47,19,1824.6,22.81,1,0.63,leisure,0
299,58,26,1193.1,14.91,1,0.523,leisure,1
300,1,19,2111.6,26.39,1.5,0.75,leisure,0
301,50,25,1245,15.56,0.5,0.716,commute,1
302,57,25,504.3,6.3,1.75,0.74,commute,1
303,70,14,1721.6,21.52,0.75,0.298,commute,0
304,59,28,3557.5,44.47,0.5,0.763,leisure,0
305,4,5,1548.9,19.36,1.75,0.854,study,1
306,68,11,232.6,2.91,1.25,0.593,leisure,1
307,57,25,734.4,9.18,1.25,0.568,commute,1
308,58,26,935.8,11.7,0.75,0.572,commute,1
309,55,10,860.8,10.76,1.75,0.628,shopping,1
310,22,20,1249.7,15.62,1.75,0.528,shopping,0
311,67,25,1712.6,21.41,0.75,0.499,commute,1
312,41,26,1858.8,23.24,1,0.689,study,1
313,13,1,1416.7,17.71,1.5,0.621,study,0
314,48,19,634,7.93,0.75,0.705,leisure,1
315,8,8,475.8,5.95,1.5,0.459,leisure,0
316,14,25,1525.1,19.06,1.25,0.482,commute,0
317,47,19,1825.1,22.81,1.25,0.778,study,1
318,14,25,1507.4,18.84,2,0.645,commute,0
319,23,28,811.8,10.15,1.75,0.527,commute,0
320,47,19,2277.5,28.47,1,0.893,study,0
321,67,25,2171.2,27.14,0.75,0.608,leisure,0
322,27,21,2769.2,34.62,0.5,0.807,commute,0
323,10,11,1386.7,17.33,1.25,0.732,study,0
324,5,28,1583.4,19.79,0.75,0.83,commute,0
325,57,25,429.3,5.37,1,0.709,leisure,1
326,32,23,1161.9,14.52,1,0.637,commute,1
327,60,10,1557.5,19.47,1.25,0.666,commute,0
328,50,25,887.2,11.09,1.25,0.832,study,1
329,52,2,689.6,8.62,1,0.349,commute,0
330,29,24,354.8,4.44,1.5,0.534,shopping,0
331,54,14,1222.3,15.28,1.5,0.566,commute,1
332,68,11,276.7,3.46,1,0.745,leisure,0
333,50,25,1011.3,12.64,0.75,0.667,commute,1
334,70,14,1779.2,22.24,1,0.423,commute,0
335,35,8,493.6,6.17,0.5,0.697,commute,1
336,64,28,358.7,4.48,1.25,0.856,leisure,1
337,3,12,645.8,8.07,2,0.499,leisure,1
338,77,27,432.5,5.41,1.5,0.973,shopping,0
339,17,3,1578.4,19.73,0.75,0.516,study,0
340,7,26,326,4.07,1.25,0.541,study,1
341,1,19,1881.6,23.52,1.5,0.897,commute,0
342,50,25,1331.4,16.64,0.75,0.706,shopping,0
343,55,10,1239.8,15.5,0.75,0.697,study,0
344,77,27,423.5,5.29,1.25,0.589,leisure,1
345,43,28,2637.7,32.97,0.5,0.403,commute,1
346,24,21,1644,20.55,2,0.673,study,0
347,23,28,935.1,11.69,0.5,0.536,commute,0
348,13,1,925.4,11.57,1,0.619,study,0
349,71,19,1769.7,22.12,0.5,0.803,leisure,1
350,24,21,1862.5,23.28,0.75,0.848,commute,1
351,5,28,1648.2,20.6,0.5,0.628,commute,0
352,14,25,1951.9,24.4,1,0.842,leisure,0
353,30,4,1736.1,21.7,1.25,0.389,leisure,0
354,28,30,338.8,4.23,1.75,0.55,study,0
355,40,3,1548.8,19.36,1.25,0.507,leisure,0
356,41,26,2036.9,25.46,1.75,0.347,study,0
357,34,13,1632.4,20.41,1.5,0.653,commute,0
358,57,25,511.8,6.4,1.5,0.795,commute,1
359,32,23,546.8,6.83,1.5,0.848,study,1
360,65,28,469.2,5.87,1.25,0.749,commute,0
361,20,4,453.7,5.67,2,0.393,shopping,0
362,31,12,847.9,10.6,0.75,0.392,shopping,0
363,2,8,434.2,5.43,1.25,0.636,shopping,0
364,27,21,2003.9,25.05,1.5,0.719,study,0
365,31,12,591.9,7.4,0.75,0.569,study,1
366,27,21,2350.5,29.38,1,0.872,leisure,0
367,13,1,953.4,11.92,1.25,0.589,commute,0
368,28,30,320.9,4.01,1.75,0.788,leisure,0
369,24,21,1901.7,23.77,1.25,0.778,study,0
370,71,19,1513.8,18.92,1.25,0.801,commute,0
371,65,28,825.8,10.32,0.75,0.751,commute,1
372,44,5,1204.1,15.05,1,0.704,commute,1
373,15,26,1286.8,16.08,1,0.657,leisure,0
374,44,5,1245.1,15.56,1,0.848,leisure,0
375,5,28,1593.5,19.92,0.75,0.634,commute,1
376,74,11,411.5,5.14,1.5,0.705,shopping,1
377,17,3,1421.5,17.77,1.5,0.358,shopping,0
378,65,28,662.2,8.28,1.75,0.881,commute,1
379,34,13,2126.8,26.58,1.25,0.949,commute,0
380,17,3,1486.6,18.58,1.5,0.273,leisure,0
381,28,30,355.3,4.44,0.75,0.363,shopping,1
382,80,26,609.8,7.62,1,0.741,commute,0
383,63,11,375,4.69,1,0.686,commute,1
384,66,17,1431.2,17.89,2,0.341,study,0
385,37,30,1614.6,20.18,1,0.434,leisure,0
386,17,3,1836.2,22.95,1,0.286,commute,0
387,23,28,836.2,10.45,1,0.915,commute,1
388,63,11,472.7,5.91,1.5,0.899,leisure,1
389,77,27,574.6,7.18,0.5,0.792,shopping,1
390,55,10,1304.2,16.3,1,0.643,shopping,0
391,67,25,1577.2,19.71,1.5,0.745,study,0
392,41,26,1359.8,17,0.75,0.761,leisure,1
393,14,25,1091,13.64,1,0.819,shopping,0
394,40,3,1688.1,21.1,1.25,0.3,study,0
395,45,28,1050.1,13.13,1.25,0.835,commute,1
396,12,8,1268.8,15.86,1,0.566,shopping,0
397,37,30,2521,31.51,0.75,0.548,commute,0
398,22,20,1441.3,18.02,1,0.519,shopping,1
399,72,28,1940.9,24.26,1,0.98,commute,1
400,76,2,501.8,6.27,1.25,0.512,leisure,0
401,77,27,509.7,6.37,0.5,0.925,commute,1
402,46,21,1112,13.9,0.75,0.753,commute,1
403,62,28,890.8,11.14,0.75,0.553,study,1
404,76,2,508.6,6.36,1.25,0.418,leisure,1
405,48,19,580.8,7.26,1,0.698,commute,0
406,4,5,1482.6,18.53,1.5,0.757,commute,0
407,16,25,1611.3,20.14,1,0.781,commute,0
408,17,3,1232.9,15.41,1,0.427,study,0
409,23,28,680.1,8.5,1.25,0.521,leisure,1
410,65,28,851.5,10.64,0.5,0.93,commute,1
411,65,28,578.6,7.23,1.25,0.684,commute,1
412,46,21,1720.9,21.51,0.5,0.633,commute,1
413,2,8,376.7,4.71,1,0.812,commute,1
414,63,11,270,3.37,1.25,0.661,commute,1
415,44,5,1526.5,19.08,0.75,0.8,leisure,0
416,45,28,1153.2,14.42,1,0.722,study,0
417,5,28,1898.7,23.73,1.5,0.615,study,0
418,75,10,1874.3,23.43,1,0.925,commute,0
419,78,26,775.3,9.69,0.75,0.533,study,0
420,7,26,297.5,3.72,0.75,0.538,leisure,1
421,18,21,559.1,6.99,1.5,0.691,study,1
422,27,21,2644.8,33.06,0.75,0.827,commute,1
423,64,28,485.7,6.07,1,0.98,commute,1
424,77,27,517.4,6.47,2,0.657,commute,0
425,8,8,304.9,3.81,1.5,0.491,leisure,0
426,18,21,500.5,6.26,1.75,0.842,commute,1
427,2,8,453.9,5.67,1.25,0.505,commute,0
428,28,30,265.5,3.32,1.5,0.629,leisure,0
429,19,17,473.2,5.91,1.25,0.29,commute,1
430,35,8,395.9,4.95,0.75,0.594,commute,1
431,53,5,1359.3,16.99,1.75,0.682,commute,0
432,40,3,1863.3,23.29,1.75,0.585,shopping,0
433,1,19,1318,16.48,1.5,0.756,shopping,0
434,3,12,777.1,9.71,0.75,0.443,study,1
435,41,26,1327.3,16.59,1.25,0.524,leisure,1
436,52,2,561.1,7.01,1.25,0.653,shopping,1
437,17,3,1560.8,19.51,0.75,0.325,shopping,0
438,59,28,3217,40.21,1,0.693,study,0
439,47,19,2413.4,30.17,0.75,0.559,shopping,0
440,34,13,1404.3,17.55,0.75,0.839,study,1
441,63,11,377.9,4.72,0.75,0.752,commute,0
442,43,28,2788.3,34.85,1.25,0.88,study,0
443,77,27,412.1,5.15,1,0.803,commute,0
444,45,28,1007.7,12.6,1,0.887,leisure,0
445,17,3,1860.4,23.25,1.25,0.438,leisure,0
446,6,28,1947.5,24.34,1.5,0.598,leisure,0
447,8,8,398.1,4.98,1,0.549,shopping,1
448,80,26,588.8,7.36,0.75,0.717,commute,0
449,68,11,219.9,2.75,1.25,0.838,study,1
450,79,28,638.8,7.98,1.5,0.701,study,1
451,3,12,682,8.53,1.5,0.673,commute,0
452,50,25,1661.7,20.77,1,0.745,study,0
453,58,26,1781.3,22.27,1.25,0.488,commute,0
454,62,28,581.8,7.27,1.25,0.759,leisure,0
455,28,30,234.3,2.93,0.75,0.235,leisure,1
456,10,11,1025.3,12.82,1,0.841,commute,0
457,36,13,1430.7,17.88,1.25,0.64,commute,0
458,49,17,1463.3,18.29,1,0.627,commute,0
459,77,27,458.2,5.73,1.5,0.808,leisure,0
460,59,28,3101.4,38.77,0.5,0.788,study,0
461,35,8,409.1,5.11,1.75,0.601,leisure,1
462,65,28,489.6,6.12,1,0.687,commute,1
463,49,17,1219.1,15.24,1,0.516,commute,1
464,2,8,298.7,3.73,0.75,0.695,study,1
465,23,28,752.5,9.41,0.75,0.559,commute,1
466,17,3,1822.7,22.78,1.5,0.475,study,1
467,27,21,2301,28.76,1.75,0.813,shopping,0
468,28,30,286,3.57,2,0.575,commute,1
469,9,19,952.3,11.9,1,0.739,study,0
470,23,28,508.8,6.36,1,0.859,commute,1
471,24,21,1783.1,22.29,1,0.858,leisure,0
472,18,21,505.2,6.31,0.75,0.845,study,1
473,62,28,1001.9,12.52,1.75,0.84,commute,0
474,14,25,1612.5,20.16,1.5,0.785,leisure,0
475,46,21,1412,17.65,2,0.958,commute,0
476,77,27,501.6,6.27,2,0.601,commute,0
477,40,3,1714.6,21.43,1.5,0.342,study,0
478,70,14,1028.8,12.86,1.75,0.391,study,0
479,74,11,415.3,5.19,1.25,0.884,commute,1
480,8,8,463.4,5.79,1,0.776,commute,1
481,11,23,1919.3,23.99,0.75,0.881,leisure,0
482,45,28,946.4,11.83,1,0.593,leisure,0
483,33,18,594.9,7.44,0.75,0.375,leisure,1
484,5,28,1432.2,17.9,0.5,0.777,study,0
485,6,28,2018.2,25.23,0.75,0.928,commute,0
486,16,25,1560.1,19.5,0.5,0.413,commute,1
487,56,14,1302.8,16.28,0.75,0.369,shopping,1
488,32,23,776.5,9.71,1.5,0.706,study,1
489,64,28,367.6,4.59,0.5,0.725,shopping,1
490,59,28,2549.4,31.87,1.75,0.682,commute,0
491,77,27,561.6,7.02,1.75,0.664,leisure,1
492,24,21,1848.8,23.11,1.25,0.889,commute,0
493,27,21,3196.6,39.96,1.5,0.614,leisure,0
494,57,25,648.1,8.1,0.5,0.622,commute,1
495,24,21,1917.5,23.97,1,0.718,study,0
496,47,19,1765.4,22.07,0.5,0.834,leisure,0
497,77,27,463.4,5.79,1.5,0.806,leisure,0
498,5,28,1497.8,18.72,1.25,0.894,leisure,0
499,24,21,1707.7,21.35,0.75,0.759,leisure,0
500,79,28,783.5,9.79,1,0.47,leisure,1
501,64,28,382.5,4.78,0.75,0.453,commute,1
502,51,15,896.1,11.2,1.25,0.665,shopping,0
503,56,14,1503.6,18.79,1,0.336,leisure,1
504,57,25,646.8,8.08,1.25,0.735,study,1
505,74,11,533.3,6.67,1,0.966,study,1
506,2,8,321.1,4.01,0.75,0.479,commute,0
507,29,24,367.5,4.59,1.25,0.389,commute,0
508,16,25,1717,21.46,1.25,0.72,commute,0
509,45,28,1091.4,13.64,1.5,0.683,leisure,0
510,50,25,1011.2,12.64,1.25,0.541,study,1
511,71,19,1814.5,22.68,1,0.881,shopping,0
512,64,28,274.7,3.43,1,0.797,study,1
513,14,25,1063.5,13.29,0.75,0.715,commute,1
514,17,3,1495.3,18.69,1.25,0.374,study,0
515,28,30,322.4,4.03,0.75,0.652,commute,1
516,77,27,467.5,5.84,1.75,0.648,commute,0
517,7,26,318.6,3.98,1,0.474,leisure,0
518,27,21,1973.8,24.67,1.25,0.713,shopping,0
519,70,14,1900.2,23.75,1,0.22,leisure,0
520,48,19,520,6.5,1.25,0.845,leisure,1
521,77,27,364.8,4.56,1,0.98,commute,1
522,38,23,1541,19.26,0.75,0.683,study,0
523,76,2,378.9,4.74,1,0.555,shopping,0
524,15,26,1351.3,16.89,1.25,0.419,commute,1
525,3,12,679.6,8.49,0.75,0.555,leisure,0
526,59,28,2796.8,34.96,1.75,0.765,commute,0
527,43,28,3308.8,41.36,1.5,0.731,study,0
528,36,13,1414.8,17.69,1,0.616,leisure,0
529,58,26,1450.6,18.13,1.75,0.37,leisure,0
530,46,21,1246.1,15.58,1.25,0.472,commute,1
531,28,30,296.7,3.71,1.5,0.392,commute,1
532,19,17,514,6.43,0.75,0.563,commute,1
533,7,26,375.9,4.7,1.25,0.499,commute,1
534,28,30,304.5,3.81,1,0.363,leisure,1
535,34,13,1760.1,22,0.5,0.858,study,0
536,24,21,1442.4,18.03,1.25,0.816,leisure,0
537,41,26,2143.6,26.79,1,0.717,leisure,1
538,58,26,1406.8,17.59,1,0.651,leisure,0
539,64,28,280.8,3.51,1.25,0.833,study,0
540,50,25,1853.5,23.17,0.75,0.525,commute,0
541,67,25,1183.5,14.79,1.75,0.687,commute,1
542,31,12,494.9,6.19,1.75,0.326,commute,0
543,76,2,527,6.59,2,0.405,commute,1
544,42,19,1189.1,14.86,1,0.671,leisure,0
545,16,25,1778.6,22.23,1,0.839,commute,0
546,80,26,610.6,7.63,0.5,0.518,study,0
547,40,3,1264.9,15.81,1,0.387,leisure,0
548,9,19,658.5,8.23,1,0.871,study,1
549,12,8,1295.7,16.2,1,0.711,commute,0
550,56,14,1058.5,13.23,1,0.368,commute,1
551,23,28,854.8,10.69,1.5,0.626,commute,1
552,27,21,2165.4,27.07,1.25,0.704,commute,0
553,57,25,776,9.7,0.75,0.812,shopping,1
554,74,11,389.4,4.87,1.75,0.79,commute,1
555,55,10,1107.5,13.84,1,0.504,commute,1
556,64,28,320.6,4.01,2,0.745,leisure,1
557,79,28,630.5,7.88,1,0.721,commute,1
558,17,3,2078.3,25.98,1.25,0.143,shopping,0
559,40,3,1519.2,18.99,1.5,0.414,study,0
560,52,2,699.8,8.75,0.75,0.494,commute,0
561,5,28,1563.6,19.54,0.75,0.782,commute,0
562,77,27,325,4.06,0.5,0.453,commute,1
563,50,25,1220.9,15.26,1.25,0.956,commute,1
564,68,11,160.4,2.01,0.75,0.784,study,0
565,5,28,1672.1,20.9,1,0.757,commute,0
566,50,25,1759.8,22,0.75,0.821,study,0
567,41,26,2003,25.04,1.25,0.786,study,0
568,77,27,326.9,4.09,0.5,0.809,study,1
569,41,26,1809,22.61,1.25,0.625,leisure,0
570,10,11,1114.9,13.94,1,0.864,commute,0
571,42,19,1282.2,16.03,1.5,0.63,shopping,1
572,12,8,1285.1,16.06,1,0.814,commute,0
573,52,2,652.4,8.15,1.5,0.385,study,0
574,59,28,4097.6,51.22,0.5,0.642,shopping,0
575,24,21,2240.7,28.01,1.75,0.793,leisure,0
576,25,10,1501.5,18.77,1.5,0.673,study,0
577,35,8,386,4.82,0.5,0.572,leisure,0
578,27,21,2281.9,28.52,1.5,0.648,commute,0
579,19,17,360,4.5,1.25,0.552,commute,1
580,36,13,1328.8,16.61,1.75,0.803,study,0
581,22,20,1268.9,15.86,0.75,0.352,commute,0
582,29,24,399.1,4.99,1.25,0.532,leisure,0
583,62,28,653.3,8.17,1,0.672,commute,1
584,24,21,1863.2,23.29,0.75,0.808,leisure,0
585,59,28,3805.5,47.57,0.5,0.546,commute,0
586,38,23,1203.3,15.04,1.25,0.76,study,0
587,18,21,511.7,6.4,1,0.782,shopping,1
588,67,25,1775.3,22.19,1,0.864,leisure,0
589,46,21,1639.6,20.5,2,0.722,leisure,0
590,54,14,1346.8,16.84,1.5,0.468,study,0
591,31,12,656.5,8.21,0.5,0.543,study,1
592,18,21,495.6,6.19,1.5,0.644,study,1
593,26,14,447.9,5.6,2,0.537,study,0
594,8,8,334.5,4.18,0.75,0.486,leisure,0
595,67,25,1265.3,15.82,0.5,0.806,commute,1
596,45,28,1039.8,13,0.5,0.625,commute,0
597,12,8,1502.4,18.78,1.25,0.732,study,0
598,65,28,565.6,7.07,1.25,0.652,study,0
599,25,10,1086.1,13.58,2,0.976,study,0
600,70,14,1416.5,17.71,1.25,0.344,leisure,0
601,24,21,1974.1,24.68,1,0.948,study,0
602,75,10,1262.2,15.78,1.25,0.781,commute,0
603,17,3,1573.2,19.67,1.25,0.265,commute,1
604,1,19,1712,21.4,1.25,0.825,study,0
605,38,23,1680.7,21.01,1.25,0.95,commute,0
606,66,17,1114,13.93,1.75,0.574,commute,0
607,16,25,1616.5,20.21,1,0.48,commute,0
608,25,10,1282.3,16.03,1,0.63,study,0
609,10,11,876.5,10.96,2,0.888,leisure,0
610,9,19,1044,13.05,0.5,0.852,commute,0
611,16,25,1222.9,15.29,1,0.676,shopping,0
612,1,19,1362.4,17.03,1,0.808,study,0
613,5,28,1640.1,20.5,1.25,0.971,study,0
614,46,21,1729.4,21.62,1.25,0.646,shopping,0
615,46,21,1664.7,20.81,1.5,0.523,study,1
616,59,28,3658.4,45.73,1.25,0.756,leisure,0
617,12,8,1986.8,24.83,1,0.413,commute,0
618,64,28,419.6,5.25,1.75,0.783,commute,1
619,15,26,1568.3,19.6,0.5,0.592,commute,1
620,53,5,1788.7,22.36,1.5,0.98,leisure,0
621,78,26,1011,12.64,1,0.683,commute,1
622,62,28,671.3,8.39,0.75,0.854,shopping,0
623,29,24,244.2,3.05,1,0.644,commute,1
624,27,21,2212.2,27.65,1,0.838,leisure,0
625,50,25,1287.5,16.09,0.75,0.807,commute,1
626,37,30,2174.7,27.18,1.75,0.35,commute,0
627,67,25,1905.7,23.82,1.25,0.648,leisure,0
628,71,19,2233.6,27.92,1,0.745,study,0
629,40,3,1490.9,18.64,1.25,0.153,commute,1
630,68,11,195.8,2.45,0.75,0.427,commute,1
631,14,25,1788.2,22.35,2,0.49,commute,0
632,13,1,800.1,10,1.75,0.71,commute,1
633,2,8,353.9,4.42,1,0.605,leisure,1
634,27,21,1821,22.76,0.75,0.628,study,0
635,26,14,423.2,5.29,1,0.407,commute,1
636,45,28,1163.4,14.54,1,0.651,commute,0
637,26,14,317.2,3.97,1,0.202,shopping,1
638,65,28,549.6,6.87,0.5,0.879,leisure,1
639,13,1,1212.9,15.16,1.25,0.664,commute,1
640,77,27,601.3,7.52,0.75,0.575,commute,0
641,24,21,1465.1,18.31,2,0.708,study,0
642,16,25,1299.3,16.24,1.25,0.749,leisure,1
643,64,28,374.6,4.68,2,0.782,commute,0
644,33,18,634.5,7.93,1.5,0.593,leisure,0
645,57,25,830.6,10.38,0.75,0.803,leisure,1
646,27,21,1808.2,22.6,1.25,0.81,commute,0
647,58,26,1479.9,18.5,1,0.549,commute,1
648,27,21,2119.3,26.49,1.75,0.898,leisure,0
649,47,19,2109.7,26.37,1,0.675,shopping,0
650,35,8,474,5.93,2,0.654,study,1
651,26,14,349.9,4.37,1.5,0.418,commute,0
652,72,28,1407.3,17.59,0.5,0.634,commute,0
653,71,19,1514.9,18.94,1,0.719,commute,1
654,75,10,1429.2,17.86,2,0.667,leisure,0
655,38,23,1678.1,20.98,2,0.965,commute,0
656,57,25,613.6,7.67,1.5,0.866,commute,0
657,28,30,342,4.28,0.75,0.586,study,1
658,13,1,1113.5,13.92,1.75,0.844,leisure,0
659,24,21,1376.2,17.2,1.75,0.539,study,0
660,24,21,1639.4,20.49,1.75,0.894,leisure,0
661,45,28,988.8,12.36,1.75,0.502,leisure,0
662,69,4,2121.5,26.52,1,0.561,commute,0
663,79,28,1066.9,13.34,1.5,0.675,commute,1
664,16,25,1770.4,22.13,2,0.529,commute,0
665,56,14,1523.7,19.05,2,0.232,commute,1
666,13,1,1318.8,16.49,0.5,0.756,commute,0
667,14,25,1326.9,16.59,1.25,0.657,commute,0
668,77,27,499.6,6.24,1.5,0.641,commute,1
669,5,28,1483.9,18.55,0.5,0.98,leisure,1
670,13,1,733.9,9.17,0.75,0.632,commute,0
671,48,19,487.1,6.09,1.25,0.699,commute,0
672,8,8,358.2,4.48,1,0.552,study,1
673,70,14,1376.2,17.2,1.5,0.24,commute,0
674,46,21,1589.1,19.86,0.75,0.753,leisure,0
675,38,23,1211.7,15.15,1,0.835,leisure,0
676,28,30,256.6,3.21,1.75,0.572,commute,1
677,47,19,2251.8,28.15,1,0.874,commute,0
678,48,19,650.4,8.13,1.5,0.828,leisure,0
679,37,30,2406.4,30.08,0.75,0.491,commute,0
680,74,11,434.4,5.43,1.25,0.797,commute,0
681,22,20,1098.3,13.73,1,0.624,commute,0
682,35,8,417.9,5.22,1,0.56,commute,0
683,24,21,2141.9,26.77,1.25,0.652,study,0
684,10,11,1052.7,13.16,1.25,0.98,commute,1
685,27,21,1733.1,21.66,1.5,0.792,commute,0
686,28,30,364.6,4.56,0.5,0.437,leisure,0
687,22,20,1250.3,15.63,1.25,0.396,leisure,0
688,28,30,211.5,2.64,1,0.35,leisure,0
689,17,3,1456.3,18.2,0.75,0.429,commute,1
690,34,13,1899.8,23.75,1,0.799,study,0
691,8,8,394.3,4.93,1.75,0.541,study,1
692,50,25,1369.3,17.12,0.75,0.657,study,1
693,27,21,1799.6,22.49,1.25,0.743,study,0
694,10,11,871.1,10.89,1,0.726,shopping,0
695,51,15,788.8,9.86,1,0.608,commute,1
696,6,28,1740.8,21.76,0.5,0.697,study,1
697,14,25,1063.2,13.29,1.25,0.86,leisure,1
698,11,23,2223.8,27.8,2,0.844,leisure,0
699,14,25,1261.5,15.77,0.75,0.614,leisure,1
700,18,21,406.6,5.08,1.5,0.909,study,1
701,10,11,806.9,10.09,0.75,0.773,study,1
702,61,10,627.4,7.84,0.75,0.594,commute,1
703,8,8,491.2,6.14,1.5,0.535,leisure,0
704,78,26,844.4,10.55,1,0.524,leisure,0
705,35,8,507.4,6.34,1.25,0.555,leisure,1
706,25,10,935.4,11.69,1.25,0.701,leisure,0
707,68,11,238.3,2.98,1.25,0.653,study,1
708,23,28,552.4,6.91,0.75,0.622,study,0
709,40,3,1483.5,18.54,1,0.514,commute,0
710,40,3,1627.8,20.35,1.5,0.163,leisure,0
711,64,28,332.1,4.15,2,0.603,leisure,0
712,18,21,545.1,6.81,1.25,0.748,study,0
713,74,11,456,5.7,0.75,0.606,commute,1
714,12,8,1000.9,12.51,0.5,0.611,commute,1
715,23,28,963,12.04,0.5,0.98,leisure,0
716,42,19,1440.1,18,1.75,0.758,commute,0
717,32,23,859.5,10.74,1,0.73,shopping,0
718,32,23,979.6,12.24,1.25,0.589,leisure,0
719,5,28,2032.7,25.41,1,0.827,commute,0
720,40,3,1597,19.96,1.25,0.393,leisure,0
721,27,21,1827.3,22.84,0.75,0.887,commute,1
722,63,11,361.2,4.51,1,0.732,commute,1
723,46,21,1198.1,14.98,1.5,0.652,study,0
724,59,28,2760,34.5,1.5,0.907,leisure,0
725,34,13,2475,30.94,1,0.562,commute,0
726,39,19,1011.6,12.65,0.75,0.637,leisure,0
727,24,21,1573.1,19.66,0.5,0.753,study,1
728,67,25,1344.3,16.8,1,0.902,study,1
729,70,14,1273.5,15.92,1.75,0.05,commute,0
730,57,25,545.4,6.82,1.75,0.777,commute,1
731,16,25,1916.3,23.95,0.75,0.69,commute,1
732,23,28,742.4,9.28,1.25,0.764,study,0
733,43,28,2398.4,29.98,0.75,0.754,shopping,0
734,58,26,1329.7,16.62,0.75,0.623,commute,0
735,50,25,1726.5,21.58,0.75,0.98,study,0
736,47,19,2220.5,27.76,1.25,0.765,commute,0
737,37,30,1860.8,23.26,2,0.56,leisure,0
738,42,19,1298.6,16.23,0.75,0.754,study,1
739,48,19,718.2,8.98,1.5,0.788,leisure,1
740,8,8,403.5,5.04,1.25,0.59,shopping,1
741,27,21,1824.9,22.81,1,0.659,study,1
742,64,28,370.9,4.64,1.25,0.946,leisure,1
743,69,4,1897.3,23.72,1,0.462,commute,0
744,77,27,532,6.65,0.5,0.853,commute,1
745,24,21,1577.9,19.72,1,0.59,shopping,0
746,31,12,632.4,7.9,1.75,0.461,commute,1
747,6,28,1870.2,23.38,1,0.706,study,0
748,72,28,1461.5,18.27,1,0.743,leisure,1
749,73,23,2401.6,30.02,1,0.894,shopping,0
750,14,25,1189.6,14.87,1,0.599,commute,0
751,15,26,1910.3,23.88,1.5,0.66,study,0
752,6,28,2412.4,30.15,1.5,0.654,commute,0
753,25,10,1321.4,16.52,1.5,0.635,commute,0
754,79,28,854.7,10.68,1.5,0.91,commute,1
755,5,28,1492,18.65,0.5,0.538,commute,1
756,75,10,2035.7,25.45,1.75,0.582,commute,0
757,69,4,1681.6,21.02,1,0.335,study,0
758,22,20,1405,17.56,1.25,0.21,study,0
759,77,27,385.8,4.82,0.5,0.674,commute,1
760,42,19,1142.2,14.28,1,0.633,leisure,1
761,38,23,1640.2,20.5,0.5,0.868,study,1
762,40,3,1607.9,20.1,1.25,0.202,leisure,0
763,59,28,2845.4,35.57,1.75,0.714,commute,0
764,74,11,507.8,6.35,1.5,0.693,study,1
765,52,2,763.1,9.54,0.5,0.44,study,1
766,6,28,2147.4,26.84,1.25,0.7,commute,0
767,40,3,1710,21.37,1.5,0.251,study,0
768,9,19,1024.2,12.8,1.25,0.896,study,1
769,45,28,1294.2,16.18,1.25,0.923,shopping,0
770,24,21,1960.6,24.51,1.75,0.808,commute,0
771,29,24,356.8,4.46,1,0.585,commute,1
772,52,2,546,6.83,1,0.611,commute,1
773,22,20,1463.9,18.3,0.5,0.488,leisure,0
774,22,20,1326.6,16.58,1.5,0.603,commute,1
775,63,11,519.7,6.5,0.5,0.679,commute,1
776,62,28,840.3,10.5,2,0.891,shopping,1
777,26,14,382,4.78,2,0.529,commute,1
778,40,3,2310.7,28.88,1.25,0.288,leisure,0
779,32,23,795.1,9.94,2,0.98,commute,1
780,63,11,340,4.25,1,0.66,commute,1
781,47,19,1535.1,19.19,1.75,0.832,commute,1
782,42,19,1329.3,16.62,1.75,0.95,study,0
783,68,11,186.8,2.33,1,0.81,study,0
784,17,3,1461.6,18.27,1.25,0.451,study,0
785,67,25,1212.4,15.15,1.5,0.675,commute,1
786,5,28,1766.5,22.08,1,0.892,leisure,0
787,16,25,1324.8,16.56,1,0.594,commute,1
788,10,11,1265.3,15.82,1.5,0.768,study,1
789,10,11,1424.3,17.8,0.75,0.624,commute,0
790,11,23,2012.3,25.15,1,0.905,commute,0
791,32,23,676.4,8.45,0.75,0.642,study,0
792,59,28,3430.8,42.89,0.75,0.898,commute,0
793,56,14,1575,19.69,0.75,0.241,commute,0
794,62,28,768.1,9.6,1.25,0.652,study,1
795,43,28,3331.7,41.65,1.75,0.794,leisure,0
796,40,3,1389.8,17.37,1,0.472,study,0
797,62,28,1290.6,16.13,0.75,0.825,commute,0
798,52,2,823.3,10.29,1.25,0.226,commute,1
799,41,26,1252.3,15.65,0.5,0.675,study,1
800,54,14,1679.2,20.99,1.75,0.363,leisure,0
801,50,25,738.1,9.23,1.75,0.809,study,1
802,27,21,1469.8,18.37,1,0.645,leisure,0
803,58,26,1453.2,18.16,1.75,0.702,study,0
804,40,3,1545.2,19.32,1.5,0.424,leisure,0
805,38,23,1676.4,20.95,1.25,0.814,commute,1
806,34,13,1943.9,24.3,1.75,0.955,commute,0
807,40,3,1334.4,16.68,1,0.192,commute,1
808,77,27,363.3,4.54,0.5,0.679,commute,1
809,54,14,1401.5,17.52,1.75,0.391,commute,0
810,50,25,1401.3,17.52,1,0.654,study,0
811,58,26,1492.2,18.65,1.25,0.664,commute,0
812,57,25,648.6,8.11,1,0.815,leisure,1
813,18,21,552.4,6.9,0.75,0.963,leisure,1
814,23,28,662.4,8.28,1,0.627,commute,0
815,58,26,903,11.29,1.25,0.67,commute,0
816,5,28,1502.1,18.78,1,0.489,study,0
817,17,3,1827.8,22.85,0.75,0.408,leisure,0
818,76,2,466.7,5.83,1.75,0.471,study,0
819,45,28,1216.9,15.21,1.5,0.581,commute,1
820,27,21,2215.8,27.7,1.75,0.85,shopping,0
821,9,19,885.4,11.07,1,0.666,commute,1
822,18,21,646.4,8.08,1,0.569,commute,0
823,22,20,1203.4,15.04,1.5,0.455,study,0
824,79,28,783.1,9.79,1.25,0.816,commute,1
825,74,11,492.9,6.16,0.75,0.847,leisure,1
826,40,3,1928.5,24.11,1,0.409,leisure,0
827,39,19,1271.5,15.89,1.25,0.772,leisure,0
828,12,8,1048.6,13.11,0.75,0.638,study,1
829,27,21,2013.6,25.17,0.5,0.98,leisure,0
830,58,26,1498.5,18.73,1.5,0.718,commute,1
831,7,26,419.6,5.25,1.25,0.54,commute,0
832,14,25,1281.7,16.02,1,0.862,shopping,1
833,40,3,1913.2,23.91,1.25,0.392,commute,0
834,45,28,1624.2,20.3,1,0.69,leisure,0
835,68,11,292.5,3.66,1.75,0.895,commute,0
836,18,21,610.4,7.63,1.5,0.725,study,0
837,80,26,715.2,8.94,1,0.445,shopping,1
838,40,3,1384.9,17.31,1.5,0.472,study,0
839,24,21,1477.2,18.47,1.5,0.961,leisure,0
840,3,12,608.1,7.6,1,0.554,leisure,0
841,7,26,237.8,2.97,1.25,0.448,leisure,1
842,47,19,2044.1,25.55,1,0.848,commute,0
843,65,28,712.9,8.91,0.5,0.632,leisure,1
844,27,21,2540.5,31.76,1,0.775,leisure,0
845,48,19,499.5,6.24,1.25,0.792,study,1
846,35,8,321,4.01,1,0.69,commute,1
847,24,21,2348.1,29.35,0.75,0.884,leisure,0
848,71,19,1813.8,22.67,1.25,0.755,leisure,0
849,5,28,1617.4,20.22,1.5,0.678,commute,0
850,28,30,406.1,5.08,1.25,0.524,commute,1
851,34,13,2169.8,27.12,1.25,0.837,leisure,0
852,79,28,591.4,7.39,1,0.754,commute,1
853,71,19,2741.9,34.27,1,0.745,shopping,0
854,33,18,653.3,8.17,1.75,0.309,commute,0
855,22,20,1145.1,14.31,0.75,0.625,leisure,0
856,8,8,450.7,5.63,0.75,0.377,study,0
857,16,25,1464.9,18.31,1.75,0.711,leisure,1
858,5,28,1804.6,22.56,0.75,0.69,study,1
859,32,23,977.5,12.22,0.5,0.805,study,1
860,5,28,2019.1,25.24,0.5,0.728,commute,1
861,57,25,751.8,9.4,1,0.552,shopping,0
862,6,28,1522.3,19.03,1.5,0.66,commute,0
863,57,25,887.6,11.1,1,0.841,commute,1
864,51,15,686.3,8.58,1,0.686,commute,0
865,23,28,787.9,9.85,1.5,0.649,commute,1
866,53,5,1400.2,17.5,1.25,0.622,leisure,0
867,35,8,451.7,5.65,1,0.889,commute,1
868,77,27,434.2,5.43,0.75,0.817,commute,1
869,13,1,945.1,11.81,1.5,0.622,commute,0
870,36,13,1674.6,20.93,1,0.684,study,1
871,28,30,231.9,2.9,1,0.602,leisure,1
872,46,21,1524.1,19.05,1,0.639,commute,0
873,72,28,1186.3,14.83,0.5,0.709,study,0
874,18,21,353,4.41,1.5,0.861,shopping,1
875,6,28,1615.8,20.2,1.25,0.719,leisure,0
876,40,3,2184.8,27.31,1,0.269,commute,1
877,54,14,1868.6,23.36,1,0.346,shopping,0
878,45,28,1231,15.39,1.5,0.764,leisure,0
879,53,5,1105.6,13.82,1,0.678,leisure,1
880,6,28,1318.3,16.48,1.25,0.733,commute,1
881,35,8,461.8,5.77,1.75,0.682,study,0
882,18,21,603.5,7.54,1,0.854,leisure,1
883,46,21,1058,13.22,2,0.613,leisure,0
884,77,27,507.8,6.35,1.5,0.873,leisure,0
885,23,28,1063.9,13.3,1,0.826,commute,0
886,18,21,531.5,6.64,1,0.785,leisure,1
887,6,28,1449.2,18.12,1.5,0.738,study,0
888,18,21,431.5,5.39,1,0.637,commute,0
889,67,25,1326.4,16.58,0.75,0.505,study,0
890,65,28,551.1,6.89,0.5,0.893,leisure,0
891,10,11,900,11.25,1.25,0.661,commute,1
892,29,24,485.4,6.07,1,0.582,commute,1
893,58,26,1174.7,14.68,1,0.492,commute,1
894,58,26,1516.9,18.96,1,0.332,shopping,1
895,78,26,772.1,9.65,0.75,0.511,commute,0
896,45,28,1222.7,15.28,1.25,0.751,leisure,0
897,41,26,2692,33.65,0.75,0.552,leisure,0
898,37,30,2067.9,25.85,0.75,0.318,study,0
899,37,30,1785.5,22.32,2,0.466,commute,0
900,72,28,1384.6,17.31,1.5,0.664,leisure,1
901,24,21,1904,23.8,1,0.776,commute,0
902,18,21,493.5,6.17,1.25,0.686,commute,0
903,5,28,2227.8,27.85,1,0.769,commute,0
904,22,20,1167.2,14.59,1.75,0.656,commute,0
905,64,28,325.8,4.07,0.5,0.719,leisure,0
906,12,8,1664.5,20.81,1,0.54,commute,1
907,68,11,234.3,2.93,1.75,0.799,commute,1
908,26,14,258.9,3.24,0.5,0.446,study,0
909,77,27,458.3,5.73,1,0.681,commute,1
910,58,26,1373.2,17.17,1.25,0.488,study,0
911,53,5,1521.5,19.02,1.25,0.833,leisure,0
912,29,24,299.5,3.74,1,0.723,leisure,0
913,58,26,1259.5,15.74,1,0.349,leisure,0
914,5,28,1885.1,23.56,1,0.835,study,0
915,62,28,863.9,10.8,1.25,0.792,commute,0
916,78,26,1023.1,12.79,1.25,0.51,study,0
917,35,8,376.1,4.7,1,0.684,leisure,0
918,42,19,1278.4,15.98,1.25,0.963,leisure,1
919,64,28,246.9,3.09,0.75,0.757,shopping,1
920,19,17,447.8,5.6,0.5,0.418,commute,1
921,54,14,1081.5,13.52,2,0.581,commute,0
922,65,28,755.5,9.44,2,0.791,leisure,1
923,18,21,572.3,7.15,0.5,0.514,commute,1
924,50,25,975.6,12.19,0.75,0.597,leisure,0
925,61,10,778.7,9.73,1.25,0.688,commute,0
926,14,25,1427.2,17.84,1,0.699,commute,0
927,67,25,1103.7,13.8,0.75,0.652,commute,0
928,65,28,638.3,7.98,1,0.603,commute,1
929,15,26,1260,15.75,1.25,0.584,commute,0
930,35,8,298.5,3.73,1.25,0.607,commute,1
931,60,10,1158.4,14.48,1,0.667,commute,1
932,31,12,674.7,8.43,1,0.475,study,0
933,65,28,694,8.68,0.75,0.72,leisure,0
934,23,28,654.3,8.18,1.5,0.706,study,1
935,67,25,1432.4,17.9,1,0.839,commute,1
936,24,21,1505.6,18.82,1.25,0.773,commute,1
937,27,21,2002.9,25.04,0.75,0.642,commute,1
938,56,14,1147.1,14.34,1.75,0.312,shopping,0
939,23,28,988.7,12.36,0.5,0.507,commute,1
940,41,26,1614.2,20.18,1.25,0.546,commute,0
941,9,19,820.7,10.26,1.75,0.916,study,1
942,13,1,1192.3,14.9,0.5,0.806,commute,1
943,63,11,410.6,5.13,1,0.916,shopping,1
944,78,26,823.5,10.29,1,0.723,commute,0
945,35,8,490.3,6.13,1,0.586,shopping,1
946,11,23,2359.7,29.5,1,0.761,commute,0
947,38,23,993,12.41,1,0.959,commute,1
948,77,27,389.5,4.87,1,0.675,leisure,1
949,73,23,3006.8,37.59,1,0.778,study,0
950,52,2,471.9,5.9,1,0.5,leisure,1
951,77,27,590.8,7.38,1.25,0.621,commute,1
952,43,28,2595.5,32.44,1.25,0.629,leisure,0
953,1,19,1989.9,24.87,1.5,0.73,study,0
954,73,23,2377.1,29.71,1,0.695,commute,0
955,16,25,1254,15.67,1.25,0.537,commute,0
956,2,8,378.4,4.73,1,0.778,commute,1
957,28,30,356,4.45,1.5,0.439,study,1
958,67,25,1495.2,18.69,1.5,0.827,commute,0
959,24,21,2135.9,26.7,1,0.696,commute,0
960,22,20,1800.4,22.51,2,0.642,shopping,0
961,23,28,949,11.86,1.5,0.761,commute,0
962,31,12,626.7,7.83,1,0.445,commute,0
963,58,26,985.2,12.32,1.75,0.61,commute,1
964,46,21,1727.3,21.59,1,0.733,commute,1
965,16,25,1471.3,18.39,1,0.843,commute,1
966,24,21,1772.6,22.16,0.5,0.922,commute,1
967,35,8,321.6,4.02,1,0.667,commute,1
968,57,25,560.8,7.01,2,0.724,commute,1
969,74,11,335.9,4.2,1,0.842,commute,0
970,45,28,1611.7,20.15,0.5,0.703,commute,0
971,24,21,2190,27.38,1.5,0.791,commute,0
972,79,28,687.3,8.59,2,0.825,commute,1
973,13,1,900.7,11.26,1,0.562,study,0
974,69,4,1684.7,21.06,1.75,0.533,commute,0
975,26,14,423.7,5.3,2,0.411,commute,0
976,77,27,363.5,4.54,1.25,0.803,shopping,1
977,14,25,1085.4,13.57,0.5,0.749,commute,1
978,26,14,292.9,3.66,1.25,0.39,leisure,1
979,6,28,2451.5,30.64,1,0.551,leisure,1
980,72,28,1265,15.81,2,0.829,commute,1
981,11,23,2416.4,30.21,1.25,0.971,shopping,0
982,43,28,2167.5,27.09,2,0.642,leisure,0
983,16,25,1494.2,18.68,1.25,0.611,shopping,0
984,77,27,575.5,7.19,0.75,0.819,commute,1
985,50,25,1038.2,12.98,1.5,0.677,study,1
986,32,23,1109.8,13.87,0.75,0.595,commute,0
987,3,12,514,6.42,1,0.546,commute,0
988,10,11,1130.6,14.13,1,0.577,leisure,0
989,48,19,541.5,6.77,1.25,0.765,commute,0
990,32,23,1127.1,14.09,1.25,0.843,commute,1
991,58,26,1221.3,15.27,1.5,0.545,commute,0
992,48,19,422.6,5.28,1,0.916,commute,1
993,5,28,1547.9,19.35,1,0.506,study,1
994,3,12,746.7,9.33,0.5,0.48,leisure,1
995,18,21,465.4,5.82,1.25,0.773,leisure,1
996,42,19,1278.1,15.98,1.75,0.568,leisure,0
997,14,25,1656.4,20.71,1,0.557,commute,0
998,34,13,1905.2,23.81,0.5,0.667,commute,0
999,57,25,566.3,7.08,1,0.7,commute,1
1000,28,30,263.6,3.29,1.25,0.327,study,1
1001,8,8,334.3,4.18,1.25,0.621,study,1
1002,33,18,946.1,11.83,1.25,0.463,commute,0
1003,50,25,1523.5,19.04,1.25,0.751,study,0
1004,78,26,708.4,8.86,1.5,0.654,leisure,1
1005,75,10,1566.6,19.58,1,0.677,commute,0
1006,62,28,683.5,8.54,1,0.873,commute,1
1007,60,10,2227.2,27.84,1.25,0.514,leisure,0
1008,50,25,1534.2,19.18,1,0.588,shopping,0
1009,22,20,1156.5,14.46,1.5,0.399,commute,0
1010,17,3,1945.3,24.32,1,0.369,leisure,0
1011,46,21,2811.9,35.15,1.25,0.894,commute,0
1012,25,10,1068.9,13.36,2,0.58,shopping,1
1013,35,8,406.8,5.09,1.5,0.7,leisure,1
1014,46,21,1538.5,19.23,1,0.861,commute,0
1015,7,26,260.5,3.26,1.25,0.583,leisure,1
1016,17,3,1610.8,20.14,1.5,0.317,commute,0
1017,10,11,1009.5,12.62,1,0.871,leisure,1
1018,16,25,1591.6,19.89,1,0.848,leisure,1
1019,74,11,495.2,6.19,1.5,0.835,study,1
1020,54,14,1346.3,16.83,0.5,0.305,study,1
1021,27,21,1473.9,18.42,1.25,0.943,study,0
1022,69,4,1821.8,22.77,1.25,0.428,leisure,0
1023,16,25,1525.6,19.07,1.25,0.724,study,1
1024,52,2,481.9,6.02,2,0.407,commute,1
1025,62,28,778.3,9.73,0.75,0.872,leisure,1
1026,25,10,1543.8,19.3,1,0.582,study,0
1027,23,28,722.1,9.03,0.5,0.98,commute,0
1028,24,21,2110.4,26.38,2,0.98,shopping,0
1029,27,21,2029.4,25.37,1.25,0.826,shopping,1
1030,11,23,2412.2,30.15,1.25,0.827,commute,0
1031,32,23,1042.2,13.03,1.5,0.98,commute,0
1032,76,2,546.1,6.83,1.5,0.423,commute,1
1033,46,21,1469.9,18.37,0.75,0.737,leisure,0
1034,55,10,813.1,10.16,1.5,0.606,commute,1
1035,24,21,1480.7,18.51,1.5,0.869,shopping,0
1036,80,26,664.1,8.3,1.5,0.571,leisure,0
1037,62,28,646.8,8.08,1.25,0.841,commute,0
1038,40,3,1832.3,22.9,1.75,0.263,leisure,0
1039,27,21,1939.1,24.24,1.25,0.705,study,0
1040,35,8,358.7,4.48,2,0.386,study,1
1041,35,8,219.3,2.74,1,0.568,study,1
1042,77,27,344.1,4.3,1,0.819,commute,1
1043,78,26,685.5,8.57,1,0.49,commute,1
1044,64,28,366.5,4.58,1.75,0.854,leisure,1
1045,71,19,1502.5,18.78,2,0.841,leisure,0
1046,77,27,425.4,5.32,1.5,0.62,leisure,1
1047,71,19,1811.1,22.64,0.75,0.759,commute,1
1048,3,12,552.9,6.91,0.75,0.581,leisure,0
1049,42,19,1153.1,14.41,0.75,0.728,commute,0
1050,44,5,1326.7,16.58,1.5,0.818,shopping,0
1051,8,8,282.3,3.53,0.75,0.659,study,1
1052,50,25,1610.4,20.13,1,0.762,commute,1
1053,39,19,1633.3,20.42,1.5,0.895,commute,1
1054,55,10,817.3,10.22,1.5,0.693,commute,0
1055,35,8,417.7,5.22,1.5,0.438,leisure,1
1056,50,25,1213.5,15.17,0.5,0.796,commute,0
1057,58,26,1468,18.35,1,0.533,commute,0
1058,23,28,715.7,8.95,0.5,0.682,commute,1
1059,57,25,480.9,6.01,1.25,0.861,commute,1
1060,5,28,1306.6,16.33,1,0.723,commute,0
1061,36,13,1286.2,16.08,0.5,0.629,shopping,0
1062,57,25,646.7,8.08,1,0.755,commute,1
1063,57,25,972.1,12.15,1.5,0.624,commute,0
1064,5,28,1836.4,22.95,2,0.81,leisure,0
1065,23,28,898.3,11.23,0.5,0.682,commute,1
1066,7,26,296.6,3.71,1.25,0.565,leisure,1
1067,75,10,1364.8,17.06,1.25,0.783,commute,1
1068,58,26,1702.8,21.29,1.25,0.672,commute,0
1069,57,25,595.1,7.44,0.75,0.684,commute,1
1070,79,28,582.2,7.28,1,0.796,shopping,1
1071,74,11,444.3,5.55,1,0.692,commute,0
1072,66,17,1187.1,14.84,1.25,0.49,leisure,1
1073,24,21,1819,22.74,1.75,0.903,commute,0
1074,35,8,569.8,7.12,1.5,0.774,shopping,0
1075,5,28,1405.4,17.57,1,0.808,leisure,1
1076,59,28,3236.7,40.46,0.75,0.851,commute,0
1077,38,23,1682.2,21.03,2,0.849,commute,0
1078,36,13,1270.7,15.88,1,0.721,commute,0
1079,80,26,651.5,8.14,1,0.573,study,0
1080,39,19,1551.4,19.39,0.75,0.813,commute,0
1081,78,26,938.3,11.73,1,0.484,commute,0
1082,8,8,348.6,4.36,1.75,0.781,commute,1
1083,67,25,1060.4,13.26,2,0.807,commute,0
1084,8,8,299.5,3.74,2,0.754,leisure,0
1085,68,11,239,2.99,1.5,0.823,leisure,1
1086,43,28,3059.3,38.24,0.75,0.571,commute,0
1087,8,8,384.9,4.81,0.5,0.652,leisure,1
1088,13,1,975.9,12.2,1.25,0.779,study,1
1089,35,8,370.7,4.63,1.5,0.593,commute,0
1090,58,26,1306.5,16.33,1.5,0.643,study,0
1091,30,4,1929.5,24.12,1.25,0.394,commute,0
1092,68,11,206.5,2.58,1.75,0.776,study,1
1093,59,28,2650.4,33.13,0.5,0.506,leisure,0
1094,22,20,1457.6,18.22,1.75,0.658,study,0
1095,79,28,576.4,7.2,0.75,0.833,commute,1
1096,41,26,2188.1,27.35,0.75,0.643,commute,0
1097,40,3,1184.1,14.8,1,0.4,leisure,1
1098,50,25,2006.3,25.08,2,0.782,commute,0
1099,46,21,1183,14.79,1.5,0.918,study,1
1100,24,21,1917.5,23.97,1.25,0.775,study,1
1101,24,21,2079.6,26,1.25,0.729,shopping,0
1102,17,3,2269,28.36,0.75,0.581,study,0
1103,23,28,927,11.59,0.5,0.879,commute,1
1104,64,28,437.8,5.47,1,0.778,study,1
1105,3,12,494.8,6.19,1.5,0.516,commute,0
1106,45,28,1046.1,13.08,1,0.631,leisure,0
1107,31,12,567,7.09,0.75,0.75,commute,1
1108,59,28,3021.7,37.77,1.25,0.723,leisure,0
1109,17,3,1567,19.59,1,0.357,commute,1
1110,56,14,1410.4,17.63,1,0.347,shopping,1
1111,67,25,1432,17.9,1.5,0.681,study,0
1112,79,28,430.3,5.38,0.5,0.697,study,1
1113,47,19,2135.2,26.69,1,0.778,commute,0
1114,54,14,1343.4,16.79,1.5,0.226,leisure,0
1115,1,19,1561.5,19.52,0.75,0.929,commute,0
1116,14,25,1314.2,16.43,2,0.856,study,0
1117,37,30,1962.5,24.53,1.75,0.509,study,0
1118,76,2,559.8,7,1.5,0.491,study,1
1119,63,11,333,4.16,1.25,0.762,commute,1
1120,40,3,1288.1,16.1,1,0.438,leisure,0
1121,10,11,1056.5,13.21,1.75,0.756,commute,1
1122,42,19,1122.6,14.03,0.75,0.947,commute,1
1123,8,8,290.9,3.64,0.5,0.534,study,1
1124,40,3,2102.1,26.28,1,0.497,study,0
1125,14,25,1397.1,17.46,1.75,0.539,study,0
1126,77,27,396.8,4.96,0.5,0.98,commute,1
1127,16,25,1794,22.43,0.5,0.741,leisure,1
1128,40,3,1117.3,13.97,0.75,0.358,commute,1
1129,68,11,279.9,3.5,0.75,0.66,commute,1
1130,48,19,620.3,7.75,1.75,0.93,commute,1
1131,54,14,1282.9,16.04,1.25,0.336,shopping,1
1132,59,28,2483.4,31.04,1.75,0.594,leisure,0
1133,69,4,2054.4,25.68,0.75,0.53,leisure,1
1134,40,3,1819.2,22.74,2,0.205,study,0
1135,65,28,527.2,6.59,1.5,0.651,commute,1
1136,54,14,1516,18.95,1,0.412,study,0
1137,19,17,531.4,6.64,0.5,0.446,commute,0
1138,14,25,1301.9,16.27,1,0.703,leisure,0
1139,72,28,1211.1,15.14,0.75,0.647,commute,1
1140,77,27,350.3,4.38,1.75,0.762,commute,1
1141,8,8,421,5.26,0.75,0.612,shopping,1
1142,10,11,1041.3,13.02,1,0.785,leisure,0
1143,5,28,1321.9,16.52,1.25,0.611,commute,0
1144,56,14,1148.5,14.36,0.5,0.411,commute,0
1145,46,21,1407.7,17.6,1,0.747,commute,0
1146,17,3,1868.5,23.36,1.75,0.132,commute,0
1147,50,25,1495.2,18.69,1,0.772,commute,1
1148,46,21,1315.4,16.44,1.25,0.784,study,0
1149,6,28,1723.9,21.55,1.75,0.722,study,0
1150,68,11,281.3,3.52,0.75,0.825,commute,0
1151,46,21,1390.4,17.38,1.5,0.765,commute,1
1152,28,30,260.1,3.25,1.5,0.444,leisure,0
1153,75,10,2012.5,25.16,1.25,0.769,commute,0
1154,67,25,1085.6,13.57,1.75,0.717,commute,0
1155,22,20,1082.9,13.54,0.75,0.584,leisure,1
1156,28,30,279.1,3.49,1.75,0.517,study,1
1157,46,21,1447.4,18.09,1.5,0.933,commute,0
1158,71,19,2271.3,28.39,0.5,0.98,commute,0
1159,28,30,300.8,3.76,1.5,0.36,shopping,0
1160,27,21,2213.5,27.67,1,0.908,leisure,1
1161,18,21,375.2,4.69,1,0.77,leisure,1
1162,27,21,2664.5,33.31,1,0.698,commute,0
1163,19,17,353.4,4.42,2,0.55,study,1
1164,1,19,1511.9,18.9,1,0.922,study,0
1165,46,21,1628.2,20.35,0.5,0.624,leisure,1
1166,36,13,1464.5,18.31,1.25,0.559,commute,0
1167,32,23,680.5,8.51,1.25,0.687,leisure,0
1168,42,19,1134.8,14.18,1.75,0.773,leisure,0
1169,24,21,1624.5,20.31,0.75,0.804,leisure,1
1170,78,26,922.2,11.53,0.75,0.59,leisure,1
1171,80,26,775.1,9.69,1.25,0.728,commute,1
1172,79,28,818.1,10.23,1,0.741,leisure,0
1173,28,30,304.6,3.81,1,0.407,commute,1
1174,27,21,2880.3,36,1,0.712,shopping,0
1175,22,20,1220.1,15.25,1.5,0.61,commute,0
1176,24,21,1483.8,18.55,1.25,0.673,commute,1
1177,18,21,733,9.16,1.25,0.823,commute,0
1178,50,25,1752.2,21.9,0.5,0.779,leisure,1
1179,60,10,1641.2,20.52,0.75,0.624,shopping,0
1180,26,14,311,3.89,1,0.232,study,0
1181,41,26,2044.4,25.56,0.75,0.518,leisure,0
1182,5,28,1622.6,20.28,1.75,0.664,commute,0
1183,1,19,1802.8,22.53,1.5,0.865,commute,1
1184,36,13,1274,15.93,1,0.742,commute,0
1185,14,25,1554.2,19.43,1.5,0.862,commute,1
1186,46,21,1506.6,18.83,0.75,0.846,commute,0
1187,29,24,330.4,4.13,2,0.577,leisure,0
1188,43,28,3403.6,42.55,1,0.792,commute,0
1189,21,5,1211.5,15.14,1.75,0.885,study,0
1190,77,27,312.8,3.91,1,0.681,commute,1
1191,9,19,961.3,12.02,1,0.675,commute,1
1192,58,26,1431,17.89,2,0.668,commute,0
1193,6,28,1808.9,22.61,1,0.838,commute,0
1194,6,28,1756.7,21.96,1,0.667,leisure,0
1195,59,28,2851.7,35.65,1.5,0.661,commute,0
1196,66,17,1914.7,23.93,1.25,0.302,leisure,0
1197,6,28,2036.8,25.46,0.5,0.924,study,1
1198,58,26,1183.4,14.79,1.75,0.489,commute,1
1199,17,3,1553.5,19.42,1.5,0.186,shopping,0
1200,28,30,337.3,4.22,1,0.54,study,1
1201,20,4,348.6,4.36,1,0.241,shopping,1
1202,57,25,666.3,8.33,1.25,0.581,commute,1
1203,27,21,2023.1,25.29,1,0.554,study,1
1204,23,28,979.7,12.25,0.75,0.98,commute,1
1205,11,23,2193.5,27.42,0.5,0.673,commute,0
1206,50,25,1055.1,13.19,1.5,0.644,shopping,1
1207,36,13,2007.4,25.09,1.25,0.705,commute,0
1208,60,10,1176.2,14.7,1.75,0.702,commute,1
1209,51,15,761.1,9.51,1,0.629,study,0
1210,8,8,449.2,5.61,1,0.52,commute,0
1211,76,2,465.1,5.81,1.75,0.35,commute,1
1212,57,25,707.7,8.85,1,0.782,study,1
1213,2,8,516.4,6.46,1,0.639,study,0
1214,10,11,784.1,9.8,1,0.646,leisure,0
1215,28,30,309.5,3.87,1.5,0.525,leisure,0
1216,54,14,1846.6,23.08,1.25,0.543,commute,0
1217,80,26,709.8,8.87,1,0.506,commute,1
1218,56,14,1350.3,16.88,1.75,0.439,shopping,0
1219,79,28,634.4,7.93,0.75,0.925,leisure,1
1220,61,10,786,9.83,1.25,0.807,commute,1
1221,3,12,610.6,7.63,1,0.727,leisure,0
1222,17,3,1927.3,24.09,1.75,0.433,leisure,0
1223,46,21,1659,20.74,1.25,0.853,leisure,0
1224,79,28,705.8,8.82,0.75,0.862,leisure,1
1225,15,26,1492.2,18.65,0.5,0.598,study,0
1226,54,14,1433.2,17.92,2,0.463,shopping,1
1227,32,23,853.1,10.66,1.25,0.88,study,0
1228,35,8,482.7,6.03,1.75,0.66,commute,1
1229,27,21,2332.5,29.16,1.25,0.693,commute,0
1230,42,19,1053.6,13.17,1,0.607,commute,1
1231,74,11,467.3,5.84,0.5,0.724,study,1
1232,67,25,1168,14.6,1.25,0.728,shopping,0
1233,67,25,1328.6,16.61,0.75,0.642,shopping,0
1234,64,28,460.7,5.76,1.5,0.751,leisure,1
1235,5,28,1409.8,17.62,1,0.884,leisure,0
1236,40,3,1481.3,18.52,1,0.31,shopping,0
1237,34,13,1544.1,19.3,1.75,0.701,leisure,0
1238,57,25,601.4,7.52,0.75,0.547,shopping,1
1239,1,19,1872.1,23.4,1,0.949,shopping,1
1240,80,26,633.5,7.92,1.25,0.522,study,1
1241,36,13,1795.2,22.44,1.75,0.599,commute,0
1242,21,5,1447.2,18.09,1.5,0.814,commute,1
1243,16,25,1348.8,16.86,1.25,0.77,commute,1
1244,67,25,1531.1,19.14,1.25,0.804,leisure,0
1245,50,25,1343.5,16.79,0.75,0.98,commute,0
1246,58,26,1177.7,14.72,1.5,0.645,leisure,0
1247,78,26,734.1,9.18,1,0.672,study,1
1248,53,5,1413.9,17.67,1.5,0.751,commute,0
1249,18,21,513.1,6.41,2,0.98,leisure,1
1250,41,26,2043.4,25.54,1,0.621,shopping,0
1251,6,28,2097.2,26.21,0.75,0.872,shopping,0
1252,66,17,1255.9,15.7,1,0.444,study,0
1253,48,19,729.4,9.12,1.5,0.638,leisure,0
1254,57,25,415.6,5.2,0.75,0.609,commute,1
1255,45,28,1627.2,20.34,1,0.769,commute,0
1256,63,11,448.4,5.6,0.75,0.681,leisure,1
1257,78,26,780.4,9.76,1.25,0.753,commute,1
1258,22,20,1438.9,17.99,1,0.555,commute,0
1259,74,11,438.4,5.48,1.25,0.936,commute,0
1260,27,21,1807,22.59,1,0.864,commute,0
1261,46,21,1469.7,18.37,0.75,0.98,leisure,1
1262,71,19,2119.5,26.49,1,0.858,commute,0
1263,8,8,356.4,4.46,0.75,0.486,leisure,0
1264,40,3,1690.1,21.13,1.25,0.255,commute,0
1265,51,15,772.9,9.66,1,0.811,commute,1
1266,18,21,554.6,6.93,1.75,0.606,shopping,0
1267,14,25,1582.1,19.78,1,0.731,commute,0
1268,58,26,1544.1,19.3,2,0.666,shopping,1
1269,17,3,2166.3,27.08,0.75,0.279,commute,0
1270,31,12,569.8,7.12,1,0.742,leisure,1
1271,6,28,1747.6,21.84,1,0.641,study,0
1272,30,4,1812.7,22.66,1,0.698,commute,1
1273,50,25,1442.3,18.03,2,0.638,commute,0
1274,47,19,3130.9,39.14,1,0.975,leisure,0
1275,65,28,565.8,7.07,1,0.709,leisure,1
1276,31,12,676.9,8.46,1,0.7,commute,1
1277,35,8,506.8,6.33,0.5,0.407,leisure,1
1278,32,23,1182.7,14.78,1,0.819,commute,1
1279,18,21,607.5,7.59,0.5,0.718,leisure,1
1280,7,26,259.6,3.25,1,0.406,leisure,1
1281,28,30,282.8,3.53,1.25,0.672,commute,1
1282,57,25,692.3,8.65,1,0.621,commute,0
1283,76,2,481.5,6.02,1,0.339,commute,1
1284,42,19,1815.6,22.69,1.25,0.734,commute,0
1285,30,4,2071.6,25.9,1.25,0.425,commute,0
1286,35,8,515.3,6.44,1.75,0.694,study,0
1287,2,8,287,3.59,2,0.578,study,0
1288,80,26,784.4,9.81,1.75,0.405,commute,1
1289,27,21,2267,28.34,1.25,0.772,study,1
1290,38,23,1197.5,14.97,0.75,0.885,study,1
1291,45,28,1092.4,13.66,1,0.841,commute,1
1292,35,8,445.3,5.57,1,0.39,commute,0
1293,80,26,692.4,8.66,0.75,0.639,leisure,0
1294,17,3,2172.5,27.16,1.5,0.206,study,0
1295,76,2,346.3,4.33,0.5,0.401,leisure,1
1296,4,5,1608.5,20.11,1.25,0.673,leisure,0
1297,57,25,498.7,6.23,1.25,0.827,leisure,1
1298,15,26,1506.4,18.83,0.75,0.65,leisure,1
1299,17,3,1540.9,19.26,0.5,0.515,study,0
1300,17,3,1986.6,24.83,1,0.418,leisure,0
1301,64,28,327.6,4.09,1.5,0.587,leisure,1
1302,45,28,1069.9,13.37,1,0.71,study,0
1303,17,3,2148.8,26.86,1.5,0.113,leisure,0
1304,6,28,2358.6,29.48,1.25,0.653,leisure,0
1305,36,13,1196,14.95,1.5,0.712,leisure,0
1306,34,13,1654.2,20.68,1,0.573,commute,0
1307,43,28,2609.6,32.62,1.75,0.66,study,0
1308,22,20,1409.5,17.62,2,0.351,commute,0
1309,63,11,477.5,5.97,1,0.737,study,1
1310,33,18,668.4,8.35,2,0.436,study,1
1311,67,25,1838.9,22.99,1,0.658,commute,0
1312,7,26,308.2,3.85,1.25,0.63,study,1
1313,33,18,787.6,9.84,1,0.103,commute,1
1314,24,21,2672.3,33.4,1.75,0.683,study,0
1315,38,23,1794.7,22.43,1,0.894,study,1
1316,46,21,1574.9,19.69,1.5,0.97,leisure,1
1317,18,21,482.6,6.03,1,0.895,commute,1
1318,18,21,593.9,7.42,1,0.608,leisure,0
1319,77,27,453.7,5.67,1,0.756,commute,0
1320,12,8,1706.5,21.33,1,0.69,shopping,1
1321,56,14,1461.2,18.27,1,0.393,leisure,0
1322,40,3,1508.5,18.86,1,0.216,leisure,0
1323,58,26,1472.8,18.41,1.5,0.57,study,0
1324,16,25,1248,15.6,1,0.832,study,0
1325,7,26,473.5,5.92,1,0.465,leisure,0
1326,10,11,999.9,12.5,1.5,0.627,shopping,0
1327,31,12,817.8,10.22,2,0.52,shopping,0
1328,78,26,605.8,7.57,1,0.736,commute,0
1329,22,20,1441.1,18.01,0.75,0.469,study,0
1330,45,28,1048.8,13.11,1,0.833,commute,1
1331,10,11,875.7,10.95,1.25,0.778,study,0
1332,32,23,936.8,11.71,1.25,0.702,leisure,0
1333,38,23,1972.5,24.66,0.75,0.687,commute,1
1334,37,30,1786.2,22.33,1,0.299,leisure,1
1335,57,25,900.5,11.26,0.5,0.755,commute,0
1336,18,21,725.3,9.07,1.75,0.835,leisure,1
1337,16,25,1476.4,18.46,1,0.49,study,0
1338,28,30,272.4,3.41,1,0.496,commute,1
1339,75,10,1394.6,17.43,0.75,0.76,leisure,1
1340,45,28,877.6,10.97,0.75,0.661,leisure,1
1341,68,11,295.7,3.7,2,0.76,commute,0
1342,18,21,625.1,7.81,1.25,0.79,commute,0
1343,50,25,1104.6,13.81,1.5,0.929,shopping,1
1344,1,19,1258.8,15.74,1.25,0.9,commute,1
1345,77,27,467.4,5.84,0.75,0.98,commute,1
1346,28,30,377.8,4.72,0.75,0.463,commute,1
1347,77,27,518.3,6.48,1.25,0.804,leisure,1
1348,55,10,1025.9,12.82,0.5,0.702,commute,0
1349,74,11,522.2,6.53,1,0.942,commute,1
1350,37,30,1418.2,17.73,0.5,0.631,commute,1
1351,57,25,632.8,7.91,1.5,0.761,commute,1
1352,1,19,1623.5,20.29,1.5,0.877,commute,1
1353,3,12,654.7,8.18,0.75,0.564,study,0
1354,18,21,416.4,5.21,1.5,0.846,leisure,0
1355,2,8,362.2,4.53,1.5,0.456,commute,0
1356,79,28,788.2,9.85,1,0.786,study,0
1357,37,30,1314.1,16.43,1,0.575,shopping,0
1358,38,23,1420.5,17.76,1.25,0.729,commute,1
1359,15,26,1735.4,21.69,1.25,0.637,shopping,0
1360,57,25,692.3,8.65,0.5,0.642,shopping,1
1361,35,8,476.3,5.95,1,0.58,shopping,0
1362,34,13,1795,22.44,2,0.728,leisure,0
1363,19,17,412.1,5.15,0.75,0.551,leisure,1
1364,67,25,981.9,12.27,0.75,0.779,commute,0
1365,28,30,367.2,4.59,0.75,0.514,commute,0
1366,11,23,2410.5,30.13,1,0.969,leisure,0
1367,14,25,1520.5,19.01,1,0.612,commute,0
1368,16,25,1199.5,14.99,0.75,0.588,commute,0
1369,9,19,1150.5,14.38,2,0.98,commute,0
1370,18,21,633,7.91,0.5,0.764,study,0
1371,28,30,348,4.35,0.75,0.415,commute,1
1372,23,28,1080.7,13.51,1.25,0.809,commute,0
1373,2,8,531.9,6.65,1.75,0.804,shopping,1
1374,57,25,594.9,7.44,1,0.711,study,0
1375,9,19,812.8,10.16,1.25,0.676,leisure,1
1376,19,17,389.5,4.87,0.75,0.318,commute,0
1377,36,13,1099.4,13.74,1.25,0.756,commute,0
1378,40,3,1425.5,17.82,1.5,0.335,commute,0
1379,65,28,497.1,6.21,1.25,0.849,commute,1
1380,26,14,459.2,5.74,1,0.549,study,1
1381,1,19,1922.3,24.03,1,0.84,leisure,1
1382,67,25,1336.6,16.71,1.5,0.488,commute,0
1383,27,21,1519.7,19,2,0.918,leisure,1
1384,16,25,1453.5,18.17,1.25,0.789,commute,0
1385,50,25,1701.5,21.27,1,0.511,study,0
1386,47,19,1769.4,22.12,1.25,0.547,shopping,0
1387,71,19,1569.5,19.62,1.5,0.773,study,1
1388,31,12,634.2,7.93,1.5,0.593,study,0
1389,40,3,1431.3,17.89,1,0.461,commute,0
1390,14,25,1742.9,21.79,0.75,0.526,commute,0
1391,2,8,375.5,4.69,1,0.587,commute,0
1392,46,21,1356.4,16.95,0.75,0.927,leisure,0
1393,64,28,377.2,4.72,1.25,0.71,commute,0
1394,80,26,600.9,7.51,1.25,0.451,shopping,0
1395,64,28,343.4,4.29,1.5,0.774,study,0
1396,28,30,309.3,3.87,2,0.192,commute,1
1397,57,25,855,10.69,0.5,0.381,commute,1
1398,39,19,1402.7,17.53,1,0.805,commute,0
1399,14,25,1202.9,15.04,1.25,0.622,leisure,0
1400,20,4,410.1,5.13,1.5,0.723,commute,1
1401,57,25,801,10.01,1.25,0.762,study,1
1402,10,11,1181.3,14.77,1,0.92,leisure,0
1403,45,28,1040.8,13.01,0.75,0.821,study,1
1404,37,30,2104.8,26.31,2,0.507,leisure,0
1405,13,1,1102.8,13.78,0.75,0.786,study,1
1406,10,11,1214.9,15.19,1,0.828,commute,1
1407,4,5,1317.7,16.47,2,0.67,commute,0
1408,23,28,841.2,10.52,1.25,0.922,commute,1
1409,77,27,502,6.28,1,0.683,study,1
1410,9,19,768,9.6,1.75,0.874,study,0
1411,46,21,1645.7,20.57,1,0.671,commute,0
1412,6,28,1464.7,18.31,1,0.783,commute,0
1413,57,25,630.9,7.89,1.25,0.733,leisure,1
1414,59,28,2239.5,27.99,1,0.628,leisure,0
1415,57,25,524.3,6.55,0.75,0.694,shopping,0
1416,1,19,1974.3,24.68,1,0.774,leisure,0
1417,38,23,1806.6,22.58,2,0.735,study,0
1418,30,4,1818.2,22.73,1.25,0.652,commute,0
1419,27,21,2101.7,26.27,1,0.735,study,0
1420,66,17,1430.2,17.88,1.25,0.394,leisure,0
1421,8,8,439.3,5.49,1,0.64,leisure,1
1422,13,1,1233.3,15.42,0.75,0.658,leisure,0
1423,78,26,915.8,11.45,1,0.55,leisure,0
1424,72,28,1046.9,13.09,0.75,0.622,leisure,0
1425,76,2,464,5.8,0.75,0.618,leisure,1
1426,78,26,1053.5,13.17,1.5,0.545,commute,1
1427,20,4,441.8,5.52,1.75,0.558,leisure,0
1428,28,30,336.2,4.2,1.5,0.615,study,1
1429,14,25,1545.5,19.32,1,0.762,commute,0
1430,2,8,299.2,3.74,1.25,0.629,commute,1
1431,37,30,1857.1,23.21,1,0.488,leisure,0
1432,13,1,1166.9,14.59,1.75,0.484,study,1
1433,17,3,2265.7,28.32,1,0.164,shopping,0
1434,16,25,1767.7,22.1,1.5,0.533,shopping,0
1435,35,8,500.2,6.25,1.75,0.673,commute,1
1436,14,25,1558,19.48,1,0.974,commute,1
1437,80,26,608.5,7.61,1.5,0.595,leisure,1
1438,29,24,313.6,3.92,0.75,0.662,study,1
1439,62,28,711.8,8.9,1,0.686,leisure,1
1440,79,28,519.1,6.49,1.25,0.749,leisure,1
1441,11,23,1793.4,22.42,1.5,0.762,commute,0
1442,67,25,1131,14.14,0.5,0.803,study,1
1443,77,27,458.5,5.73,1,0.627,study,1
1444,67,25,1016.5,12.71,1,0.548,commute,0
1445,4,5,1382.6,17.28,0.5,0.847,leisure,1
1446,41,26,1648.3,20.6,1,0.838,commute,0
1447,75,10,1825.2,22.82,1,0.626,leisure,0
1448,70,14,1383.6,17.3,1.25,0.251,study,0
1449,57,25,717.9,8.97,1.25,0.762,commute,0
1450,65,28,673,8.41,1.75,0.738,commute,0
1451,17,3,1410,17.62,1.5,0.214,study,0
1452,38,23,1980.1,24.75,1.5,0.764,shopping,0
1453,3,12,428,5.35,0.75,0.679,shopping,0
1454,33,18,418,5.23,1.25,0.376,shopping,1
1455,3,12,662.7,8.28,1,0.475,commute,0
1456,48,19,484.9,6.06,1.25,0.754,shopping,1
1457,76,2,447.9,5.6,0.75,0.44,commute,1
1458,40,3,1589,19.86,1.75,0.41,study,0
1459,50,25,1676.1,20.95,1.25,0.98,commute,0
1460,7,26,294.8,3.68,1,0.761,shopping,1
1461,58,26,1001.2,12.51,1.25,0.756,leisure,1
1462,74,11,484.3,6.05,0.5,0.804,leisure,1
1463,24,21,2273,28.41,0.75,0.715,leisure,0
1464,16,25,1643.7,20.55,1.25,0.653,shopping,0
1465,58,26,1921.1,24.01,1.25,0.757,commute,0
1466,52,2,495,6.19,0.5,0.363,study,1
1467,43,28,2348,29.35,1.25,0.604,leisure,0
1468,45,28,1360,17,1,0.883,commute,0
1469,33,18,651.4,8.14,1,0.494,leisure,0
1470,78,26,842,10.53,0.75,0.529,commute,0
1471,52,2,466.7,5.83,1,0.55,commute,1
1472,80,26,559.6,6.99,0.75,0.556,commute,0
1473,12,8,1508.2,18.85,1,0.571,commute,0
1474,6,28,1801.2,22.52,1.5,0.742,study,0
1475,2,8,376.9,4.71,1.25,0.605,commute,1
1476,12,8,1156.9,14.46,1.25,0.586,commute,0
1477,67,25,855,10.69,0.5,0.825,shopping,0
1478,46,21,2186.2,27.33,0.75,0.789,study,1
1479,22,20,1359.6,17,2,0.356,commute,1
1480,9,19,730.3,9.13,1.75,0.869,commute,1
1481,78,26,752.3,9.4,1.75,0.549,leisure,0
1482,78,26,843.8,10.55,1.25,0.402,commute,0
1483,65,28,572.2,7.15,0.75,0.618,commute,1
1484,18,21,612.8,7.66,1,0.816,study,1
1485,79,28,567.7,7.1,1.25,0.855,commute,1
1486,45,28,1178.8,14.73,2,0.547,commute,0
1487,67,25,1456,18.2,0.75,0.934,commute,0
1488,79,28,746.2,9.33,1.5,0.663,commute,0
1489,77,27,464.3,5.8,0.75,0.715,commute,1
1490,67,25,1359.2,16.99,2,0.98,study,1
1491,34,13,1849.3,23.12,0.5,0.736,leisure,0
1492,23,28,809.7,10.12,1.25,0.845,commute,0
1493,24,21,1534.3,19.18,0.75,0.98,commute,1
1494,51,15,626.8,7.83,0.75,0.718,commute,1
1495,67,25,1411.4,17.64,0.75,0.738,study,0
1496,16,25,1064.4,13.3,0.75,0.527,commute,1
1497,55,10,1102.7,13.78,1.5,0.5,study,0
1498,59,28,2651.3,33.14,2,0.815,commute,0
1499,27,21,2123.2,26.54,0.5,0.66,leisure,0
1500,32,23,773.2,9.66,1,0.849,commute,1
1501,34,13,1492.7,18.66,1.25,0.606,leisure,1
1502,24,21,1641.2,20.51,1.25,0.748,leisure,0
1503,75,10,1377.1,17.21,1,0.55,study,0
1504,13,1,1059.3,13.24,1.25,0.817,study,1
1505,62,28,806.9,10.09,1,0.902,leisure,0
1506,75,10,2617.3,32.72,1.25,0.774,commute,0
1507,3,12,347.6,4.34,2,0.744,commute,1
1508,8,8,473.7,5.92,1.25,0.468,study,1
1509,52,2,462.3,5.78,0.75,0.605,leisure,1
1510,14,25,1977.7,24.72,0.75,0.755,shopping,0
1511,53,5,1705,21.31,1,0.732,shopping,0
1512,50,25,1077,13.46,0.5,0.694,study,1
1513,10,11,982.1,12.28,0.5,0.727,study,1
1514,47,19,2119.3,26.49,1,0.735,shopping,0
1515,2,8,300.2,3.75,0.5,0.683,commute,0
1516,59,28,3082,38.53,1.25,0.893,leisure,0
1517,77,27,485.2,6.07,1.5,0.65,commute,0
1518,36,13,1781.2,22.27,1.5,0.661,commute,0
1519,67,25,1184.6,14.81,1.5,0.879,commute,0
1520,28,30,222.5,2.78,1.25,0.502,leisure,1
1521,58,26,1002.8,12.54,2,0.414,study,0
1522,79,28,691.6,8.64,1,0.838,commute,1
1523,70,14,1321.8,16.52,1.5,0.362,commute,1
1524,41,26,1526.9,19.09,1.25,0.641,study,0
1525,12,8,1815.3,22.69,1,0.626,shopping,0
1526,24,21,1967.4,24.59,1.25,0.691,commute,1
1527,6,28,2277.5,28.47,1,0.762,commute,0
1528,43,28,1903.7,23.8,0.75,0.699,commute,0
1529,5,28,1470.7,18.38,0.5,0.804,commute,0
1530,9,19,815.3,10.19,0.75,0.98,commute,1
1531,80,26,787.7,9.85,0.75,0.39,commute,0
1532,65,28,612.2,7.65,1,0.624,study,1
1533,50,25,1335.7,16.7,1.5,0.741,commute,0
1534,8,8,315.1,3.94,1,0.825,leisure,1
1535,30,4,1472.1,18.4,1,0.561,commute,0
1536,5,28,1659.6,20.75,0.5,0.74,commute,1
1537,40,3,2311.8,28.9,1.25,0.542,leisure,0
1538,30,4,1327.7,16.6,0.75,0.335,study,1
1539,59,28,3694.6,46.18,1.75,0.677,leisure,0
1540,1,19,2304.8,28.81,1,0.79,commute,0
1541,27,21,2488.5,31.11,1.25,0.933,study,0
1542,77,27,352.1,4.4,0.5,0.689,leisure,1
1543,77,27,517.3,6.47,1,0.756,study,0
1544,40,3,1526.4,19.08,2,0.409,leisure,0
1545,35,8,325.9,4.07,1.5,0.575,commute,1
1546,46,21,1291.2,16.14,0.5,0.718,commute,1
1547,46,21,1070.3,13.38,0.75,0.727,shopping,1
1548,57,25,486.1,6.08,1.5,0.677,leisure,0
1549,41,26,1621.7,20.27,1,0.554,commute,1
1550,14,25,1475,18.44,1.5,0.677,commute,0
1551,74,11,408.3,5.1,1.5,0.534,commute,1
1552,45,28,968,12.1,2,0.59,leisure,0
1553,22,20,1188.4,14.85,1.5,0.432,commute,1
1554,4,5,1483,18.54,0.75,0.814,leisure,1
1555,20,4,415.5,5.19,1.5,0.488,study,0
1556,51,15,956.7,11.96,1,0.754,commute,1
1557,3,12,538,6.73,0.75,0.616,leisure,1
1558,5,28,1924.4,24.05,1,0.807,commute,0
1559,74,11,402.6,5.03,1.75,0.794,shopping,1
1560,46,21,1629.9,20.37,1.25,0.912,shopping,0
1561,72,28,1314.4,16.43,1.25,0.569,shopping,1
1562,50,25,1485.3,18.57,1.75,0.626,commute,0
1563,79,28,536.9,6.71,1.75,0.667,commute,1
1564,35,8,352.5,4.41,2,0.711,commute,0
1565,17,3,2272.3,28.4,1,0.428,study,0
1566,17,3,1708,21.35,1.5,0.292,leisure,0
1567,25,10,1521.5,19.02,1.5,0.813,leisure,1
1568,14,25,1168.1,14.6,1,0.802,commute,0
1569,29,24,469.6,5.87,1.5,0.511,commute,0
1570,67,25,1521.2,19.02,1,0.772,shopping,0
1571,17,3,1608.8,20.11,1,0.333,commute,1
1572,35,8,343.1,4.29,1.25,0.538,study,1
1573,22,20,1731.7,21.65,0.75,0.745,study,1
1574,54,14,1292.8,16.16,1.5,0.324,leisure,0
1575,17,3,1597.8,19.97,1.5,0.328,commute,0
1576,8,8,465.9,5.82,2,0.54,leisure,0
1577,54,14,1928.2,24.1,0.5,0.34,study,0
1578,5,28,1898.2,23.73,1,0.788,study,0
1579,66,17,1304.8,16.31,0.75,0.473,study,1
1580,73,23,1952.7,24.41,0.75,0.899,leisure,0
1581,37,30,1812.7,22.66,2,0.386,commute,0
1582,40,3,1468.6,18.36,1.75,0.181,study,0
1583,25,10,1309.6,16.37,1.25,0.861,study,1
1584,39,19,1408.5,17.61,0.5,0.65,shopping,0
1585,59,28,2487.7,31.1,0.75,0.545,commute,1
1586,27,21,1674.4,20.93,0.75,0.755,shopping,0
1587,9,19,973.4,12.17,1,0.752,commute,1
1588,29,24,243.5,3.04,1.5,0.882,commute,1
1589,76,2,430.7,5.38,1.25,0.385,study,0
1590,65,28,837.5,10.47,1,0.809,leisure,0
1591,8,8,263.3,3.29,0.75,0.575,study,1
1592,14,25,1271.5,15.89,1,0.611,shopping,0
1593,51,15,961.7,12.02,0.75,0.412,study,0
1594,78,26,765.7,9.57,0.75,0.585,leisure,1
1595,16,25,1878.3,23.48,1.25,0.648,leisure,0
1596,64,28,481.3,6.02,1.5,0.748,study,1
1597,39,19,1243.3,15.54,1.5,0.654,commute,0
1598,67,25,1222.2,15.28,1.5,0.763,commute,0
1599,62,28,839.2,10.49,1,0.852,study,1
1600,3,12,604.9,7.56,0.5,0.488,commute,0
1601,66,17,1312.9,16.41,1,0.466,study,1
1602,10,11,996,12.45,1,0.675,shopping,0
1603,77,27,545.9,6.82,1.25,0.73,commute,0
1604,8,8,428.5,5.36,0.5,0.607,study,0
1605,3,12,615,7.69,0.75,0.544,study,1
1606,13,1,1386.2,17.33,0.75,0.63,leisure,1
1607,45,28,1338.1,16.73,0.5,0.672,commute,1
1608,34,13,1596.3,19.95,1.25,0.834,commute,0
1609,13,1,1225.6,15.32,0.75,0.599,study,0
1610,65,28,748,9.35,1.75,0.583,commute,0
1611,37,30,2524.9,31.56,1.25,0.533,study,0
1612,15,26,1278.3,15.98,1,0.449,commute,0
1613,6,28,1918.3,23.98,0.75,0.747,commute,0
1614,32,23,1401.2,17.51,0.75,0.68,leisure,0
1615,28,30,346.6,4.33,1,0.513,commute,1
1616,18,21,618.4,7.73,0.75,0.747,commute,1
1617,61,10,700.4,8.75,1.75,0.562,study,0
1618,39,19,1588.4,19.86,0.75,0.583,leisure,1
1619,77,27,392.9,4.91,1.5,0.545,commute,0
1620,28,30,304.9,3.81,1.25,0.561,commute,1
1621,30,4,2019.4,25.24,1.75,0.426,commute,0
1622,40,3,1290.3,16.13,1.25,0.427,commute,0
1623,23,28,761.1,9.51,1.75,0.851,leisure,0
1624,22,20,910.3,11.38,1,0.389,commute,1
1625,24,21,1885.8,23.57,1,0.98,study,0
1626,50,25,1490.2,18.63,1,0.888,commute,1
1627,41,26,1700.4,21.25,0.5,0.558,study,1
1628,24,21,1244.8,15.56,1,0.607,study,0
1629,17,3,1283.5,16.04,0.75,0.245,leisure,1
1630,13,1,898.4,11.23,1,0.66,commute,0
1631,18,21,660.5,8.26,1.75,0.677,leisure,1
1632,22,20,1666.2,20.83,1.25,0.48,commute,0
1633,77,27,415.4,5.19,0.75,0.756,commute,1
1634,14,25,1980.1,24.75,1.5,0.682,commute,0
1635,68,11,221.5,2.77,1.5,0.827,commute,0
1636,46,21,1625.5,20.32,2,0.765,leisure,0
1637,24,21,1950.5,24.38,1.5,0.596,leisure,0
1638,80,26,623,7.79,1.25,0.714,commute,1
1639,56,14,1383,17.29,0.5,0.355,study,0
1640,5,28,1588.6,19.86,2,0.599,leisure,0
1641,16,25,2009.1,25.11,1.5,0.764,study,0
1642,4,5,1501.9,18.77,1.5,0.811,commute,0
1643,2,8,442.9,5.54,1.5,0.724,leisure,1
1644,15,26,1513.3,18.92,1.25,0.545,study,0
1645,24,21,1328.1,16.6,0.5,0.736,commute,0
1646,43,28,1990,24.87,0.5,0.597,study,1
1647,65,28,767.5,9.59,1.75,0.952,commute,1
1648,43,28,2480.4,31.01,1.5,0.786,study,1
1649,62,28,1174.1,14.68,1.25,0.688,study,0
1650,3,12,933.3,11.67,1,0.47,commute,0
1651,54,14,951.8,11.9,1.25,0.339,commute,0
1652,7,26,415.2,5.19,0.75,0.491,commute,1
1653,14,25,1524.4,19.05,1.25,0.546,commute,1
1654,16,25,1339.4,16.74,1.75,0.599,commute,0
1655,40,3,1405.7,17.57,0.5,0.559,leisure,0
1656,30,4,2270.4,28.38,2,0.35,study,0
1657,64,28,244.7,3.06,0.75,0.938,study,1
1658,24,21,1568.5,19.61,1.25,0.98,commute,1
1659,40,3,1041.1,13.01,0.75,0.31,leisure,0
1660,22,20,1077.1,13.46,1,0.313,leisure,1
1661,17,3,1693.4,21.17,1.5,0.405,leisure,0
1662,30,4,2617,32.71,2,0.312,commute,0
1663,17,3,1320.4,16.5,0.75,0.367,leisure,0
1664,60,10,1382.4,17.28,0.75,0.559,shopping,0
1665,74,11,411.2,5.14,1.75,0.544,leisure,0
1666,70,14,1653.1,20.66,1.5,0.431,shopping,0
1667,26,14,350.9,4.39,1.5,0.44,commute,1
1668,11,23,2293.4,28.67,1,0.8,study,0
1669,18,21,544.9,6.81,1,0.827,commute,1
1670,9,19,1086.1,13.58,1,0.837,leisure,1
1671,9,19,1061.3,13.27,1.75,0.733,commute,0
1672,67,25,1840.1,23,0.5,0.689,shopping,1
1673,24,21,1661.8,20.77,1.5,0.756,study,1
1674,76,2,625.1,7.81,1.25,0.542,leisure,1
1675,50,25,1332.9,16.66,1,0.819,commute,0
1676,25,10,1123.8,14.05,1,0.71,leisure,0
1677,27,21,2812.7,35.16,1.75,0.98,study,0
1678,52,2,683,8.54,0.75,0.681,commute,1
1679,38,23,1703.4,21.29,0.75,0.734,leisure,0
1680,28,30,348.8,4.36,1,0.534,commute,1
1681,40,3,1564.6,19.56,1.25,0.297,leisure,0
1682,5,28,1383.1,17.29,1,0.751,leisure,1
1683,58,26,1069.5,13.37,1.5,0.41,shopping,0
1684,26,14,470.5,5.88,0.75,0.608,commute,1
1685,57,25,658.8,8.24,0.5,0.489,commute,0
1686,14,25,1296.1,16.2,1,0.98,study,0
1687,58,26,1243.6,15.55,1.5,0.378,commute,0
1688,45,28,1416.3,17.7,0.75,0.642,leisure,1
1689,6,28,2174.3,27.18,1.5,0.676,leisure,0
1690,26,14,368.5,4.61,1.25,0.467,leisure,1
1691,64,28,356,4.45,1.25,0.779,leisure,1
1692,76,2,375.7,4.7,1,0.535,study,0
1693,64,28,341.7,4.27,0.5,0.799,leisure,1
1694,26,14,436.5,5.46,0.75,0.557,study,0
1695,46,21,1441.4,18.02,1.5,0.577,commute,0
1696,43,28,2174.6,27.18,1.25,0.859,study,1
1697,37,30,2129.3,26.62,2,0.427,commute,0
1698,2,8,284,3.55,0.5,0.928,commute,1
1699,46,21,1610,20.12,1.75,0.907,study,0
1700,77,27,421,5.26,1.5,0.526,leisure,1
1701,9,19,849.4,10.62,0.75,0.946,leisure,1
1702,4,5,1447.6,18.09,1.75,0.901,leisure,0
1703,7,26,347.2,4.34,1,0.48,leisure,0
1704,62,28,778.9,9.74,1,0.736,shopping,1
1705,46,21,1631.2,20.39,1.25,0.781,leisure,1
1706,48,19,723.6,9.04,1.5,0.908,commute,1
1707,29,24,436.6,5.46,1.75,0.675,study,1
1708,71,19,2054.1,25.68,0.5,0.727,commute,0
1709,21,5,1800.9,22.51,1.5,0.7,study,0
1710,5,28,2165.1,27.06,1.25,0.964,commute,0
1711,73,23,1612.9,20.16,1.25,0.893,commute,1
1712,71,19,2297.6,28.72,0.5,0.846,leisure,0
1713,56,14,1175.2,14.69,0.75,0.323,commute,0
1714,40,3,1754,21.93,0.5,0.347,commute,1
1715,17,3,1345.8,16.82,0.75,0.492,shopping,0
1716,56,14,982.9,12.29,1.25,0.382,commute,0
1717,24,21,1498.3,18.73,1.25,0.614,commute,0
1718,9,19,924.7,11.56,1.25,0.802,commute,1
1719,14,25,1782.7,22.28,1.25,0.647,commute,0
1720,80,26,564,7.05,1.5,0.557,study,0
1721,2,8,380.8,4.76,1,0.478,commute,1
1722,77,27,659.7,8.25,0.5,0.951,commute,1
1723,47,19,1709,21.36,0.5,0.868,commute,0
1724,57,25,726,9.08,2,0.605,commute,0
1725,2,8,519.8,6.5,1.5,0.699,study,0
1726,74,11,443.7,5.55,1.25,0.895,leisure,1
1727,24,21,1648,20.6,0.75,0.819,study,1
1728,66,17,1155.1,14.44,1.25,0.618,commute,0
1729,31,12,802.7,10.03,1,0.428,commute,1
1730,15,26,2407.4,30.09,0.75,0.524,shopping,0
1731,60,10,1643.2,20.54,1.75,0.552,leisure,0
1732,46,21,1377.2,17.22,1.5,0.746,study,1
1733,65,28,673.1,8.41,1,0.98,leisure,0
1734,55,10,730.5,9.13,1.25,0.757,leisure,1
1735,16,25,1363.5,17.04,1.5,0.766,leisure,1
1736,11,23,2439,30.49,1.25,0.84,leisure,0
1737,4,5,1805.2,22.57,1,0.583,commute,1
1738,46,21,1466.5,18.33,1.25,0.826,commute,0
1739,64,28,348.2,4.35,0.75,0.792,study,1
1740,67,25,1521.7,19.02,1,0.696,commute,0
1741,6,28,1799.9,22.5,0.5,0.831,study,1
1742,15,26,1143.7,14.3,1.75,0.464,study,0
1743,14,25,1508.3,18.85,1.25,0.649,study,0
1744,80,26,531.7,6.65,1,0.601,study,1
1745,50,25,1489.1,18.61,1,0.659,study,0
1746,26,14,451.1,5.64,1.25,0.409,commute,0
1747,57,25,695.3,8.69,0.5,0.65,leisure,0
1748,20,4,458.5,5.73,1.75,0.533,study,1
1749,56,14,2097.7,26.22,1.25,0.692,commute,1
1750,1,19,1727.6,21.59,0.75,0.736,leisure,0
1751,43,28,3436.1,42.95,1.5,0.653,commute,0
1752,6,28,1853.1,23.16,0.75,0.831,leisure,0
1753,22,20,1183.9,14.8,1.5,0.308,commute,1
1754,35,8,444.4,5.55,0.75,0.67,leisure,1
1755,71,19,1534.7,19.18,2,0.849,leisure,0
1756,13,1,1145.3,14.32,1.25,0.624,commute,1
1757,14,25,1358.3,16.98,2,0.857,commute,0
1758,44,5,1115.7,13.95,1.25,0.895,commute,0
1759,39,19,1240,15.5,1.25,0.682,study,1
1760,31,12,911.4,11.39,1,0.406,leisure,0
1761,24,21,1949.2,24.36,0.75,0.602,study,0
1762,30,4,1606.1,20.08,0.75,0.605,leisure,0
1763,38,23,1693.5,21.17,0.75,0.632,commute,0
1764,40,3,1097.1,13.71,0.5,0.606,leisure,0
1765,11,23,2380.8,29.76,1.5,0.969,study,0
1766,23,28,720.4,9,1.25,0.896,commute,1
1767,27,21,2158.3,26.98,1.25,0.741,commute,0
1768,39,19,1173.9,14.67,0.75,0.815,commute,1
1769,24,21,1822,22.77,0.75,0.642,commute,1
1770,14,25,1262.6,15.78,1,0.652,commute,0
1771,67,25,1298.6,16.23,0.75,0.52,commute,0
1772,42,19,975.6,12.2,0.75,0.777,commute,0
1773,67,25,1753.1,21.91,1,0.853,shopping,0
1774,65,28,643.9,8.05,1.25,0.699,commute,1
1775,80,26,735,9.19,1.25,0.452,commute,1
1776,57,25,800,10,1,0.783,study,0
1777,23,28,850.5,10.63,1,0.876,study,1
1778,12,8,1260.3,15.75,1.25,0.615,study,0
1779,41,26,1690.2,21.13,1.75,0.582,commute,0
1780,59,28,2763.4,34.54,1,0.677,shopping,0
1781,65,28,692,8.65,1,0.962,leisure,1
1782,14,25,1424.5,17.81,1.5,0.788,commute,0
1783,50,25,1946.5,24.33,0.5,0.845,study,1
1784,7,26,310.7,3.88,1,0.761,leisure,1
1785,50,25,1720,21.5,1,0.664,commute,0
1786,31,12,689.6,8.62,1.25,0.691,study,0
1787,34,13,2097.9,26.22,0.5,0.408,commute,0
1788,14,25,1495.1,18.69,1,0.73,commute,1
1789,62,28,628.2,7.85,1,0.898,commute,1
1790,40,3,1222.5,15.28,1.25,0.575,commute,1
1791,26,14,496.2,6.2,1,0.298,study,1
1792,16,25,1601.3,20.02,1,0.641,leisure,1
1793,68,11,122.6,1.53,1,0.898,commute,1
1794,38,23,1756.1,21.95,2,0.896,commute,1
1795,35,8,539.6,6.75,1,0.548,leisure,1
1796,41,26,2251.2,28.14,1.5,0.652,study,0
1797,47,19,1881.8,23.52,0.75,0.812,commute,0
1798,35,8,391.9,4.9,2,0.554,commute,1
1799,10,11,1009,12.61,0.75,0.774,commute,0
1800,40,3,1830.6,22.88,1.75,0.353,leisure,0
1801,44,5,1641.5,20.52,1.5,0.871,study,1
1802,77,27,449,5.61,1,0.707,shopping,1
1803,58,26,964.3,12.05,1,0.673,study,0
1804,17,3,2265.9,28.32,0.75,0.293,leisure,1
1805,18,21,498.4,6.23,2,0.775,study,0
1806,67,25,1061.2,13.27,1.25,0.902,study,0
1807,24,21,2003.9,25.05,1.5,0.706,leisure,0
1808,46,21,1689.4,21.12,1,0.591,shopping,0
1809,57,25,547.6,6.85,1.25,0.842,commute,1
1810,6,28,2668.4,33.36,1.75,0.675,shopping,0
1811,27,21,3263.4,40.79,0.5,0.62,commute,0
1812,56,14,1253.5,15.67,1.75,0.291,commute,0
1813,77,27,473.6,5.92,1,0.87,study,0
1814,10,11,1216.4,15.21,1.75,0.775,commute,1
1815,7,26,433.4,5.42,1.5,0.631,study,1
1816,80,26,613.5,7.67,1.5,0.822,study,0
1817,64,28,265.8,3.32,0.75,0.7,leisure,1
1818,62,28,745.8,9.32,1,0.453,shopping,1
1819,1,19,1501.5,18.77,1.25,0.84,study,1
1820,70,14,1565.8,19.57,1.5,0.242,leisure,0
1821,77,27,413.6,5.17,0.75,0.606,commute,1
1822,18,21,617.9,7.72,1.25,0.688,commute,1
1823,56,14,1411.8,17.65,1.5,0.505,leisure,1
1824,62,28,688.3,8.6,1.25,0.743,study,1
1825,17,3,1488,18.6,1.5,0.433,commute,0
1826,68,11,205.4,2.57,1.5,0.749,study,1
1827,77,27,420.9,5.26,1.5,0.444,commute,0
1828,16,25,1240.8,15.51,1.5,0.76,shopping,0
1829,61,10,827,10.34,1.25,0.797,study,1
1830,58,26,1058.8,13.24,0.75,0.698,leisure,0
1831,80,26,738.5,9.23,1.5,0.882,leisure,1
1832,5,28,1840.7,23.01,0.5,0.457,commute,0
1833,24,21,2518.3,31.48,0.75,0.546,leisure,0
1834,51,15,700,8.75,1.25,0.633,commute,1
1835,54,14,1634.1,20.43,1.25,0.117,commute,0
1836,9,19,870.7,10.88,1.5,0.923,commute,0
1837,67,25,1458,18.23,1.75,0.601,study,1
1838,63,11,429.8,5.37,1,0.687,commute,1
1839,17,3,1585.8,19.82,1.25,0.524,leisure,0
1840,18,21,690.3,8.63,1.5,0.923,leisure,0
1841,78,26,712.8,8.91,0.75,0.564,commute,0
1842,13,1,986.2,12.33,1,0.899,study,0
1843,52,2,411.7,5.15,1,0.378,shopping,1
1844,36,13,1282.9,16.04,2,0.658,shopping,0
1845,19,17,636.2,7.95,1.5,0.565,commute,1
1846,27,21,1966.8,24.59,0.5,0.801,leisure,0
1847,80,26,887.7,11.1,1,0.627,commute,0
1848,28,30,238.3,2.98,1.75,0.67,commute,0
1849,28,30,309.9,3.87,0.5,0.77,leisure,1
1850,39,19,1406.6,17.58,1.75,0.54,leisure,0
1851,40,3,1340,16.75,1.5,0.582,study,0
1852,28,30,266.4,3.33,1.75,0.448,commute,1
1853,52,2,695.8,8.7,1.25,0.295,leisure,0
1854,22,20,1028,12.85,1.25,0.407,commute,1
1855,45,28,1335.9,16.7,1.75,0.766,commute,0
1856,2,8,369.4,4.62,0.5,0.593,leisure,1
1857,38,23,1702.1,21.28,1,0.694,study,0
1858,9,19,1285.8,16.07,0.75,0.719,commute,0
1859,35,8,326.6,4.08,0.75,0.732,study,1
1860,24,21,1996.4,24.95,1.5,0.761,study,0
1861,75,10,1611.4,20.14,0.5,0.697,study,0
1862,52,2,694.4,8.68,1.25,0.243,leisure,1
1863,68,11,237.3,2.97,1,0.98,commute,0
1864,77,27,402.8,5.04,1.75,0.575,study,1
1865,65,28,563.7,7.05,0.5,0.98,shopping,1
1866,17,3,1967.7,24.6,1,0.273,commute,0
1867,40,3,1773.7,22.17,0.5,0.332,study,1
1868,54,14,1486.4,18.58,1.25,0.315,commute,0
1869,43,28,2970.8,37.14,1,0.619,commute,0
1870,7,26,332.2,4.15,1,0.718,study,1
1871,56,14,986.5,12.33,1,0.352,shopping,0
1872,28,30,349.1,4.36,1.5,0.499,commute,1
1873,5,28,1698.8,21.24,1.5,0.674,shopping,0
1874,35,8,326.7,4.08,0.75,0.821,commute,1
1875,23,28,1554.4,19.43,1.75,0.73,leisure,1
1876,28,30,323.6,4.04,1.25,0.702,study,0
1877,17,3,1476.5,18.46,1,0.352,commute,0
1878,46,21,1979.7,24.75,0.5,0.83,study,1
1879,65,28,653.4,8.17,1.5,0.832,leisure,1
1880,48,19,803.5,10.04,1.5,0.945,study,1
1881,14,25,1270.1,15.88,1.25,0.69,study,1
1882,1,19,1503.9,18.8,1.5,0.787,commute,0
1883,7,26,263.9,3.3,1.5,0.644,leisure,1
1884,55,10,1295,16.19,0.75,0.736,commute,0
1885,37,30,1998,24.98,1.25,0.452,leisure,0
1886,62,28,800.5,10.01,1,0.884,commute,1
1887,22,20,1050.8,13.13,1,0.621,commute,1
1888,74,11,427,5.34,2,0.709,leisure,1
1889,37,30,1904.3,23.8,0.75,0.608,shopping,0
1890,54,14,1344.3,16.8,1.5,0.509,study,0
1891,63,11,387.6,4.85,1.25,0.792,leisure,1
1892,50,25,1384.9,17.31,1,0.763,leisure,0
1893,37,30,2099.3,26.24,1.5,0.326,commute,0
1894,14,25,1353.4,16.92,0.5,0.736,leisure,0
1895,31,12,634.2,7.93,1.25,0.459,commute,0
1896,40,3,1596.6,19.96,1.75,0.548,commute,0
1897,67,25,925.4,11.57,1.5,0.943,study,0
1898,23,28,936.1,11.7,1.25,0.896,study,0
1899,67,25,1179.1,14.74,1,0.642,commute,0
1900,55,10,1059,13.24,0.75,0.626,study,0
1901,75,10,1896.6,23.71,1.5,0.676,shopping,0
1902,14,25,1165.4,14.57,1.75,0.863,commute,1
1903,40,3,1265.5,15.82,1.5,0.321,commute,0
1904,5,28,1547.7,19.35,1,0.663,commute,1
1905,76,2,433.1,5.41,0.75,0.536,study,1
1906,50,25,1454,18.18,1,0.757,leisure,1
1907,28,30,284.4,3.56,1,0.269,commute,1
1908,14,25,1505.2,18.81,1,0.865,study,0
1909,18,21,757,9.46,1.5,0.609,study,0
1910,36,13,1362.7,17.03,0.75,0.706,commute,0
1911,24,21,1869.8,23.37,1.5,0.831,shopping,0
1912,43,28,2419.1,30.24,0.75,0.622,study,0
1913,64,28,377,4.71,1.25,0.906,commute,1
1914,40,3,2037.9,25.47,1.25,0.371,shopping,0
1915,35,8,376.6,4.71,1.25,0.707,commute,1
1916,72,28,1457.8,18.22,1.25,0.772,leisure,0
1917,48,19,935,11.69,1,0.784,commute,0
1918,12,8,2251.1,28.14,0.75,0.569,study,0
1919,13,1,948.8,11.86,1.75,0.726,leisure,0
1920,17,3,978.9,12.24,1,0.066,commute,1
1921,12,8,1585.9,19.82,0.75,0.761,study,1
1922,14,25,1313.7,16.42,2,0.717,leisure,0
1923,14,25,1452.1,18.15,1.75,0.86,study,1
1924,24,21,1298.7,16.23,0.75,0.949,commute,0
1925,24,21,1690,21.12,1.75,0.958,commute,0
1926,78,26,929.7,11.62,1.5,0.586,study,0
1927,52,2,555.1,6.94,1.25,0.144,study,0
1928,45,28,1231.1,15.39,0.75,0.846,leisure,1
1929,50,25,1157.5,14.47,1.25,0.658,commute,0
1930,50,25,1935.3,24.19,1.5,0.837,leisure,0
1931,55,10,1002.3,12.53,0.75,0.769,commute,0
1932,68,11,307.1,3.84,0.5,0.665,commute,0
1933,35,8,333.3,4.17,0.5,0.502,study,1
1934,2,8,356.9,4.46,0.75,0.529,shopping,1
1935,25,10,1437.5,17.97,1.75,0.699,commute,0
1936,17,3,1718.1,21.48,1,0.194,commute,0
1937,46,21,1373.6,17.17,0.75,0.874,leisure,0
1938,54,14,987,12.34,1,0.346,leisure,0
1939,67,25,1755.1,21.94,1.75,0.795,commute,0
1940,65,28,589.3,7.37,0.5,0.843,commute,1
1941,3,12,660.4,8.25,1.25,0.433,commute,1
1942,3,12,566.9,7.09,1.5,0.47,commute,1
1943,59,28,2972.6,37.16,1.25,0.695,study,0
1944,19,17,539.4,6.74,0.5,0.355,commute,1
1945,41,26,1798.8,22.49,1,0.44,commute,0
1946,77,27,473.8,5.92,0.75,0.711,commute,0
1947,35,8,451.5,5.64,1,0.768,study,1
1948,11,23,1888.9,23.61,0.75,0.947,leisure,0
1949,43,28,2568.8,32.11,1.25,0.733,commute,0
1950,58,26,849.1,10.61,0.75,0.544,commute,0
1951,62,28,832.1,10.4,1.25,0.582,commute,0
1952,65,28,776.9,9.71,0.75,0.438,commute,1
1953,23,28,769,9.61,1.25,0.71,commute,0
1954,79,28,515.4,6.44,1,0.643,study,1
1955,26,14,300.9,3.76,0.75,0.433,shopping,1
1956,18,21,522.7,6.53,0.75,0.859,shopping,0
1957,65,28,744.7,9.31,0.75,0.487,leisure,1
1958,77,27,384.3,4.8,1.25,0.758,commute,1
1959,73,23,2204,27.55,1.25,0.581,leisure,0
1960,50,25,1302.4,16.28,0.75,0.745,commute,1
1961,72,28,1496.2,18.7,1.75,0.657,commute,1
1962,29,24,327,4.09,1.5,0.656,study,1
1963,58,26,1274.3,15.93,1.75,0.621,commute,0
1964,77,27,503.5,6.29,1.25,0.702,commute,0
1965,66,17,1064.4,13.3,0.75,0.613,leisure,1
1966,6,28,2177.6,27.22,1,0.733,shopping,0
1967,23,28,646.8,8.08,1,0.98,commute,0
1968,65,28,688.2,8.6,0.75,0.647,leisure,0
1969,23,28,702.2,8.78,0.5,0.729,commute,1
1970,40,3,1250,15.62,1.25,0.398,study,0
1971,31,12,818.3,10.23,1.5,0.473,shopping,1
1972,80,26,450.6,5.63,1.25,0.678,shopping,1
1973,12,8,1139.7,14.25,1.5,0.657,leisure,0
1974,18,21,410.1,5.13,0.75,0.906,commute,1
1975,5,28,1769.7,22.12,1,0.754,study,1
1976,43,28,2513.3,31.42,1.75,0.614,study,0
1977,2,8,264.6,3.31,0.5,0.784,shopping,1
1978,18,21,740.3,9.25,1.75,0.847,leisure,0
1979,13,1,1332.8,16.66,1.25,0.662,commute,1
1980,28,30,262,3.27,0.75,0.308,shopping,1
1981,79,28,825.9,10.32,1,0.946,commute,1
1982,77,27,354.1,4.43,0.75,0.715,commute,1
1983,17,3,1704,21.3,0.5,0.229,study,0
1984,43,28,2500.7,31.26,0.5,0.625,leisure,0
1985,46,21,1325.5,16.57,1.25,0.884,commute,0
1986,28,30,339.6,4.25,1,0.447,commute,1
1987,59,28,2145,26.81,1,0.776,commute,0
1988,45,28,1450.9,18.14,0.75,0.843,leisure,0
1989,12,8,1586.9,19.84,2,0.617,commute,0
1990,24,21,2684.9,33.56,0.75,0.794,shopping,0
1991,50,25,1127.6,14.09,1,0.747,leisure,0
1992,40,3,1115.4,13.94,1.25,0.443,leisure,0
1993,29,24,359.6,4.49,1.25,0.602,leisure,0
1994,27,21,1708.7,21.36,1.75,0.747,study,0
1995,29,24,283.8,3.55,1.25,0.829,leisure,1
1996,27,21,2499.8,31.25,1,0.937,commute,0
1997,70,14,1384.2,17.3,1,0.375,commute,0
1998,31,12,683.2,8.54,0.75,0.52,commute,1
1999,32,23,985.6,12.32,1.25,0.963,shopping,1
2000,77,27,441.1,5.51,1.25,0.661,shopping,1
2001,43,28,2882.3,36.03,0.75,0.786,leisure,0
2002,3,12,439.8,5.5,0.5,0.388,study,1
2003,37,30,2632.6,32.91,1.75,0.338,commute,0
2004,23,28,830,10.38,1.25,0.665,commute,0
2005,11,23,1610.9,20.14,1.5,0.593,leisure,0
2006,77,27,464.9,5.81,1.25,0.801,study,0
2007,21,5,2116.2,26.45,2,0.429,leisure,0
2008,17,3,1708.4,21.35,1.25,0.442,commute,0
2009,65,28,538.9,6.74,1.25,0.773,commute,0
2010,57,25,689.8,8.62,0.5,0.764,leisure,1
2011,18,21,456.6,5.71,0.75,0.8,study,1
2012,71,19,2755.7,34.45,1,0.672,commute,0
2013,68,11,229.6,2.87,1,0.928,study,1
2014,16,25,1568,19.6,1.25,0.862,leisure,0
2015,14,25,1907.1,23.84,1.5,0.639,leisure,0
2016,30,4,2348.6,29.36,1.5,0.423,commute,0
2017,25,10,1469.2,18.37,0.75,0.633,study,0
2018,64,28,326.4,4.08,1.25,0.715,leisure,1
2019,79,28,734.2,9.18,1.5,0.684,commute,0
2020,59,28,3591.3,44.89,1,0.568,commute,0
2021,27,21,2081.2,26.01,1,0.643,commute,0
2022,27,21,2716.4,33.96,1,0.895,leisure,1
2023,67,25,1702.3,21.28,1,0.818,commute,0
2024,28,30,345.8,4.32,1.25,0.516,commute,0
2025,47,19,2339.5,29.24,0.75,0.752,leisure,0
2026,60,10,1084.8,13.56,0.75,0.755,shopping,1
2027,39,19,1215.7,15.2,1.25,0.779,study,0
2028,13,1,1138,14.23,0.75,0.845,shopping,0
2029,24,21,1907.5,23.84,1.5,0.694,leisure,0
2030,51,15,639.5,7.99,1,0.781,commute,0
2031,9,19,873.7,10.92,1,0.573,commute,0
2032,18,21,713.4,8.92,0.75,0.63,commute,0
2033,68,11,202.7,2.53,1.5,0.849,leisure,1
2034,8,8,322.1,4.03,2,0.558,leisure,1
2035,40,3,1488.4,18.61,0.5,0.371,commute,0
2036,43,28,2994.2,37.43,1.5,0.952,commute,0
2037,50,25,1870.8,23.39,1,0.858,leisure,0
2038,41,26,1971.7,24.65,1,0.641,shopping,0
2039,61,10,1423.9,17.8,0.5,0.634,leisure,0
2040,71,19,2002,25.03,1.25,0.817,commute,0
2041,35,8,410.5,5.13,2,0.418,leisure,0
2042,57,25,566.2,7.08,1,0.728,commute,0
2043,48,19,497.5,6.22,1,0.879,leisure,0
2044,24,21,1949.6,24.37,1.25,0.793,leisure,0
2045,59,28,2346.8,29.33,0.75,0.658,leisure,0
2046,30,4,2182,27.27,1,0.566,leisure,1
2047,40,3,1236.3,15.45,0.75,0.384,commute,0
2048,28,30,305.5,3.82,1.5,0.688,commute,1
2049,14,25,1420.5,17.76,1.5,0.594,leisure,0
2050,65,28,507.1,6.34,1.5,0.83,leisure,1
2051,73,23,1850,23.12,1.75,0.774,commute,0
2052,23,28,588.4,7.35,1,0.805,leisure,1
2053,79,28,916.6,11.46,1.25,0.769,commute,1
2054,27,21,1853,23.16,1.5,0.704,leisure,0
2055,77,27,328.3,4.1,1,0.601,commute,0
2056,20,4,450,5.62,0.75,0.468,commute,1
2057,78,26,686.3,8.58,1,0.598,leisure,0
2058,67,25,1344.8,16.81,1.75,0.641,commute,0
2059,80,26,746.6,9.33,1.25,0.439,leisure,1
2060,65,28,825,10.31,1.5,0.98,study,0
2061,22,20,1713.7,21.42,1,0.456,commute,0
2062,44,5,1221.7,15.27,1.25,0.717,commute,0
2063,75,10,1830.8,22.88,0.5,0.838,commute,1
2064,18,21,722.7,9.03,1.25,0.843,commute,0
2065,3,12,473,5.91,1.5,0.473,commute,0
2066,17,3,2044.8,25.56,0.75,0.277,leisure,0
2067,54,14,1801,22.51,1,0.293,commute,0
2068,29,24,378.6,4.73,1,0.621,leisure,1
2069,24,21,1679.8,21,1.25,0.76,shopping,0
2070,10,11,886.7,11.08,1,0.976,leisure,0
2071,62,28,1126.6,14.08,0.5,0.841,commute,1
2072,18,21,499.8,6.25,1.5,0.648,commute,1
2073,53,5,1571.6,19.64,1.5,0.884,leisure,0
2074,40,3,1988.1,24.85,0.75,0.574,commute,0
2075,67,25,1091.8,13.65,1.5,0.817,leisure,0
2076,11,23,2189.2,27.37,1.5,0.644,commute,0
2077,17,3,2037.9,25.47,1,0.347,study,0
2078,22,20,1213.1,15.16,1.25,0.374,study,0
2079,79,28,725.9,9.07,1.25,0.793,shopping,1
2080,27,21,1961.9,24.52,0.75,0.813,commute,0
2081,55,10,1035.9,12.95,1.5,0.377,leisure,0
2082,59,28,4047.3,50.59,1.25,0.98,study,0
2083,77,27,366.5,4.58,1.75,0.827,leisure,1
2084,58,26,1196.5,14.96,1.5,0.557,commute,1
2085,24,21,1899.8,23.75,0.75,0.739,commute,0
2086,6,28,1730.9,21.64,1.25,0.878,commute,0
2087,58,26,1319.8,16.5,1,0.535,leisure,0
2088,28,30,412.2,5.15,1,0.561,leisure,0
2089,50,25,1217.1,15.21,1.25,0.602,commute,0
2090,24,21,2076.3,25.95,1,0.849,commute,0
2091,59,28,3349.6,41.87,1.5,0.661,leisure,0
2092,13,1,1198.1,14.98,1.75,0.98,commute,0
2093,8,8,293.5,3.67,2,0.591,shopping,0
2094,62,28,884,11.05,1.25,0.674,shopping,0
2095,31,12,489.1,6.11,1.25,0.459,commute,0
2096,26,14,361.3,4.52,1,0.453,leisure,1
2097,24,21,1798.8,22.48,0.5,0.683,shopping,0
2098,40,3,1354.9,16.94,1.5,0.135,leisure,1
2099,45,28,1003.7,12.55,1.5,0.667,commute,0
2100,50,25,1911,23.89,0.5,0.815,leisure,0
2101,58,26,1203.1,15.04,1.75,0.663,study,0
2102,24,21,1814.4,22.68,1.75,0.814,leisure,0
2103,7,26,396.9,4.96,1,0.653,commute,1
2104,24,21,2104.6,26.31,1.5,0.708,commute,0
2105,43,28,2312,28.9,1,0.691,leisure,0
2106,46,21,1348.2,16.85,1.25,0.791,commute,0
2107,68,11,261.5,3.27,1.75,0.777,leisure,1
2108,67,25,1338,16.72,0.75,0.618,commute,0
2109,36,13,1040.3,13,1,0.831,leisure,1
2110,5,28,1772.6,22.16,0.75,0.628,commute,0
2111,39,19,1287.5,16.09,0.75,0.624,commute,0
2112,69,4,2467,30.84,1.75,0.632,leisure,0
2113,10,11,852.1,10.65,1.75,0.67,study,0
2114,34,13,2093.7,26.17,0.75,0.754,study,0
2115,62,28,837.2,10.46,0.75,0.878,study,0
2116,37,30,1499.9,18.75,1,0.458,commute,0
2117,77,27,390.2,4.88,1,0.898,shopping,1
2118,73,23,2010.7,25.13,1,0.663,commute,1
2119,78,26,610.5,7.63,1.25,0.53,shopping,1
2120,51,15,932,11.65,1.25,0.746,leisure,0
2121,14,25,1219.7,15.25,1,0.464,commute,0
2122,6,28,1784.4,22.31,1,0.851,commute,0
2123,1,19,2133.3,26.67,1,0.633,commute,0
2124,40,3,1437.4,17.97,1.25,0.454,shopping,0
2125,69,4,1998.8,24.98,1,0.41,leisure,0
2126,72,28,1307.6,16.34,1,0.979,commute,1
2127,35,8,334,4.18,1,0.448,study,0
2128,80,26,547.7,6.85,0.75,0.557,commute,0
2129,50,25,1416.5,17.71,0.75,0.761,commute,1
2130,69,4,1712.1,21.4,1.5,0.421,commute,0
2131,18,21,692,8.65,1.75,0.852,study,1
2132,33,18,456.2,5.7,1.25,0.628,commute,1
2133,32,23,989.2,12.37,1.75,0.88,commute,0
2134,53,5,1558.5,19.48,1.25,0.919,commute,0
2135,51,15,739.5,9.24,1.75,0.805,commute,0
2136,77,27,476.9,5.96,1,0.856,commute,0
2137,1,19,1387.8,17.35,1.5,0.978,commute,1
2138,3,12,594,7.43,0.75,0.306,commute,0
2139,62,28,912.6,11.41,0.5,0.603,study,1
2140,36,13,1632.4,20.4,0.75,0.429,commute,0
2141,40,3,1934.5,24.18,0.5,0.132,commute,0
2142,19,17,329.2,4.11,0.75,0.401,leisure,1
2143,10,11,1477.9,18.47,1.25,0.764,commute,1
2144,6,28,2360,29.5,0.75,0.78,study,0
2145,17,3,1962.6,24.53,1.25,0.335,leisure,0
2146,9,19,814,10.18,1,0.91,commute,0
2147,43,28,2487.4,31.09,0.5,0.883,leisure,0
2148,13,1,1444,18.05,0.75,0.697,commute,0
2149,14,25,2109.4,26.37,1.25,0.644,commute,0
2150,51,15,887.7,11.1,1,0.861,commute,0
2151,73,23,2099.7,26.25,2,0.784,commute,0
2152,2,8,334.1,4.18,1,0.356,leisure,1
2153,5,28,2010.2,25.13,0.75,0.756,commute,0
2154,2,8,342.7,4.28,0.75,0.525,shopping,1
2155,38,23,1577.2,19.71,1.25,0.927,commute,1
2156,75,10,1535.1,19.19,0.75,0.539,leisure,0
2157,2,8,440.1,5.5,1.25,0.629,commute,1
2158,40,3,1900.3,23.75,1,0.293,leisure,0
2159,40,3,1571.5,19.64,1.25,0.227,leisure,1
2160,35,8,349,4.36,0.5,0.789,leisure,1
2161,30,4,2161.8,27.02,1.25,0.387,commute,0
2162,50,25,1516.1,18.95,0.75,0.468,shopping,0
2163,76,2,569.4,7.12,1.5,0.49,study,0
2164,4,5,1376.9,17.21,1.75,0.894,shopping,0
2165,40,3,1162,14.53,0.75,0.396,leisure,0
2166,29,24,304.5,3.81,1,0.881,study,1
2167,14,25,1354.4,16.93,1,0.708,leisure,0
2168,50,25,1690.6,21.13,1.25,0.692,commute,0
2169,8,8,328.9,4.11,1,0.575,commute,1
2170,17,3,1590.4,19.88,1,0.433,commute,0
2171,27,21,1964,24.55,1,0.72,commute,0
2172,80,26,544.4,6.8,1.75,0.651,study,0
2173,77,27,426.8,5.34,0.75,0.843,leisure,0
2174,17,3,1995.7,24.95,1,0.561,commute,0
2175,67,25,1026.4,12.83,0.75,0.812,leisure,1
2176,74,11,535,6.69,0.5,0.897,study,0
2177,55,10,864.6,10.81,1.75,0.569,study,1
2178,74,11,335.9,4.2,0.75,0.856,leisure,1
2179,36,13,1797.1,22.46,0.75,0.699,commute,0
2180,15,26,1229.6,15.37,1.25,0.57,study,0
2181,43,28,2881.4,36.02,1,0.397,leisure,0
2182,14,25,1026.5,12.83,1.25,0.696,leisure,0
2183,4,5,1761.6,22.02,0.5,0.782,shopping,0
2184,29,24,324.1,4.05,1.25,0.664,commute,1
2185,2,8,350.8,4.39,1.25,0.506,leisure,1
2186,36,13,1058.4,13.23,1,0.706,study,0
2187,67,25,1159.8,14.5,1,0.91,leisure,0
2188,16,25,1564,19.55,0.75,0.572,leisure,0
2189,18,21,547.6,6.85,0.5,0.514,commute,0
2190,80,26,677.4,8.47,1.5,0.595,leisure,0
2191,73,23,2605.8,32.57,0.5,0.724,study,0
2192,49,17,1563.6,19.55,1.25,0.577,study,0
2193,40,3,1210,15.13,1.25,0.398,leisure,0
2194,62,28,989.4,12.37,1.25,0.672,study,0
2195,50,25,1361.7,17.02,1.75,0.692,shopping,0
2196,16,25,1825.8,22.82,1.75,0.564,leisure,1
2197,43,28,2422.8,30.29,1,0.843,study,0
2198,58,26,1032.6,12.91,1.25,0.661,commute,0
2199,40,3,1656.4,20.71,1.5,0.423,commute,0
2200,13,1,1825.1,22.81,1,0.837,study,1
2201,16,25,1675.5,20.94,1,0.925,commute,0
2202,10,11,1003.6,12.54,1.25,0.789,study,0
2203,13,1,881.7,11.02,1.25,0.591,leisure,1
2204,67,25,1597.2,19.96,1.25,0.687,commute,0
2205,12,8,1251.9,15.65,0.75,0.604,shopping,0
2206,33,18,519.4,6.49,1.25,0.293,commute,1
2207,23,28,663.2,8.29,1.25,0.865,leisure,0
2208,59,28,4674,58.43,1.25,0.716,leisure,0
2209,1,19,1555.7,19.45,1.25,0.98,leisure,0
2210,22,20,1173.4,14.67,1.75,0.432,leisure,1
2211,14,25,1684.5,21.06,1.5,0.85,leisure,0
2212,6,28,1496.4,18.7,0.75,0.735,shopping,0
2213,40,3,1588.7,19.86,1.25,0.425,commute,0
2214,71,19,2404.7,30.06,1,0.627,study,0
2215,75,10,2265.4,28.32,1.75,0.883,commute,0
2216,12,8,1418.7,17.73,0.75,0.789,leisure,0
2217,17,3,1997.7,24.97,1,0.392,leisure,0
2218,51,15,573.4,7.17,1.25,0.754,leisure,1
2219,28,30,317.2,3.96,1.5,0.511,shopping,0
2220,5,28,1887.4,23.59,1.5,0.764,commute,0
2221,23,28,676.1,8.45,1.5,0.484,leisure,1
2222,7,26,275.7,3.45,1.25,0.469,shopping,0
2223,73,23,2396,29.95,1.75,0.851,leisure,0
2224,65,28,509.1,6.36,1.25,0.751,commute,1
2225,35,8,451.6,5.65,0.75,0.679,leisure,1
2226,9,19,847.6,10.59,1,0.756,leisure,1
2227,11,23,2431.3,30.39,2,0.709,study,0
2228,14,25,1545.4,19.32,0.75,0.761,leisure,0
2229,58,26,1408,17.6,1,0.704,study,1
2230,10,11,757.1,9.46,0.75,0.786,commute,1
2231,13,1,1199,14.99,1,0.783,leisure,0
2232,52,2,767,9.59,0.5,0.617,commute,0
2233,20,4,384.3,4.8,1,0.504,commute,1
2234,62,28,708.2,8.85,1.75,0.823,study,0
2235,35,8,538.9,6.74,0.5,0.595,commute,1
2236,9,19,755,9.44,0.75,0.73,leisure,0
2237,63,11,396.8,4.96,1.5,0.61,commute,0
2238,31,12,599.3,7.49,1,0.568,shopping,1
2239,24,21,1404.7,17.56,1,0.594,leisure,0
2240,22,20,1257.1,15.71,1.5,0.495,commute,1
2241,16,25,1330,16.62,1.25,0.664,leisure,0
2242,9,19,1048,13.1,0.75,0.718,commute,1
2243,65,28,760.6,9.51,0.75,0.715,study,0
2244,24,21,1881.1,23.51,0.75,0.784,commute,1
2245,17,3,1737.5,21.72,1.5,0.339,commute,1
2246,16,25,1429.5,17.87,1.25,0.806,leisure,1
2247,4,5,1748.4,21.86,1.25,0.823,commute,0
2248,19,17,407.9,5.1,1,0.316,commute,1
2249,56,14,798.9,9.99,0.5,0.322,leisure,1
2250,2,8,551,6.89,1.75,0.667,study,0
2251,50,25,1749.2,21.87,1,0.455,commute,0
2252,25,10,1299.6,16.25,0.5,0.617,commute,0
2253,12,8,1804.5,22.56,0.75,0.733,shopping,0
2254,10,11,1098.2,13.73,0.5,0.819,commute,1
2255,13,1,1659.2,20.74,1,0.569,commute,0
2256,41,26,1491.9,18.65,1,0.561,leisure,0
2257,52,2,540,6.75,1,0.355,leisure,1
2258,50,25,1507.8,18.85,1.5,0.69,leisure,1
2259,80,26,596.4,7.46,2,0.756,study,0
2260,11,23,2223.2,27.79,0.75,0.687,shopping,0
2261,6,28,1642.2,20.53,1,0.681,study,0
2262,50,25,1501.5,18.77,1.25,0.64,leisure,1
2263,23,28,736.9,9.21,1,0.824,commute,1
2264,18,21,616.3,7.7,1.25,0.806,study,1
2265,63,11,356.4,4.46,1.75,0.98,commute,1
2266,5,28,1585,19.81,1,0.794,leisure,0
2267,9,19,1099.4,13.74,0.75,0.694,commute,1
2268,74,11,510.9,6.39,1.25,0.757,leisure,1
2269,16,25,1424.8,17.81,0.5,0.669,leisure,0
2270,79,28,695.5,8.69,1,0.559,leisure,1
2271,28,30,270.8,3.38,1.25,0.421,commute,1
2272,12,8,1538.5,19.23,1.5,0.631,commute,0
2273,5,28,1832.8,22.91,1.5,0.92,leisure,1
2274,24,21,2133.7,26.67,1,0.611,shopping,0
2275,67,25,1839.3,22.99,1,0.716,commute,1
2276,38,23,1800.3,22.5,1,0.752,leisure,1
2277,28,30,290.7,3.63,1.25,0.396,study,1
2278,38,23,1793.7,22.42,1,0.829,commute,0
2279,59,28,2991.4,37.39,1.5,0.98,shopping,0
2280,1,19,1953,24.41,1,0.896,shopping,0
2281,58,26,1076.1,13.45,1.5,0.665,study,1
2282,24,21,1904.7,23.81,2,0.747,commute,0
2283,59,28,2880.5,36.01,1.25,0.618,study,0
2284,22,20,1422.4,17.78,1.25,0.444,commute,0
2285,72,28,1201.4,15.02,0.5,0.666,study,0
2286,51,15,725.7,9.07,0.5,0.784,study,1
2287,16,25,2020.7,25.26,1.5,0.723,commute,0
2288,14,25,1267.3,15.84,1.25,0.667,commute,1
2289,71,19,1967.6,24.59,1.5,0.766,study,0
2290,8,8,282.7,3.53,0.5,0.62,commute,0
2291,39,19,879.4,10.99,1,0.841,commute,1
2292,30,4,2457,30.71,0.75,0.567,commute,0
2293,23,28,658.6,8.23,1.5,0.534,leisure,0
2294,55,10,747.1,9.34,1,0.389,commute,1
2295,57,25,898,11.22,1.5,0.809,commute,1
2296,16,25,1040.7,13.01,1,0.782,study,0
2297,39,19,1384.5,17.31,1.5,0.917,shopping,1
2298,38,23,1907.3,23.84,1,0.792,study,0
2299,7,26,313,3.91,0.75,0.455,commute,1
2300,79,28,624,7.8,1.5,0.889,leisure,0
2301,46,21,1526.3,19.08,1,0.703,leisure,1
2302,28,30,271.3,3.39,1.25,0.534,leisure,1
2303,67,25,1645.7,20.57,1,0.691,study,0
2304,15,26,1231.9,15.4,0.75,0.475,commute,1
2305,7,26,283.7,3.55,0.5,0.69,study,1
2306,5,28,1901,23.76,0.75,0.811,commute,0
2307,15,26,967,12.09,0.5,0.575,commute,1
2308,31,12,448.2,5.6,0.5,0.408,commute,0
2309,52,2,425.8,5.32,0.5,0.347,commute,1
2310,27,21,2786.3,34.83,0.5,0.671,commute,0
2311,22,20,1689,21.11,1.25,0.526,study,0
2312,40,3,1959.9,24.5,1.5,0.26,leisure,0
2313,7,26,285.8,3.57,1.75,0.573,commute,0
2314,6,28,1834.7,22.93,1.75,0.746,shopping,0
2315,58,26,1212.3,15.15,1.5,0.536,leisure,0
2316,44,5,1323.9,16.55,0.75,0.828,leisure,1
2317,58,26,1025.7,12.82,1.25,0.59,shopping,0
2318,34,13,1794.9,22.44,2,0.599,commute,0
2319,5,28,1584.5,19.81,2,0.854,commute,0
2320,45,28,1414.9,17.69,1,0.725,leisure,1
2321,19,17,414.6,5.18,0.5,0.366,commute,1
2322,74,11,574.2,7.18,0.75,0.722,shopping,0
2323,45,28,730.6,9.13,1,0.695,study,0
2324,7,26,371.5,4.64,1,0.644,study,0
2325,65,28,634,7.93,1,0.788,commute,0
2326,36,13,1240.3,15.5,1,0.723,commute,0
2327,25,10,2036.1,25.45,1.25,0.742,study,0
2328,27,21,2300.9,28.76,0.75,0.594,leisure,0
2329,14,25,1382.3,17.28,1.5,0.775,study,0
2330,16,25,1211,15.14,1,0.833,study,0
2331,10,11,1014.1,12.68,1.75,0.613,leisure,1
2332,65,28,559.2,6.99,1.25,0.777,commute,1
2333,4,5,1938.1,24.23,1.75,0.774,study,0
2334,17,3,1727.6,21.6,0.5,0.464,commute,0
2335,14,25,1360.1,17,1.75,0.725,leisure,0
2336,26,14,394.6,4.93,0.5,0.384,leisure,0
2337,5,28,1430.2,17.88,0.75,0.724,study,1
2338,64,28,292.7,3.66,1,0.766,study,1
2339,36,13,2230.9,27.89,0.75,0.774,leisure,0
2340,74,11,725.1,9.06,1,0.683,shopping,0
2341,44,5,1046.3,13.08,1.25,0.77,leisure,1
2342,19,17,425.5,5.32,1,0.282,commute,0
2343,6,28,2407.9,30.1,1.5,0.633,leisure,0
2344,58,26,1225.5,15.32,1,0.519,study,1
2345,63,11,387.5,4.84,1,0.751,commute,1
2346,5,28,1417.4,17.72,1.25,0.871,shopping,1
2347,34,13,1963.2,24.54,1.5,0.545,leisure,0
2348,80,26,640.7,8.01,1.75,0.434,commute,1
2349,38,23,1237.9,15.47,1.25,0.728,commute,1
2350,74,11,380.2,4.75,0.5,0.644,commute,0
2351,67,25,1291.1,16.14,0.75,0.686,shopping,1
2352,56,14,1443.2,18.04,1,0.206,commute,1
2353,24,21,1645.7,20.57,1,0.639,study,1
2354,12,8,1537.7,19.22,1.5,0.678,study,1
2355,30,4,2107.1,26.34,1.25,0.471,shopping,0
2356,45,28,1136.8,14.21,1.5,0.74,study,0
2357,16,25,1424.1,17.8,0.75,0.75,study,1
2358,40,3,1849.8,23.12,0.75,0.252,commute,0
2359,2,8,433.1,5.41,1,0.763,leisure,0
2360,24,21,1852.3,23.15,1.25,0.98,leisure,0
2361,59,28,3468.8,43.36,1.25,0.884,commute,0
2362,54,14,1277.5,15.97,1.25,0.259,commute,0
2363,36,13,1294.8,16.19,1.75,0.555,leisure,0
2364,67,25,1732.9,21.66,1,0.98,leisure,0
2365,5,28,1613,20.16,0.75,0.561,study,1
2366,46,21,1343,16.79,0.75,0.835,commute,1
2367,72,28,1192.5,14.91,0.75,0.781,commute,0
2368,45,28,1276.1,15.95,1.25,0.509,commute,1
2369,80,26,699.4,8.74,1.25,0.544,leisure,1
2370,71,19,2032.4,25.41,1,0.904,commute,0
2371,46,21,1262,15.78,0.75,0.895,shopping,1
2372,24,21,2142.1,26.78,1.75,0.456,leisure,0
2373,6,28,1508.6,18.86,1,0.87,leisure,0
2374,27,21,1945.3,24.32,1.25,0.721,leisure,0
2375,2,8,269.5,3.37,0.75,0.686,commute,1
2376,17,3,2068.6,25.86,1.25,0.417,study,0
2377,6,28,2191,27.39,1,0.763,leisure,1
2378,65,28,578.5,7.23,2,0.658,commute,1
2379,5,28,1731,21.64,1.75,0.765,study,0
2380,3,12,621.8,7.77,1.25,0.228,commute,0
2381,40,3,1568.9,19.61,0.5,0.375,commute,0
2382,74,11,409.3,5.12,1.5,0.969,commute,1
2383,64,28,496.8,6.21,1.25,0.636,commute,1
2384,43,28,2142.2,26.78,0.5,0.812,commute,0
2385,77,27,473.6,5.92,0.75,0.774,leisure,1
2386,77,27,502.8,6.28,1,0.493,study,1
2387,27,21,2289.1,28.61,1.5,0.879,commute,0
2388,24,21,1704.8,21.31,1,0.897,leisure,0
2389,48,19,783.5,9.79,1.25,0.855,leisure,0
2390,17,3,2307.7,28.85,1.5,0.303,leisure,0
2391,73,23,1971.9,24.65,0.75,0.756,leisure,0
2392,16,25,1524.1,19.05,1.75,0.705,commute,0
2393,77,27,583.9,7.3,0.5,0.814,leisure,1
2394,24,21,2242.7,28.03,0.75,0.77,commute,0
2395,11,23,2152,26.9,1.5,0.715,shopping,0
2396,10,11,1010.3,12.63,1.25,0.693,commute,0
2397,68,11,289.8,3.62,1.5,0.709,shopping,1
2398,37,30,2171.3,27.14,1,0.397,commute,0
2399,14,25,1570.9,19.64,1.5,0.822,leisure,0
2400,45,28,1622.9,20.29,1.75,0.713,commute,1
2401,50,25,1720,21.5,1,0.631,leisure,0
2402,22,20,1304.4,16.3,1.5,0.677,study,0
2403,4,5,1581,19.76,1,0.799,commute,0
2404,2,8,296.8,3.71,1.75,0.738,commute,1
2405,62,28,869.2,10.86,1,0.606,commute,1
2406,16,25,1251.9,15.65,0.5,0.683,shopping,1
2407,12,8,1455.6,18.19,1.25,0.766,commute,1
2408,20,4,379.9,4.75,1.25,0.349,commute,1
2409,71,19,1696.8,21.21,0.75,0.791,leisure,0
2410,51,15,696.3,8.7,1.75,0.902,study,0
2411,49,17,1943,24.29,1.5,0.155,shopping,0
2412,77,27,329.7,4.12,1.25,0.835,shopping,1
2413,73,23,1785.3,22.32,1,0.719,commute,0
2414,64,28,194.4,2.43,1,0.71,commute,1
2415,40,3,1824.8,22.81,1.75,0.647,leisure,0
2416,75,10,1776.8,22.21,1.5,0.649,commute,0
2417,47,19,1960.6,24.51,1.75,0.693,commute,0
2418,72,28,1869.2,23.36,0.5,0.98,leisure,1
2419,7,26,295.8,3.7,1,0.557,leisure,1
2420,7,26,257.3,3.22,0.75,0.453,leisure,1
2421,63,11,329.4,4.12,1.25,0.634,commute,1
2422,42,19,1244.4,15.56,1,0.836,commute,1
2423,8,8,372.5,4.66,1.25,0.718,commute,1
2424,33,18,563.8,7.05,1.75,0.276,commute,0
2425,22,20,1750.9,21.89,0.75,0.512,leisure,0
2426,37,30,1814.4,22.68,1.75,0.562,commute,0
2427,43,28,3763.3,47.04,1.25,0.546,leisure,0
2428,55,10,1252.4,15.66,1.25,0.57,commute,1
2429,59,28,3212.9,40.16,1,0.659,commute,0
2430,27,21,1676,20.95,1.5,0.814,study,0
2431,35,8,354.2,4.43,1.25,0.81,shopping,1
2432,40,3,1354.1,16.93,0.75,0.379,study,0
2433,65,28,541.9,6.77,1,0.656,commute,0
2434,17,3,1873.2,23.42,1,0.244,commute,0
2435,40,3,1085.3,13.57,1.25,0.359,study,0
2436,31,12,748.2,9.35,0.75,0.401,commute,0
2437,22,20,1139.7,14.25,1,0.552,leisure,1
2438,3,12,552.5,6.91,1.5,0.552,commute,0
2439,23,28,864.1,10.8,1.25,0.933,commute,1
2440,6,28,1530.8,19.13,0.75,0.633,study,0
2441,67,25,1410.3,17.63,1.5,0.701,commute,0
2442,12,8,1438.6,17.98,1.5,0.467,commute,0
2443,7,26,304.7,3.81,1.25,0.857,commute,0
2444,58,26,1374.5,17.18,1.75,0.69,commute,0
2445,35,8,392.6,4.91,1,0.609,commute,1
2446,7,26,383.8,4.8,0.5,0.655,commute,0
2447,18,21,535.5,6.69,0.75,0.896,study,1
2448,64,28,454.9,5.69,0.75,0.74,leisure,1
2449,8,8,378.7,4.73,0.75,0.785,study,0
2450,37,30,2194.1,27.43,0.75,0.388,commute,0
2451,3,12,691.8,8.65,0.5,0.28,study,0
2452,24,21,1940,24.25,0.75,0.906,leisure,0
2453,12,8,1425.3,17.82,1.75,0.667,shopping,0
2454,13,1,997.5,12.47,0.75,0.654,commute,1
2455,8,8,344.4,4.31,0.75,0.478,commute,1
2456,8,8,441.5,5.52,1.5,0.732,commute,1
2457,7,26,296.6,3.71,1.25,0.322,commute,1
2458,29,24,446.5,5.58,0.5,0.785,leisure,1
2459,10,11,1078.2,13.48,1.25,0.98,commute,0
2460,68,11,205.1,2.56,1.25,0.822,commute,1
2461,40,3,2236.7,27.96,0.5,0.375,leisure,0
2462,18,21,533.2,6.66,2,0.824,study,1
2463,24,21,1635.1,20.44,0.5,0.841,commute,1
2464,7,26,388.2,4.85,1.5,0.496,leisure,1
2465,37,30,1731.2,21.64,2,0.404,commute,0
2466,24,21,1711.5,21.39,0.5,0.859,commute,1
2467,55,10,854.9,10.69,1.5,0.527,commute,1
2468,24,21,1890.7,23.63,2,0.801,commute,0
2469,79,28,992,12.4,1.5,0.71,commute,1
2470,77,27,438.6,5.48,1.75,0.502,commute,0
2471,57,25,597.5,7.47,1.5,0.645,commute,1
2472,41,26,1707.4,21.34,1.75,0.532,leisure,1
2473,14,25,1633.8,20.42,1,0.886,study,0
2474,7,26,341.2,4.26,1.25,0.527,study,1
2475,24,21,1808.9,22.61,1,0.832,study,1
2476,16,25,2015.8,25.2,1,0.679,commute,0
2477,67,25,1667.4,20.84,1.25,0.564,leisure,0
2478,45,28,1364.2,17.05,1,0.897,commute,0
2479,62,28,943.5,11.79,0.75,0.904,shopping,0
2480,11,23,2496.2,31.2,1.25,0.787,leisure,0
2481,15,26,1174.9,14.69,2,0.813,leisure,0
2482,17,3,1644.1,20.55,0.75,0.247,study,0
2483,77,27,437.8,5.47,1.5,0.873,study,1
2484,74,11,388.2,4.85,1,0.784,commute,1
2485,47,19,2697.4,33.72,1.5,0.818,commute,0
2486,27,21,1479.7,18.5,1.25,0.857,commute,0
2487,18,21,587.4,7.34,1.25,0.799,shopping,0
2488,18,21,593.5,7.42,1.5,0.851,leisure,0
2489,16,25,1544.9,19.31,1.5,0.74,commute,0
2490,17,3,1740.7,21.76,1.5,0.05,commute,0
2491,16,25,1178.8,14.73,2,0.851,commute,1
2492,41,26,1640.6,20.51,0.5,0.425,commute,0
2493,24,21,1605.1,20.06,1,0.666,commute,1
2494,27,21,1993.3,24.92,0.5,0.924,study,0
2495,5,28,1373.5,17.17,0.5,0.817,study,0
2496,27,21,2054.1,25.68,1.75,0.425,leisure,0
2497,64,28,448.8,5.61,1.75,0.626,commute,1
2498,6,28,1412.5,17.66,1,0.886,study,0
2499,28,30,294.6,3.68,0.75,0.45,commute,1
2500,27,21,2013.9,25.17,0.75,0.565,leisure,0
2501,75,10,1342.4,16.78,1.75,0.823,commute,1
2502,27,21,1954.7,24.43,0.75,0.83,commute,1
2503,72,28,1280,16,1.25,0.88,commute,1
2504,67,25,1147.5,14.34,1.5,0.828,commute,1
2505,65,28,528.4,6.61,1,0.72,commute,1
2506,62,28,811.6,10.14,0.75,0.807,leisure,1
2507,10,11,1037.2,12.96,1.25,0.909,leisure,1
2508,52,2,678.6,8.48,1,0.372,leisure,1
2509,67,25,1012,12.65,2,0.617,leisure,0
2510,14,25,1010.7,12.63,1.25,0.894,commute,0
2511,78,26,688.7,8.61,0.75,0.614,commute,0
2512,54,14,1230.4,15.38,1,0.495,commute,1
2513,43,28,2865.3,35.82,1,0.585,commute,0
2514,8,8,333.6,4.17,0.5,0.663,commute,1
2515,28,30,238.5,2.98,1,0.567,study,1
2516,53,5,927.7,11.6,1,0.764,study,0
2517,22,20,1265.7,15.82,1,0.393,leisure,0
2518,54,14,811.6,10.14,1.25,0.318,study,1
2519,19,17,526.5,6.58,0.5,0.253,study,0
2520,43,28,2837.1,35.46,1.75,0.775,study,1
2521,46,21,1681.4,21.02,0.75,0.807,study,1
2522,18,21,615.1,7.69,1.25,0.737,commute,0
2523,43,28,3088.1,38.6,1,0.785,commute,0
2524,57,25,537.3,6.72,1.5,0.683,commute,0
2525,63,11,341.7,4.27,1.5,0.858,study,1
2526,47,19,2224.2,27.8,2,0.887,shopping,0
2527,27,21,2204,27.55,1.75,0.771,commute,0
2528,1,19,1476.1,18.45,0.5,0.833,study,0
2529,4,5,2115.9,26.45,1.25,0.98,leisure,0
2530,62,28,893.8,11.17,0.75,0.739,commute,0
2531,40,3,1312.6,16.41,0.75,0.208,leisure,0
2532,71,19,1712.7,21.41,1.5,0.98,study,0
2533,58,26,2055.3,25.69,1.75,0.65,commute,0
2534,73,23,2415.9,30.2,1,0.668,leisure,0
2535,64,28,342.7,4.28,1.5,0.8,study,1
2536,64,28,265.1,3.31,1.25,0.637,commute,0
2537,40,3,1310.5,16.38,1.5,0.232,shopping,0
2538,8,8,369.7,4.62,1.5,0.455,leisure,1
2539,68,11,165.2,2.07,1.25,0.656,study,1
2540,10,11,1073.3,13.42,1.5,0.886,commute,0
2541,2,8,302.2,3.78,1.5,0.585,commute,1
2542,67,25,1369,17.11,1.5,0.535,commute,1
2543,76,2,555.6,6.94,0.75,0.397,leisure,1
2544,17,3,1711.3,21.39,1,0.432,commute,0
2545,17,3,1404.6,17.56,1,0.466,commute,1
2546,24,21,1653.9,20.67,1.25,0.853,commute,1
2547,26,14,363.7,4.55,1,0.5,commute,0
2548,58,26,1294.5,16.18,1.75,0.552,study,0
2549,14,25,1456.6,18.21,2,0.742,commute,0
2550,5,28,1421,17.76,1.75,0.783,leisure,0
2551,56,14,1048.8,13.11,1.5,0.517,commute,0
2552,2,8,496.4,6.21,1.25,0.554,leisure,0
2553,76,2,470.1,5.88,0.5,0.354,commute,1
2554,64,28,271,3.39,1.5,0.728,leisure,1
2555,50,25,1134.6,14.18,1,0.76,commute,0
2556,62,28,686.3,8.58,0.75,0.723,study,1
2557,63,11,403.8,5.05,1.25,0.727,commute,0
2558,62,28,775.5,9.69,0.5,0.681,study,1
2559,58,26,1390.9,17.39,1.25,0.757,study,0
2560,3,12,803.3,10.04,2,0.33,study,0
2561,64,28,291.9,3.65,0.5,0.823,study,1
2562,80,26,616.5,7.71,1,0.562,commute,1
2563,46,21,1192.4,14.9,1.75,0.98,study,1
2564,29,24,361.2,4.52,0.75,0.656,study,0
2565,56,14,1356.5,16.96,1.5,0.393,commute,0
2566,63,11,509.7,6.37,1.5,0.777,commute,1
2567,16,25,1122.3,14.03,1,0.98,commute,1
2568,76,2,526.9,6.59,1,0.559,study,0
2569,67,25,1161.9,14.52,1.25,0.73,commute,1
2570,24,21,2077.5,25.97,0.5,0.762,study,0
2571,62,28,922.3,11.53,2,0.642,leisure,0
2572,18,21,548,6.85,1.5,0.845,leisure,1
2573,14,25,1300.6,16.26,1.25,0.866,study,0
2574,41,26,1834.8,22.93,1.25,0.899,commute,0
2575,24,21,1925.4,24.07,1.25,0.869,commute,1
2576,64,28,383.3,4.79,0.5,0.783,commute,1
2577,8,8,376.9,4.71,0.75,0.585,commute,0
2578,28,30,253.9,3.17,1,0.394,commute,0
2579,29,24,476.7,5.96,1.25,0.676,commute,1
2580,19,17,383.8,4.8,1.5,0.651,study,1
2581,75,10,1729.9,21.62,0.75,0.687,commute,1
2582,79,28,785.9,9.82,1.25,0.722,leisure,0
2583,18,21,599.9,7.5,0.75,0.796,commute,1
2584,18,21,457.5,5.72,1.25,0.76,study,0
2585,36,13,1757.9,21.97,1.25,0.773,leisure,0
2586,36,13,1831.9,22.9,1.25,0.774,shopping,0
2587,74,11,512.7,6.41,0.5,0.766,commute,1
2588,66,17,2487.4,31.09,0.75,0.362,commute,0
2589,12,8,1556.4,19.46,1.75,0.683,leisure,0
2590,72,28,1240,15.5,0.75,0.716,shopping,1
2591,8,8,291.6,3.65,1,0.789,leisure,0
2592,58,26,1246.7,15.58,2,0.411,commute,0
2593,57,25,652.7,8.16,0.5,0.776,leisure,1
2594,16,25,1553,19.41,1.5,0.654,commute,0
2595,17,3,1774.4,22.18,1,0.353,shopping,0
2596,21,5,1499.1,18.74,1.75,0.812,leisure,1
2597,54,14,1315.1,16.44,0.5,0.407,commute,0
2598,79,28,762.5,9.53,1,0.939,commute,0
2599,43,28,2264.2,28.3,0.75,0.894,study,0
2600,27,21,1345.1,16.81,1.5,0.543,commute,0
2601,67,25,1504.9,18.81,1,0.88,study,1
2602,22,20,1174.3,14.68,1,0.29,leisure,0
2603,16,25,1330.3,16.63,1.25,0.929,shopping,0
2604,43,28,2820,35.25,1.5,0.687,shopping,1
2605,72,28,1308.9,16.36,1.25,0.65,commute,0
2606,63,11,396.4,4.95,0.75,0.653,study,1
2607,30,4,2203,27.54,0.5,0.445,study,0
2608,69,4,1409.1,17.61,1.75,0.455,study,0
2609,9,19,1027.2,12.84,1.25,0.781,study,0
2610,77,27,405.7,5.07,1.25,0.449,study,1
2611,4,5,1455.3,18.19,1,0.678,study,0
2612,46,21,1265.5,15.82,1,0.98,commute,0
2613,13,1,1340.2,16.75,0.5,0.833,leisure,1
2614,77,27,538.5,6.73,1.5,0.863,leisure,0
2615,58,26,1140.7,14.26,1.25,0.546,leisure,0
2616,76,2,521.6,6.52,1.25,0.472,commute,1
2617,67,25,1502.4,18.78,2,0.709,commute,0
2618,27,21,1524.9,19.06,0.5,0.718,shopping,0
2619,43,28,3140.7,39.26,1,0.653,commute,0
2620,35,8,523.1,6.54,1.75,0.651,leisure,0
2621,16,25,1569.1,19.61,1.25,0.78,study,1
2622,38,23,1659.5,20.74,0.5,0.606,study,0
2623,54,14,1294.4,16.18,1,0.376,shopping,0
2624,13,1,952.6,11.91,1.5,0.578,commute,0
2625,15,26,1538.7,19.23,1.25,0.695,commute,0
2626,71,19,1814,22.68,0.75,0.712,leisure,1
2627,67,25,1699.8,21.25,1,0.678,leisure,0
2628,24,21,1985.6,24.82,1,0.741,leisure,0
2629,8,8,594.4,7.43,1.5,0.569,commute,1
2630,22,20,1331.6,16.65,1.5,0.492,commute,0
2631,18,21,582.7,7.28,0.75,0.832,commute,1
2632,45,28,1079.7,13.5,0.5,0.741,leisure,0
2633,32,23,1191.1,14.89,1,0.834,study,0
2634,3,12,870.6,10.88,1.75,0.393,study,0
2635,47,19,2005.6,25.07,1,0.785,study,0
2636,31,12,749.1,9.36,1.25,0.701,shopping,0
2637,14,25,1406.1,17.58,2,0.743,commute,0
2638,36,13,1501.6,18.77,0.75,0.65,commute,0
2639,8,8,346.2,4.33,1.5,0.65,leisure,1
2640,17,3,1959,24.49,1,0.43,commute,0
2641,59,28,3113.6,38.92,0.75,0.691,leisure,0
2642,15,26,1794.9,22.44,1.5,0.496,commute,0
2643,68,11,191.7,2.4,0.5,0.914,shopping,1
2644,13,1,875.8,10.95,1.5,0.932,commute,1
2645,33,18,630.3,7.88,0.5,0.336,leisure,1
2646,77,27,573.6,7.17,0.5,0.685,commute,1
2647,12,8,1004.3,12.55,0.75,0.801,leisure,1
2648,77,27,539.2,6.74,1,0.741,study,0
2649,48,19,519.7,6.5,1.25,0.865,commute,1
2650,39,19,1172.3,14.65,0.5,0.98,commute,0
2651,10,11,1161.5,14.52,1.25,0.794,leisure,0
2652,63,11,369.7,4.62,0.75,0.927,leisure,0
2653,77,27,349.1,4.36,1,0.718,study,1
2654,46,21,1487.1,18.59,1,0.8,leisure,1
2655,48,19,538.7,6.73,0.5,0.781,leisure,1
2656,1,19,1849.7,23.12,1.25,0.546,commute,1
2657,58,26,1560,19.5,1.75,0.25,study,0
2658,51,15,684.6,8.56,1.5,0.695,study,0
2659,61,10,987.2,12.34,2,0.556,commute,1
2660,46,21,2194.6,27.43,1.5,0.859,shopping,0
2661,55,10,860.8,10.76,0.5,0.801,shopping,0
2662,46,21,2262.9,28.29,0.75,0.893,leisure,0
2663,32,23,656.3,8.2,0.75,0.831,leisure,1
2664,23,28,590.7,7.38,0.75,0.62,commute,0
2665,8,8,307.3,3.84,1.5,0.562,leisure,0
2666,42,19,1157,14.46,0.75,0.915,commute,0
2667,59,28,2969.8,37.12,0.75,0.783,leisure,0
2668,80,26,602.4,7.53,1.5,0.757,commute,1
2669,10,11,1221.5,15.27,1.5,0.646,study,0
2670,14,25,1808.1,22.6,1.25,0.614,commute,0
2671,27,21,1781.5,22.27,1.25,0.766,shopping,0
2672,52,2,623.6,7.79,1.25,0.515,commute,0
2673,50,25,2016.8,25.21,1.25,0.472,study,0
2674,6,28,2292.2,28.65,1.75,0.591,leisure,0
2675,52,2,424.9,5.31,1,0.532,study,0
2676,18,21,641.7,8.02,1,0.638,leisure,0
2677,67,25,1008.4,12.6,0.5,0.849,leisure,1
2678,67,25,1535.8,19.2,0.5,0.709,commute,0
2679,61,10,916.8,11.46,1.5,0.682,study,1
2680,9,19,874.5,10.93,1,0.726,study,1
2681,35,8,390.7,4.88,1,0.736,commute,1
2682,19,17,449,5.61,1.25,0.543,leisure,1
2683,63,11,274.8,3.43,1,0.84,commute,1
2684,21,5,1736,21.7,1.25,0.745,commute,0
2685,42,19,855.8,10.7,1,0.794,study,1
2686,14,25,1608.5,20.11,1.5,0.678,study,1
2687,50,25,1610.8,20.13,1.75,0.618,shopping,0
2688,74,11,468.3,5.85,1,0.66,commute,0
2689,77,27,555.5,6.94,0.75,0.85,shopping,0
2690,47,19,1812.3,22.65,1.25,0.795,commute,1
2691,8,8,317.5,3.97,1,0.743,study,1
2692,62,28,857.6,10.72,1.25,0.717,commute,0
2693,15,26,1210.2,15.13,1,0.536,study,0
2694,18,21,560.2,7,1.75,0.843,commute,0
2695,27,21,2351.5,29.39,0.75,0.613,leisure,0
2696,55,10,1202.9,15.04,1.25,0.451,shopping,1
2697,38,23,1639.8,20.5,1,0.745,study,1
2698,55,10,854.8,10.69,1.25,0.623,commute,1
2699,40,3,1406.5,17.58,1,0.422,commute,0
2700,51,15,537.9,6.72,0.75,0.692,study,1
2701,6,28,1432.9,17.91,1.75,0.71,commute,0
2702,6,28,1053.7,13.17,1.25,0.761,study,0
2703,72,28,1060.1,13.25,1.5,0.535,leisure,0
2704,40,3,2045.1,25.56,1.75,0.311,study,1
2705,45,28,924.4,11.55,1.75,0.767,leisure,0
2706,45,28,1482.6,18.53,1.75,0.826,study,0
2707,48,19,745.2,9.32,1.25,0.801,commute,0
2708,35,8,386.2,4.83,1,0.516,leisure,1
2709,51,15,845.1,10.56,1,0.774,commute,1
2710,28,30,295.8,3.7,1.25,0.345,commute,1
2711,38,23,1701.9,21.27,1.5,0.657,commute,0
2712,78,26,704.8,8.81,1,0.631,commute,1
2713,63,11,395.3,4.94,0.5,0.896,commute,0
2714,18,21,696.2,8.7,1.5,0.615,study,0
2715,7,26,358.2,4.48,0.5,0.658,commute,1
2716,67,25,1590.8,19.88,1.5,0.769,commute,1
2717,43,28,3320.9,41.51,0.5,0.877,leisure,0
2718,54,14,1991.6,24.9,1,0.485,study,1
2719,24,21,1676.6,20.96,1.75,0.558,leisure,0
2720,45,28,1194.1,14.93,1,0.714,leisure,0
2721,80,26,618.1,7.73,1.25,0.516,leisure,1
2722,18,21,726.2,9.08,1.75,0.74,study,1
2723,34,13,1575.9,19.7,1.25,0.594,leisure,0
2724,67,25,1011.4,12.64,1.25,0.919,commute,1
2725,46,21,1430.6,17.88,1.25,0.736,study,1
2726,22,20,1342.3,16.78,0.75,0.755,shopping,1
2727,79,28,727.2,9.09,1.25,0.809,leisure,0
2728,75,10,1161.1,14.51,1.25,0.632,commute,0
2729,36,13,1302.9,16.29,1.25,0.699,leisure,1
2730,64,28,316.5,3.96,1,0.728,commute,1
2731,3,12,437,5.46,1.25,0.493,leisure,1
2732,65,28,782.4,9.78,1,0.753,leisure,1
2733,16,25,1366.8,17.08,1.25,0.83,leisure,0
2734,1,19,1521.7,19.02,1.25,0.98,commute,0
2735,17,3,2026.3,25.33,0.75,0.498,commute,0
2736,54,14,1104.6,13.81,1.75,0.42,leisure,0
2737,24,21,2687,33.59,1,0.712,shopping,1
2738,17,3,2237.7,27.97,1.25,0.43,leisure,0
2739,47,19,2063.1,25.79,1.25,0.861,study,0
2740,27,21,1898.3,23.73,1,0.716,commute,0
2741,8,8,410.1,5.13,2,0.461,study,1
2742,28,30,249.7,3.12,0.5,0.38,commute,0
2743,29,24,303.1,3.79,0.75,0.768,commute,1
2744,14,25,1219.2,15.24,1.25,0.425,shopping,0
2745,23,28,948.5,11.86,1,0.725,commute,1
2746,31,12,487.5,6.09,1.25,0.525,commute,1
2747,62,28,964.5,12.06,1.75,0.597,study,0
2748,23,28,791.8,9.9,0.5,0.808,commute,1
2749,58,26,1652.9,20.66,1,0.738,commute,1
2750,48,19,701.5,8.77,2,0.892,study,1
2751,45,28,1751.2,21.89,0.5,0.815,commute,1
2752,67,25,1063.6,13.29,0.75,0.733,commute,1
2753,50,25,1218,15.23,1,0.764,commute,1
2754,15,26,1740,21.75,1,0.389,commute,0
2755,80,26,491.4,6.14,1.5,0.799,study,1
2756,38,23,1306.8,16.33,1.5,0.615,leisure,0
2757,40,3,1397.6,17.47,1,0.411,study,0
2758,46,21,1143.2,14.29,0.75,0.908,commute,1
2759,18,21,640.7,8.01,1.25,0.932,leisure,1
2760,78,26,740.7,9.26,1.75,0.608,commute,1
2761,31,12,572.3,7.15,1,0.437,commute,1
2762,50,25,1364.2,17.05,1.25,0.599,commute,1
2763,41,26,1252,15.65,1.5,0.726,commute,0
2764,8,8,463.3,5.79,1,0.658,shopping,1
2765,48,19,620.2,7.75,0.75,0.878,commute,0
2766,72,28,1576.2,19.7,1,0.804,shopping,0
2767,51,15,613.9,7.67,1.25,0.792,leisure,1
2768,40,3,1588.5,19.86,0.75,0.363,leisure,0
2769,13,1,671.3,8.39,0.5,0.696,shopping,1
2770,59,28,3691.2,46.14,0.5,0.667,leisure,0
2771,62,28,896.6,11.21,1,0.644,study,1
2772,35,8,195.6,2.45,1.75,0.622,commute,1
2773,4,5,1892.2,23.65,1.5,0.847,leisure,0
2774,10,11,1174.7,14.68,1.25,0.741,commute,1
2775,46,21,1753.9,21.92,1.25,0.787,study,0
2776,79,28,837.3,10.47,0.5,0.803,commute,0
2777,46,21,1243.2,15.54,1.25,0.944,commute,1
2778,24,21,1969.3,24.62,0.5,0.824,leisure,0
2779,50,25,1144.8,14.31,1,0.656,leisure,0
2780,38,23,1640.7,20.51,1.25,0.664,leisure,1
2781,48,19,456.6,5.71,0.5,0.704,commute,1
2782,42,19,1376.6,17.21,1,0.773,commute,0
2783,58,26,1487.4,18.59,1.5,0.469,study,0
2784,79,28,909,11.36,0.75,0.685,study,0
2785,28,30,319.1,3.99,1.5,0.44,leisure,1
2786,10,11,1082.7,13.53,1,0.787,study,0
2787,57,25,657.7,8.22,0.75,0.78,commute,0
2788,29,24,353.8,4.42,0.5,0.536,study,1
2789,40,3,1611.1,20.14,1.25,0.401,commute,0
2790,77,27,438.4,5.48,0.75,0.615,leisure,0
2791,67,25,1219.5,15.24,1.25,0.508,shopping,0
2792,32,23,874.8,10.94,1.75,0.728,commute,0
2793,19,17,421.2,5.27,1.75,0.138,commute,1
2794,21,5,2017.5,25.22,0.5,0.9,study,1
2795,57,25,721.6,9.02,1.25,0.866,commute,1
2796,77,27,417.6,5.22,1.25,0.748,commute,0
2797,14,25,1566.6,19.58,0.75,0.795,shopping,0
2798,18,21,530,6.62,1.25,0.673,shopping,1
2799,16,25,1662.4,20.78,1,0.674,commute,0
2800,35,8,387.8,4.85,1.25,0.34,commute,0
2801,65,28,760.2,9.5,1.5,0.648,commute,1
2802,77,27,352.7,4.41,1.5,0.755,commute,1
2803,63,11,473.7,5.92,0.5,0.673,shopping,1
2804,24,21,1519.1,18.99,1.75,0.822,study,0
2805,31,12,620.5,7.76,1,0.49,study,1
2806,44,5,1144.2,14.3,1,0.967,commute,1
2807,62,28,771.2,9.64,1.5,0.674,leisure,1
2808,59,28,3181.2,39.76,1,0.793,commute,0
2809,7,26,304.9,3.81,1.5,0.454,study,0
2810,68,11,213.1,2.66,1,0.948,leisure,1
2811,32,23,1073.1,13.41,0.75,0.826,leisure,0
2812,7,26,258.1,3.23,0.5,0.725,commute,1
2813,22,20,1123,14.04,1,0.573,commute,0
2814,72,28,1279.5,15.99,0.5,0.553,commute,1
2815,78,26,972,12.15,1.5,0.582,commute,1
2816,61,10,1106.3,13.83,1.5,0.727,commute,1
2817,74,11,519.4,6.49,1,0.443,commute,1
2818,31,12,514,6.43,0.5,0.565,leisure,1
2819,45,28,1100.3,13.75,1.75,0.519,commute,0
2820,15,26,1955.8,24.45,0.5,0.638,study,0
2821,54,14,1550.9,19.39,1.25,0.213,study,0
2822,27,21,2205.7,27.57,0.75,0.688,shopping,0
2823,58,26,1028.4,12.86,1,0.572,leisure,0
2824,56,14,1348.9,16.86,1.5,0.354,study,0
2825,65,28,539.5,6.74,1.25,0.838,commute,0
2826,20,4,450.1,5.63,0.75,0.51,study,1
2827,26,14,401,5.01,1.5,0.326,commute,0
2828,17,3,1951.7,24.4,1.5,0.238,commute,0
2829,58,26,957.7,11.97,1.5,0.731,leisure,1
2830,7,26,367.3,4.59,2,0.659,shopping,1
2831,13,1,1262.7,15.78,1.25,0.595,commute,0
2832,17,3,1233.5,15.42,2,0.293,leisure,0
2833,46,21,1231,15.39,1,0.603,study,0
2834,52,2,560.5,7.01,1.25,0.336,commute,1
2835,43,28,2420.6,30.26,1.25,0.75,study,0
2836,40,3,1305.3,16.32,2,0.584,commute,0
2837,35,8,314.8,3.94,1,0.607,leisure,1
2838,23,28,1149.2,14.36,1.25,0.826,commute,0
2839,43,28,3741.1,46.76,0.5,0.891,commute,0
2840,45,28,1594.9,19.94,1.5,0.809,study,0
2841,18,21,507.3,6.34,1,0.693,commute,0
2842,57,25,865.4,10.82,1.25,0.762,leisure,1
2843,25,10,1213.3,15.17,1.25,0.541,study,0
2844,3,12,757.7,9.47,0.75,0.549,study,0
2845,7,26,280.3,3.5,0.75,0.664,leisure,1
2846,14,25,1507.6,18.84,0.75,0.648,leisure,0
2847,23,28,1041.1,13.01,2,0.797,study,1
2848,58,26,1314,16.42,1.75,0.57,commute,0
2849,18,21,463.3,5.79,0.5,0.785,study,1
2850,40,3,1793.6,22.42,1,0.237,study,0
2851,2,8,315.8,3.95,2,0.66,study,0
2852,27,21,2104.1,26.3,1,0.666,shopping,0
2853,42,19,980.3,12.25,0.75,0.902,commute,1
2854,32,23,733.6,9.17,1.5,0.924,commute,1
2855,41,26,2642.7,33.03,1.75,0.406,commute,0
2856,36,13,1792.5,22.41,1,0.671,leisure,1
2857,29,24,345.5,4.32,1,0.633,commute,1
2858,63,11,302.7,3.78,1.25,0.91,study,0
2859,14,25,1711.8,21.4,1.75,0.356,leisure,0
2860,50,25,1581.5,19.77,0.5,0.678,leisure,0
2861,76,2,479.8,6,1.25,0.288,commute,1
2862,24,21,2284.2,28.55,1.25,0.744,leisure,1
2863,69,4,2046.7,25.58,1.25,0.514,shopping,0
2864,50,25,1179.1,14.74,0.5,0.644,commute,0
2865,55,10,916.7,11.46,0.75,0.657,commute,0
2866,43,28,2851.9,35.65,1,0.611,commute,0
2867,58,26,1485.5,18.57,1,0.426,commute,1
2868,52,2,584,7.3,1.5,0.303,study,0
2869,17,3,1786,22.32,0.5,0.272,leisure,0
2870,21,5,2034.1,25.43,1,0.861,commute,0
2871,27,21,1706.1,21.33,0.75,0.782,study,0
2872,78,26,778.4,9.73,1.25,0.481,commute,0
2873,67,25,1012.5,12.66,1.25,0.779,commute,1
2874,27,21,1940,24.25,1.5,0.68,commute,0
2875,13,1,1113.5,13.92,1.25,0.583,shopping,0
2876,20,4,348.7,4.36,0.75,0.756,leisure,0
2877,74,11,450.2,5.63,0.5,0.701,leisure,0
2878,77,27,471.5,5.89,0.5,0.653,study,1
2879,50,25,1690,21.12,1.5,0.721,shopping,0
2880,24,21,1629.6,20.37,0.75,0.439,study,0
2881,13,1,1186.2,14.83,1,0.723,commute,0
2882,23,28,906.4,11.33,1.75,0.876,leisure,0
2883,16,25,1019.6,12.75,2,0.554,commute,1
2884,67,25,1189.2,14.86,1.25,0.654,shopping,1
2885,80,26,811.8,10.15,1.75,0.736,study,1
2886,24,21,1660.5,20.76,1.5,0.766,commute,0
2887,54,14,1068.9,13.36,1,0.394,leisure,0
2888,66,17,1041.8,13.02,1.25,0.519,shopping,0
2889,2,8,375.4,4.69,1,0.97,commute,1
2890,31,12,685.8,8.57,2,0.384,commute,0
2891,67,25,1896.4,23.7,1.5,0.845,commute,0
2892,40,3,1712.5,21.41,1.25,0.501,study,1
2893,1,19,1813.1,22.66,1.25,0.98,study,1
2894,79,28,792.2,9.9,2,0.98,shopping,1
2895,68,11,221.9,2.77,0.5,0.753,study,1
2896,47,19,1682.7,21.03,0.75,0.663,commute,0
2897,27,21,2173.4,27.17,1,0.632,commute,0
2898,57,25,754.7,9.43,1.75,0.54,commute,0
2899,20,4,471.3,5.89,1.25,0.366,study,1
2900,46,21,1444.8,18.06,1,0.72,leisure,1
2901,58,26,954.8,11.93,1.75,0.606,leisure,1
2902,46,21,1697.7,21.22,2,0.885,commute,0
2903,1,19,1553.6,19.42,1.25,0.788,commute,0
2904,1,19,1841.1,23.01,1.5,0.902,study,0
2905,22,20,1147.3,14.34,1.25,0.44,study,0
2906,58,26,1244.2,15.55,1,0.666,commute,1
2907,52,2,406.3,5.08,2,0.443,study,1
2908,76,2,450.8,5.63,1,0.433,commute,0
2909,57,25,565,7.06,1.25,0.671,leisure,1
2910,65,28,535.5,6.69,0.75,0.508,leisure,1
2911,79,28,777,9.71,0.5,0.779,leisure,0
2912,27,21,2010.2,25.13,1.25,0.808,commute,0
2913,54,14,1560.3,19.5,0.75,0.273,leisure,0
2914,47,19,1916.9,23.96,1.5,0.714,leisure,0
2915,3,12,575.6,7.19,0.5,0.52,commute,0
2916,31,12,598.1,7.48,1.25,0.592,leisure,1
2917,45,28,1521.1,19.01,1.5,0.802,commute,0
2918,5,28,1643.8,20.55,0.75,0.828,shopping,0
2919,26,14,339.9,4.25,1.75,0.169,study,1
2920,77,27,585.3,7.32,0.5,0.564,commute,1
2921,56,14,1305.9,16.32,1.25,0.31,study,1
2922,41,26,2154.1,26.93,2,0.444,shopping,0
2923,63,11,416.2,5.2,1,0.582,study,1
2924,68,11,258.3,3.23,1,0.837,leisure,1
2925,38,23,1784.7,22.31,0.75,0.98,study,1
2926,59,28,2764.8,34.56,1,0.616,shopping,0
2927,10,11,827.5,10.34,0.5,0.762,leisure,1
2928,67,25,1399.8,17.5,2,0.519,leisure,0
2929,34,13,2073.4,25.92,0.75,0.704,study,0
2930,80,26,581.7,7.27,1.25,0.71,leisure,1
2931,14,25,1394.1,17.43,0.75,0.814,commute,0
2932,63,11,230.2,2.88,1.5,0.722,study,1
2933,22,20,1088.2,13.6,1.5,0.455,shopping,0
2934,50,25,1125.6,14.07,0.75,0.797,shopping,1
2935,34,13,1962.6,24.53,1.5,0.7,study,1
2936,8,8,413.6,5.17,1,0.693,commute,0
2937,38,23,1369.8,17.12,1,0.646,leisure,0
2938,52,2,561.6,7.02,1.25,0.638,shopping,0
2939,25,10,1233.1,15.41,1.25,0.476,leisure,1
2940,42,19,1407.3,17.59,0.5,0.77,commute,0
2941,50,25,1246.2,15.58,1,0.799,leisure,0
2942,77,27,366.9,4.59,1,0.847,commute,1
2943,3,12,482.5,6.03,1.25,0.345,commute,0
2944,38,23,1927.6,24.09,1.75,0.785,leisure,0
2945,24,21,1864.6,23.31,1.75,0.714,leisure,0
2946,14,25,1290,16.13,0.5,0.849,shopping,0
2947,33,18,724.1,9.05,0.5,0.453,commute,0
2948,27,21,2370.5,29.63,1,0.679,commute,0
2949,48,19,584.6,7.31,1.25,0.701,leisure,0
2950,23,28,842.6,10.53,0.75,0.571,leisure,1
2951,46,21,1376.5,17.21,1,0.609,commute,0
2952,14,25,1615.9,20.2,1.75,0.593,leisure,1
2953,20,4,361.3,4.52,1,0.433,study,1
2954,60,10,1592.6,19.91,0.75,0.493,commute,1
2955,36,13,1312.7,16.41,0.75,0.67,leisure,0
2956,12,8,1979.5,24.74,1,0.519,commute,0
2957,40,3,1458.3,18.23,0.75,0.428,leisure,0
2958,70,14,1723.5,21.54,0.75,0.448,commute,0
2959,79,28,587.7,7.35,0.5,0.837,commute,1
2960,14,25,1324.5,16.56,1.75,0.711,study,1
2961,6,28,1752,21.9,1,0.603,leisure,0
2962,2,8,433,5.41,1,0.896,study,0
2963,40,3,1557.2,19.47,1,0.484,shopping,0
2964,36,13,1118.2,13.98,1.25,0.546,leisure,0
2965,22,20,1536.7,19.21,0.75,0.478,shopping,0
2966,77,27,372.8,4.66,1.75,0.726,commute,0
2967,54,14,1492.3,18.65,1,0.354,commute,0
2968,66,17,912.8,11.41,0.5,0.242,study,1
2969,77,27,456.7,5.71,1,0.553,leisure,0
2970,4,5,1925,24.06,2,0.735,commute,0
2971,23,28,762.1,9.53,1.75,0.72,leisure,0
2972,46,21,1509.5,18.87,2,0.766,commute,1
2973,75,10,1824.5,22.81,1.5,0.769,shopping,1
2974,32,23,971.5,12.14,0.75,0.98,study,1
2975,59,28,2897.3,36.22,1.25,0.737,leisure,0
2976,17,3,2257,28.21,1,0.259,shopping,0
2977,77,27,385.9,4.82,0.5,0.881,commute,1
2978,8,8,356.2,4.45,0.5,0.658,commute,1
2979,1,19,2157.4,26.97,1,0.781,leisure,0
2980,57,25,586.4,7.33,0.75,0.807,study,1
2981,63,11,430.2,5.38,0.5,0.94,commute,0
2982,64,28,471.6,5.9,1.5,0.779,commute,1
2983,22,20,1297.6,16.22,0.75,0.557,leisure,0
2984,24,21,2675.2,33.44,0.5,0.766,leisure,0
2985,22,20,1229.6,15.37,1.25,0.322,study,0
2986,17,3,980.4,12.25,1.25,0.342,leisure,1
2987,76,2,455.1,5.69,1,0.7,commute,1
2988,73,23,2145.5,26.82,1.25,0.901,commute,0
2989,14,25,1093.9,13.67,1,0.678,shopping,0
2990,65,28,609.5,7.62,1,0.679,commute,1
2991,26,14,555,6.94,0.75,0.503,leisure,0
2992,34,13,1674.7,20.93,0.5,0.629,study,1
2993,35,8,456.2,5.7,1,0.624,leisure,1
2994,15,26,1276.9,15.96,1.25,0.652,commute,1
2995,13,1,987.1,12.34,1,0.636,shopping,0
2996,74,11,582.3,7.28,0.5,0.623,commute,0
2997,35,8,490.6,6.13,2,0.57,commute,1
2998,22,20,1365.3,17.07,1.5,0.469,commute,1
2999,52,2,690.4,8.63,0.5,0.579,commute,1
3000,36,13,1622.7,20.28,1.25,0.924,study,0